{
  "contract": "0x84815cf503c3f184c094aeb84e8ec5bc8407a1bf",
  "tool": "securify",
  "start": 1563583395.1707978,
  "end": 1563585197.5582926,
  "duration": 1802.387494802475,
  "analysis": {
    "0x84815cf503c3f184c094aeb84e8ec5bc8407a1bf": {
      "results": {
        "DAO": {
          "completed": true,
          "hasViolations": false,
          "hasWarnings": false,
          "hasSafe": false,
          "hasConflicts": false,
          "violations": [],
          "warnings": [],
          "safe": [],
          "conflicts": []
        },
        "DAOConstantGas": {
          "completed": true,
          "hasViolations": false,
          "hasWarnings": false,
          "hasSafe": true,
          "hasConflicts": false,
          "violations": [],
          "warnings": [],
          "safe": [
            1657,
            1308,
            1657,
            1308
          ],
          "conflicts": []
        },
        "MissingInputValidation": {
          "completed": true,
          "hasViolations": true,
          "hasWarnings": true,
          "hasSafe": true,
          "hasConflicts": false,
          "violations": [
            830,
            911,
            1038,
            1196,
            965,
            1046,
            1280,
            1641,
            1298,
            1409,
            2180,
            1490,
            1822,
            1840,
            2235,
            1060,
            1141,
            1512,
            1694,
            977,
            830,
            911,
            1038,
            1196,
            965,
            1046,
            1280,
            1641,
            1298,
            1409,
            2180,
            1490,
            1822,
            1840,
            2235,
            1060,
            1141,
            1512,
            1694,
            977
          ],
          "warnings": [
            1179,
            1624,
            2208,
            1667,
            1179,
            1624,
            2208,
            1667
          ],
          "safe": [
            707,
            1056,
            1223,
            1024,
            906,
            1041,
            842,
            1159,
            1501,
            1668,
            1173,
            1485,
            1715,
            2392,
            1603,
            2225,
            2262,
            2281,
            2230,
            1286,
            1140,
            2276,
            2043,
            1617,
            2166,
            1254,
            1653,
            1684,
            1268,
            937,
            1366,
            1530,
            1735,
            1689,
            1136,
            1721,
            1740,
            707,
            1056,
            1223,
            1024,
            906,
            1041,
            842,
            1159,
            1501,
            1668,
            1173,
            1485,
            1715,
            2392,
            1603,
            2225,
            2262,
            2281,
            2230,
            1286,
            1140,
            2276,
            2043,
            1617,
            2166,
            1254,
            1653,
            1684,
            1268,
            937,
            1366,
            1530,
            1735,
            1689,
            1136,
            1721,
            1740,
            1317
          ],
          "conflicts": []
        },
        "TODAmount": {
          "completed": true,
          "hasViolations": true,
          "hasWarnings": false,
          "hasSafe": false,
          "hasConflicts": false,
          "violations": [
            1657,
            1308,
            1657,
            1308
          ],
          "warnings": [],
          "safe": [],
          "conflicts": []
        },
        "TODReceiver": {
          "completed": true,
          "hasViolations": false,
          "hasWarnings": false,
          "hasSafe": true,
          "hasConflicts": false,
          "violations": [],
          "warnings": [],
          "safe": [
            1657,
            1308,
            1657,
            1308
          ],
          "conflicts": []
        },
        "TODTransfer": {
          "completed": true,
          "hasViolations": false,
          "hasWarnings": false,
          "hasSafe": true,
          "hasConflicts": false,
          "violations": [],
          "warnings": [],
          "safe": [
            1657,
            1308,
            1657,
            1308
          ],
          "conflicts": []
        },
        "UnhandledException": {
          "completed": true,
          "hasViolations": false,
          "hasWarnings": false,
          "hasSafe": true,
          "hasConflicts": false,
          "violations": [],
          "warnings": [],
          "safe": [
            1657,
            1308,
            1657,
            1308
          ],
          "conflicts": []
        },
        "UnrestrictedEtherFlow": {
          "completed": true,
          "hasViolations": false,
          "hasWarnings": true,
          "hasSafe": false,
          "hasConflicts": false,
          "violations": [],
          "warnings": [
            1657,
            1308,
            1657,
            1308
          ],
          "safe": [],
          "conflicts": []
        }
      }
    }
  }
}