{
  "contract": "0x6ba6f2207e343923ba692e5cae646fb0f566db8d",
  "tool": "securify",
  "start": 1563471044.048364,
  "end": 1563471493.72669,
  "duration": 449.67832612991333,
  "analysis": {
    "0x6ba6f2207e343923ba692e5cae646fb0f566db8d": {
      "results": {
        "DAO": {
          "completed": true,
          "hasViolations": false,
          "hasWarnings": false,
          "hasSafe": false,
          "hasConflicts": false,
          "violations": [],
          "warnings": [],
          "safe": [],
          "conflicts": []
        },
        "DAOConstantGas": {
          "completed": true,
          "hasViolations": false,
          "hasWarnings": false,
          "hasSafe": false,
          "hasConflicts": false,
          "violations": [],
          "warnings": [],
          "safe": [],
          "conflicts": []
        },
        "MissingInputValidation": {
          "completed": true,
          "hasViolations": true,
          "hasWarnings": true,
          "hasSafe": true,
          "hasConflicts": false,
          "violations": [
            1688,
            1688,
            2877,
            1688,
            2877,
            1688,
            2877,
            1688,
            2877,
            1688,
            2877,
            3313,
            1688,
            2877,
            3313,
            1688,
            2877,
            3313,
            1688,
            2877,
            3313,
            1688,
            2877,
            3313,
            2141,
            1688,
            2877,
            3313,
            2141,
            3099,
            1688,
            2877,
            3313,
            2141,
            3099,
            1688,
            2877,
            3313,
            2141,
            3099,
            3468
          ],
          "warnings": [
            1481,
            1481,
            1481,
            1481,
            1481
          ],
          "safe": [
            1867,
            1867,
            2867,
            1867,
            2867,
            3094,
            1867,
            2867,
            3094,
            1867,
            2867,
            3094,
            2872,
            1867,
            2867,
            3094,
            2872,
            2744,
            1867,
            2867,
            3094,
            2872,
            2744,
            1867,
            2867,
            3094,
            2872,
            2744,
            1867,
            2867,
            3094,
            2872,
            2744,
            1867,
            2867,
            3094,
            2872,
            2744,
            1358,
            1867,
            2867,
            3094,
            2872,
            2744,
            1358
          ],
          "conflicts": []
        },
        "TODAmount": {
          "completed": true,
          "hasViolations": false,
          "hasWarnings": false,
          "hasSafe": false,
          "hasConflicts": false,
          "violations": [],
          "warnings": [],
          "safe": [],
          "conflicts": []
        },
        "TODReceiver": {
          "completed": true,
          "hasViolations": false,
          "hasWarnings": false,
          "hasSafe": false,
          "hasConflicts": false,
          "violations": [],
          "warnings": [],
          "safe": [],
          "conflicts": []
        },
        "TODTransfer": {
          "completed": true,
          "hasViolations": false,
          "hasWarnings": false,
          "hasSafe": false,
          "hasConflicts": false,
          "violations": [],
          "warnings": [],
          "safe": [],
          "conflicts": []
        },
        "UnhandledException": {
          "completed": true,
          "hasViolations": false,
          "hasWarnings": false,
          "hasSafe": false,
          "hasConflicts": false,
          "violations": [],
          "warnings": [],
          "safe": [],
          "conflicts": []
        },
        "UnrestrictedEtherFlow": {
          "completed": true,
          "hasViolations": false,
          "hasWarnings": false,
          "hasSafe": false,
          "hasConflicts": false,
          "violations": [],
          "warnings": [],
          "safe": [],
          "conflicts": []
        }
      }
    }
  }
}