{
  "contract": "0xea07723857747ae8b92df3bca6a67fb85e586c6d",
  "tool": "securify",
  "start": 1563710371.4216776,
  "end": 1563711764.281548,
  "duration": 1392.8598704338074,
  "analysis": {
    "/unique_chucks/40/0xea07723857747ae8b92df3bca6a67fb85e586c6d.sol:PlayerBook": {
      "results": {
        "TODReceiver": {
          "violations": [],
          "warnings": [],
          "safe": [
            374,
            379,
            563,
            564,
            565,
            566
          ],
          "conflicts": []
        },
        "UnhandledException": {
          "violations": [],
          "warnings": [
            374,
            379,
            298,
            303,
            563,
            564,
            565,
            566,
            323,
            326
          ],
          "safe": [],
          "conflicts": []
        },
        "TODTransfer": {
          "violations": [],
          "warnings": [
            379
          ],
          "safe": [
            374,
            563,
            564,
            565,
            566
          ],
          "conflicts": []
        },
        "DAO": {
          "violations": [],
          "warnings": [
            379,
            563,
            564,
            565,
            566
          ],
          "safe": [],
          "conflicts": []
        },
        "TODAmount": {
          "violations": [
            374
          ],
          "warnings": [],
          "safe": [
            379,
            563,
            564,
            565,
            566
          ],
          "conflicts": []
        },
        "MissingInputValidation": {
          "violations": [
            28,
            23,
            30,
            32,
            512,
            25,
            416,
            430,
            408,
            569,
            31,
            29,
            24,
            553,
            423,
            444
          ],
          "warnings": [
            127,
            337,
            437,
            22,
            26,
            27,
            612,
            388,
            356,
            310
          ],
          "safe": [
            199,
            476,
            287,
            164,
            239
          ],
          "conflicts": []
        },
        "DAOConstantGas": {
          "violations": [],
          "warnings": [
            374
          ],
          "safe": [],
          "conflicts": []
        },
        "UnrestrictedEtherFlow": {
          "violations": [],
          "warnings": [
            298,
            303,
            323,
            326
          ],
          "safe": [
            374,
            379,
            563,
            564,
            565,
            566
          ],
          "conflicts": []
        }
      }
    },
    "/unique_chucks/40/0xea07723857747ae8b92df3bca6a67fb85e586c6d.sol:NameFilter": {
      "results": {
        "TODReceiver": {
          "violations": [],
          "warnings": [],
          "safe": [],
          "conflicts": []
        },
        "UnhandledException": {
          "violations": [],
          "warnings": [],
          "safe": [],
          "conflicts": []
        },
        "TODTransfer": {
          "violations": [],
          "warnings": [],
          "safe": [],
          "conflicts": []
        },
        "DAO": {
          "violations": [],
          "warnings": [],
          "safe": [],
          "conflicts": []
        },
        "TODAmount": {
          "violations": [],
          "warnings": [],
          "safe": [],
          "conflicts": []
        },
        "MissingInputValidation": {
          "violations": [],
          "warnings": [],
          "safe": [],
          "conflicts": []
        },
        "DAOConstantGas": {
          "violations": [],
          "warnings": [],
          "safe": [],
          "conflicts": []
        },
        "UnrestrictedEtherFlow": {
          "violations": [],
          "warnings": [],
          "safe": [],
          "conflicts": []
        }
      }
    },
    "/unique_chucks/40/0xea07723857747ae8b92df3bca6a67fb85e586c6d.sol:PlayerBookReceiverInterface": {
      "results": {
        "TODReceiver": {
          "violations": [],
          "warnings": [],
          "safe": [
            -1
          ],
          "conflicts": []
        },
        "UnhandledException": {
          "violations": [],
          "warnings": [
            -1
          ],
          "safe": [],
          "conflicts": []
        },
        "TODTransfer": {
          "violations": [],
          "warnings": [
            -1
          ],
          "safe": [
            -1
          ],
          "conflicts": []
        },
        "DAO": {
          "violations": [],
          "warnings": [
            -1
          ],
          "safe": [],
          "conflicts": []
        },
        "TODAmount": {
          "violations": [
            -1
          ],
          "warnings": [],
          "safe": [
            -1
          ],
          "conflicts": []
        },
        "MissingInputValidation": {
          "violations": [],
          "warnings": [],
          "safe": [],
          "conflicts": []
        },
        "DAOConstantGas": {
          "violations": [],
          "warnings": [
            -1
          ],
          "safe": [],
          "conflicts": []
        },
        "UnrestrictedEtherFlow": {
          "violations": [],
          "warnings": [
            -1
          ],
          "safe": [
            -1
          ],
          "conflicts": []
        }
      }
    },
    "/unique_chucks/40/0xea07723857747ae8b92df3bca6a67fb85e586c6d.sol:SafeMath": {
      "results": {
        "TODReceiver": {
          "violations": [],
          "warnings": [],
          "safe": [
            -1
          ],
          "conflicts": []
        },
        "UnhandledException": {
          "violations": [],
          "warnings": [
            -1
          ],
          "safe": [],
          "conflicts": []
        },
        "TODTransfer": {
          "violations": [],
          "warnings": [
            -1
          ],
          "safe": [
            -1
          ],
          "conflicts": []
        },
        "DAO": {
          "violations": [],
          "warnings": [
            -1
          ],
          "safe": [],
          "conflicts": []
        },
        "TODAmount": {
          "violations": [
            -1
          ],
          "warnings": [],
          "safe": [
            -1
          ],
          "conflicts": []
        },
        "MissingInputValidation": {
          "violations": [],
          "warnings": [],
          "safe": [],
          "conflicts": []
        },
        "DAOConstantGas": {
          "violations": [],
          "warnings": [
            -1
          ],
          "safe": [],
          "conflicts": []
        },
        "UnrestrictedEtherFlow": {
          "violations": [],
          "warnings": [
            -1
          ],
          "safe": [
            -1
          ],
          "conflicts": []
        }
      }
    }
  }
}