{
  "contract": "0x4eb3ce14fda3a874ecad0e9ad988258c827bae82",
  "tool": "securify",
  "start": 1563637991.436857,
  "end": 1563638556.1950445,
  "duration": 564.7581875324249,
  "analysis": {
    "/unique_chucks/25/0x4eb3ce14fda3a874ecad0e9ad988258c827bae82.sol:DepositBank": {
      "results": {
        "TODReceiver": {
          "violations": [],
          "warnings": [
            62,
            105,
            137,
            213,
            58,
            48,
            161,
            68
          ],
          "safe": [],
          "conflicts": []
        },
        "UnhandledException": {
          "violations": [
            84,
            77
          ],
          "warnings": [
            62,
            105,
            137,
            213,
            58,
            48,
            161,
            68
          ],
          "safe": [],
          "conflicts": []
        },
        "TODTransfer": {
          "violations": [
            213
          ],
          "warnings": [
            62,
            105,
            137,
            58,
            48,
            161,
            68
          ],
          "safe": [],
          "conflicts": []
        },
        "DAO": {
          "violations": [],
          "warnings": [],
          "safe": [],
          "conflicts": []
        },
        "TODAmount": {
          "violations": [
            105,
            48
          ],
          "warnings": [
            62,
            137,
            213,
            58,
            68
          ],
          "safe": [
            161
          ],
          "conflicts": []
        },
        "MissingInputValidation": {
          "violations": [
            137,
            183,
            0,
            105,
            206,
            52,
            16,
            72,
            62,
            103
          ],
          "warnings": [
            88,
            16,
            206,
            169,
            92,
            222,
            144,
            42,
            153,
            119,
            130,
            84,
            8,
            190,
            198,
            90,
            86,
            25
          ],
          "safe": [],
          "conflicts": []
        },
        "DAOConstantGas": {
          "violations": [
            213
          ],
          "warnings": [
            62,
            105,
            137,
            58,
            48,
            161,
            68
          ],
          "safe": [],
          "conflicts": []
        },
        "UnrestrictedEtherFlow": {
          "violations": [],
          "warnings": [
            84,
            62,
            105,
            137,
            213,
            58,
            48,
            77,
            68
          ],
          "safe": [
            161
          ],
          "conflicts": []
        }
      }
    },
    "/unique_chucks/25/0x4eb3ce14fda3a874ecad0e9ad988258c827bae82.sol:Base": {
      "results": {
        "TODReceiver": {
          "violations": [],
          "warnings": [
            68,
            48,
            58
          ],
          "safe": [],
          "conflicts": []
        },
        "UnhandledException": {
          "violations": [
            77
          ],
          "warnings": [
            68,
            48,
            58
          ],
          "safe": [],
          "conflicts": []
        },
        "TODTransfer": {
          "violations": [],
          "warnings": [
            68,
            48,
            58
          ],
          "safe": [],
          "conflicts": []
        },
        "DAO": {
          "violations": [],
          "warnings": [],
          "safe": [],
          "conflicts": []
        },
        "TODAmount": {
          "violations": [
            48
          ],
          "warnings": [
            68,
            58
          ],
          "safe": [],
          "conflicts": []
        },
        "MissingInputValidation": {
          "violations": [
            72,
            62,
            16,
            52
          ],
          "warnings": [
            42,
            25,
            8
          ],
          "safe": [],
          "conflicts": []
        },
        "DAOConstantGas": {
          "violations": [],
          "warnings": [
            68,
            48,
            58
          ],
          "safe": [],
          "conflicts": []
        },
        "UnrestrictedEtherFlow": {
          "violations": [],
          "warnings": [
            77,
            68,
            48,
            58
          ],
          "safe": [],
          "conflicts": []
        }
      }
    }
  }
}