{
  "contract": "0xf7a6e15dfd5cdd9ef12711bd757a9b6021abf643",
  "tool": "securify",
  "start": 1563478655.4677677,
  "end": 1563480457.3659067,
  "duration": 1801.898138999939,
  "analysis": {
    "0xf7a6e15dfd5cdd9ef12711bd757a9b6021abf643": {
      "results": {
        "DAO": {
          "completed": true,
          "hasViolations": false,
          "hasWarnings": false,
          "hasSafe": false,
          "hasConflicts": false,
          "violations": [],
          "warnings": [],
          "safe": [],
          "conflicts": []
        },
        "DAOConstantGas": {
          "completed": true,
          "hasViolations": false,
          "hasWarnings": false,
          "hasSafe": true,
          "hasConflicts": false,
          "violations": [],
          "warnings": [],
          "safe": [
            5757,
            5757,
            5757,
            5757,
            5757,
            5757,
            5757,
            5757,
            5757,
            5757,
            5757,
            5757
          ],
          "conflicts": []
        },
        "MissingInputValidation": {
          "completed": true,
          "hasViolations": true,
          "hasWarnings": false,
          "hasSafe": true,
          "hasConflicts": false,
          "violations": [
            854,
            1463,
            1074,
            1388,
            854,
            1463,
            1074,
            1388,
            854,
            1463,
            1074,
            1388,
            854,
            1463,
            1074,
            1388,
            854,
            1463,
            1074,
            1388,
            854,
            1463,
            1074,
            1388,
            854,
            1463,
            1074,
            1388,
            854,
            1463,
            1074,
            1388,
            854,
            1463,
            1074,
            1388,
            854,
            1463,
            1074,
            1388,
            1541,
            854,
            1463,
            1074,
            1388,
            1541
          ],
          "warnings": [],
          "safe": [
            663,
            359,
            584,
            649,
            517,
            373,
            387,
            452,
            775,
            1007,
            1316,
            1486,
            826,
            1428,
            840,
            1097,
            1283,
            1297,
            1500,
            812,
            942,
            1162,
            877,
            1311,
            663,
            359,
            584,
            649,
            517,
            373,
            387,
            452,
            775,
            1007,
            1316,
            1486,
            826,
            1428,
            840,
            1097,
            1283,
            1297,
            1500,
            812,
            942,
            1162,
            877,
            1311,
            1596,
            663,
            359,
            584,
            649,
            517,
            373,
            387,
            452,
            775,
            1007,
            1316,
            1486,
            826,
            1428,
            840,
            1097,
            1283,
            1297,
            1500,
            812,
            942,
            1162,
            877,
            1311,
            1596,
            1900,
            663,
            359,
            584,
            649,
            517,
            373,
            387,
            452,
            775,
            1007,
            1316,
            1486,
            826,
            1428,
            840,
            1097,
            1283,
            1297,
            1500,
            812,
            942,
            1162,
            877,
            1311,
            1596,
            1900,
            2510,
            663,
            359,
            584,
            649,
            517,
            373,
            387,
            452,
            775,
            1007,
            1316,
            1486,
            826,
            1428,
            840,
            1097,
            1283,
            1297,
            1500,
            812,
            942,
            1162,
            877,
            1311,
            1596,
            1900,
            2510,
            1905,
            663,
            359,
            584,
            649,
            517,
            373,
            387,
            452,
            775,
            1007,
            1316,
            1486,
            826,
            1428,
            840,
            1097,
            1283,
            1297,
            1500,
            812,
            942,
            1162,
            877,
            1311,
            1596,
            1900,
            2510,
            1905,
            2793,
            663,
            359,
            584,
            649,
            517,
            373,
            387,
            452,
            775,
            1007,
            1316,
            1486,
            826,
            1428,
            840,
            1097,
            1283,
            1297,
            1500,
            812,
            942,
            1162,
            877,
            1311,
            1596,
            1900,
            2510,
            1905,
            2793,
            3273,
            663,
            359,
            584,
            649,
            517,
            373,
            387,
            452,
            775,
            1007,
            1316,
            1486,
            826,
            1428,
            840,
            1097,
            1283,
            1297,
            1500,
            812,
            942,
            1162,
            877,
            1311,
            1596,
            1900,
            2510,
            1905,
            2793,
            3273,
            1411,
            663,
            359,
            584,
            649,
            517,
            373,
            387,
            452,
            775,
            1007,
            1316,
            1486,
            826,
            1428,
            840,
            1097,
            1283,
            1297,
            1500,
            812,
            942,
            1162,
            877,
            1311,
            1596,
            1900,
            2510,
            1905,
            2793,
            3273,
            1411,
            2278,
            663,
            359,
            584,
            649,
            517,
            373,
            387,
            452,
            775,
            1007,
            1316,
            1486,
            826,
            1428,
            840,
            1097,
            1283,
            1297,
            1500,
            812,
            942,
            1162,
            877,
            1311,
            1596,
            1900,
            2510,
            1905,
            2793,
            3273,
            1411,
            2278,
            663,
            359,
            584,
            649,
            517,
            373,
            387,
            452,
            775,
            1007,
            1316,
            1486,
            826,
            1428,
            840,
            1097,
            1283,
            1297,
            1500,
            812,
            942,
            1162,
            877,
            1311,
            1596,
            1900,
            2510,
            1905,
            2793,
            3273,
            1411,
            2278,
            1872
          ],
          "conflicts": []
        },
        "TODAmount": {
          "completed": true,
          "hasViolations": true,
          "hasWarnings": false,
          "hasSafe": false,
          "hasConflicts": false,