{
  "contract": "0x89ac2485449303a67dac802631d5cea8cb2c856c",
  "tool": "securify",
  "start": 1563336893.7438312,
  "end": 1563338241.534609,
  "duration": 1347.7907779216766,
  "analysis": {
    "/unique_contracts/0x89ac2485449303a67dac802631d5cea8cb2c856c.sol:OpportySale": {
      "results": {
        "TODReceiver": {
          "violations": [],
          "warnings": [
            822,
            1042,
            999
          ],
          "safe": [
            260,
            1016
          ],
          "conflicts": []
        },
        "UnhandledException": {
          "violations": [],
          "warnings": [
            784,
            865,
            1106,
            260,
            1050,
            822,
            1105,
            1064,
            1042,
            1116,
            999,
            1016,
            789,
            942
          ],
          "safe": [],
          "conflicts": []
        },
        "TODTransfer": {
          "violations": [],
          "warnings": [
            1016
          ],
          "safe": [],
          "conflicts": [
            260,
            822,
            1042,
            999
          ]
        },
        "DAO": {
          "violations": [],
          "warnings": [],
          "safe": [],
          "conflicts": []
        },
        "TODAmount": {
          "violations": [
            260,
            1042
          ],
          "warnings": [],
          "safe": [
            822,
            999,
            1016
          ],
          "conflicts": []
        },
        "MissingInputValidation": {
          "violations": [],
          "warnings": [],
          "safe": [],
          "conflicts": []
        },
        "DAOConstantGas": {
          "violations": [],
          "warnings": [
            260,
            822,
            1042,
            999
          ],
          "safe": [
            1016
          ],
          "conflicts": []
        },
        "UnrestrictedEtherFlow": {
          "violations": [],
          "warnings": [
            784,
            865,
            1106,
            260,
            1050,
            1105,
            1064,
            1042,
            1116,
            789,
            942
          ],
          "safe": [
            822,
            999,
            1016
          ],
          "conflicts": []
        }
      }
    },
    "/unique_contracts/0x89ac2485449303a67dac802631d5cea8cb2c856c.sol:OpportySaleBonus": {
      "results": {
        "TODReceiver": {
          "violations": [],
          "warnings": [
            652,
            -1
          ],
          "safe": [
            -1
          ],
          "conflicts": []
        },
        "UnhandledException": {
          "violations": [],
          "warnings": [
            228,
            -1,
            652,
            209
          ],
          "safe": [],
          "conflicts": []
        },
        "TODTransfer": {
          "violations": [],
          "warnings": [
            -1
          ],
          "safe": [],
          "conflicts": [
            -1,
            652
          ]
        },
        "DAO": {
          "violations": [],
          "warnings": [],
          "safe": [],
          "conflicts": []
        },
        "TODAmount": {
          "violations": [
            -1
          ],
          "warnings": [],
          "safe": [
            652,
            -1
          ],
          "conflicts": []
        },
        "MissingInputValidation": {
          "violations": [],
          "warnings": [],
          "safe": [],
          "conflicts": []
        },
        "DAOConstantGas": {
          "violations": [],
          "warnings": [
            -1,
            652
          ],
          "safe": [
            -1
          ],
          "conflicts": []
        },
        "UnrestrictedEtherFlow": {
          "violations": [],
          "warnings": [
            228,
            -1,
            209
          ],
          "safe": [
            652,
            -1
          ],
          "conflicts": []
        }
      }
    },
    "/unique_contracts/0x89ac2485449303a67dac802631d5cea8cb2c856c.sol:HoldPresaleContract": {
      "results": {
        "TODReceiver": {
          "violations": [],
          "warnings": [],
          "safe": [],
          "conflicts": []
        },
        "UnhandledException": {
          "violations": [],
          "warnings": [
            347,
            355
          ],
          "safe": [],
          "conflicts": []
        },
        "TODTransfer": {
          "violations": [],
          "warnings": [],
          "safe": [],
          "conflicts": []
        },
        "DAO": {
          "violations": [],
          "warnings": [],
          "safe": [],
          "conflicts": []
        },
        "TODAmount": {
          "violations": [],
          "warnings": [],
          "safe": [],
          "conflicts": []
        },
        "MissingInputValidation": {
          "violations": [],
          "warnings": [],
          "safe": [],
          "conflicts": []
        },
        "DAOConstantGas": {
          "violations": [],
          "warnings": [],
          "safe": [],
          "conflicts": []
        },
        "UnrestrictedEtherFlow": {
          "violations": [],
          "warnings": [
            347,
            355
          ],
          "safe": [],
          "conflicts": []
        }
      }
    },
    "/unique_contracts/0x89ac2485449303a67dac802631d5cea8cb2c856c.sol:OpportyToken": {
      "results": {
        "TODReceiver": {
          "violations": [],
          "warnings": [
            2,
            -1
          ],
          "safe": [
            -1
          ],
          "conflicts": []
        },
        "UnhandledException": {
          "violations": [],
          "warnings": [
            58,
            159,
            -1,
            2
          ],
          "safe": [],
          "conflicts": []
        },
        "TODTransfer": {
          "violations": [],
          "warnings": [
            -1
          ],
          "safe": [],
          "conflicts": [
            -1,
            2
          ]
        },
        "DAO": {
          "violations": [],
          "warnings": [],
          "safe": [],
          "conflicts": []
        },
        "TODAmount": {
          "violations": [
            -1
          ],
          "warnings": [],
          "safe": [
            2,
            -1
          ],
          "conflicts": []
        },
        "MissingInputValidation": {
          "violations": [],
          "warnings": [],
          "safe": [],
          "conflicts": []
        },
        "DAOConstantGas": {
          "violations": [],
          "warnings": [
            -1,
            2
          ],
          "safe": [
            -1
          ],
          "conflicts": []
        },
        "UnrestrictedEtherFlow": {
          "violations": [],
          "warnings": [
            58,
            159,
            -1
          ],
          "safe": [
            2,
            -1
          ],
          "conflicts": []
        }
      }
    },
    "/unique_contracts/0x89ac2485449303a67dac802631d5cea8cb2c856c.sol:BasicToken": {
      "results": {
        "TODReceiver": {
          "violations": [],
          "warnings": [],
          "safe": [],
          "conflicts": []
        },
        "UnhandledException": {
          "violations": [],
          "warnings": [],
          "safe": [],
          "conflicts": []
        },
        "TODTransfer": {
          "violations": [],
          "warnings": [],
          "safe": [],
          "conflicts": []
        },
        "DAO": {
          "violations": [],
          "warnings": [],
          "safe": [],
          "conflicts": []
        },
        "TODAmount": {
          "violations": [],
          "warnings": [],
          "safe": [],
          "conflicts": []
        },
        "MissingInputValidation": {
          "violations": [],
          "warnings": [],