{
  "contract": "0x37444febd7e3dba3e96f05dc851143ffec8b20b6",
  "tool": "securify",
  "start": 1563415890.3847632,
  "end": 1563417691.7384977,
  "duration": 1801.3537344932556,
  "analysis": {
    "0x37444febd7e3dba3e96f05dc851143ffec8b20b6": {
      "results": {
        "DAO": {
          "completed": true,
          "hasViolations": false,
          "hasWarnings": false,
          "hasSafe": false,
          "hasConflicts": false,
          "violations": [],
          "warnings": [],
          "safe": [],
          "conflicts": []
        },
        "DAOConstantGas": {
          "completed": true,
          "hasViolations": false,
          "hasWarnings": false,
          "hasSafe": true,
          "hasConflicts": false,
          "violations": [],
          "warnings": [],
          "safe": [
            2678,
            2678,
            2678
          ],
          "conflicts": []
        },
        "MissingInputValidation": {
          "completed": true,
          "hasViolations": true,
          "hasWarnings": true,
          "hasSafe": true,
          "hasConflicts": false,
          "violations": [
            2392,
            1847,
            1865,
            1553,
            2802,
            2700,
            1389,
            2369,
            1989,
            2600,
            1608,
            1368,
            2392,
            1847,
            1865,
            1553,
            2802,
            2700,
            1389,
            2369,
            1989,
            2600,
            1608,
            1368,
            2392,
            1847,
            1865,
            1553,
            2802,
            2700,
            1389,
            2369,
            1989,
            2600,
            1608,
            1368
          ],
          "warnings": [
            2358,
            2627,
            2358,
            2627,
            2358,
            2627
          ],
          "safe": [
            2851,
            1603,
            1721,
            1735,
            2192,
            2197,
            2211,
            2334,
            1842,
            1430,
            2851,
            1603,
            1721,
            1735,
            2192,
            2197,
            2211,
            2334,
            1842,
            1430,
            1129,
            2851,
            1603,
            1721,
            1735,
            2192,
            2197,
            2211,
            2334,
            1842,
            1430,
            1129,
            1261
          ],
          "conflicts": []
        },
        "TODAmount": {
          "completed": true,
          "hasViolations": false,
          "hasWarnings": true,
          "hasSafe": false,
          "hasConflicts": false,
          "violations": [],
          "warnings": [
            2678,
            2678,
            2678
          ],
          "safe": [],
          "conflicts": []
        },
        "TODReceiver": {
          "completed": true,
          "hasViolations": false,
          "hasWarnings": false,
          "hasSafe": true,
          "hasConflicts": false,
          "violations": [],
          "warnings": [],
          "safe": [
            2678,
            2678,
            2678
          ],
          "conflicts": []
        },
        "TODTransfer": {
          "completed": true,
          "hasViolations": false,
          "hasWarnings": false,
          "hasSafe": true,
          "hasConflicts": false,
          "violations": [],
          "warnings": [],
          "safe": [
            2678,
            2678,
            2678
          ],
          "conflicts": []
        },
        "UnhandledException": {
          "completed": true,
          "hasViolations": false,
          "hasWarnings": false,
          "hasSafe": true,
          "hasConflicts": false,
          "violations": [],
          "warnings": [],
          "safe": [
            2568,
            2678,
            2568,
            2678,
            2568,
            2678
          ],
          "conflicts": []
        },
        "UnrestrictedEtherFlow": {
          "completed": true,
          "hasViolations": false,
          "hasWarnings": true,
          "hasSafe": true,
          "hasConflicts": false,
          "violations": [],
          "warnings": [
            2678,
            2678,
            2678
          ],
          "safe": [
            2568,
            2568,
            2568
          ],
          "conflicts": []
        }
      }
    }
  }
}