{
  "contract": "0xd42c50dedae71f7ad62e7792e83d7736637689d9",
  "tool": "securify",
  "start": 1563409251.741113,
  "end": 1563411053.2451174,
  "duration": 1801.5040044784546,
  "analysis": {
    "0xd42c50dedae71f7ad62e7792e83d7736637689d9": {
      "results": {
        "DAO": {
          "completed": true,
          "hasViolations": false,
          "hasWarnings": false,
          "hasSafe": false,
          "hasConflicts": false,
          "violations": [],
          "warnings": [],
          "safe": [],
          "conflicts": []
        },
        "DAOConstantGas": {
          "completed": true,
          "hasViolations": false,
          "hasWarnings": false,
          "hasSafe": true,
          "hasConflicts": false,
          "violations": [],
          "warnings": [],
          "safe": [
            3642,
            3642,
            3642,
            3642,
            3642,
            3642,
            3642,
            3642,
            3642,
            3642,
            3642,
            3642,
            3642,
            3642,
            3642,
            3642,
            3642,
            3642,
            3642,
            3642,
            3642,
            3642,
            3642,
            3642,
            3642,
            4015,
            3642,
            4015,
            3642,
            4015,
            3642,
            4015
          ],
          "conflicts": []
        },
        "MissingInputValidation": {
          "completed": true,
          "hasViolations": true,
          "hasWarnings": true,
          "hasSafe": true,
          "hasConflicts": false,
          "violations": [
            4777,
            4777,
            4777,
            4777,
            2496,
            4777,
            2496,
            4777,
            2496,
            4777,
            2496,
            4545,
            4777,
            2496,
            4545,
            4777,
            2496,
            4545,
            4054,
            4777,
            2496,
            4545,
            4054,
            4777,
            2496,
            4545,
            4054,
            4777,
            2496,
            4545,
            4054,
            4777,
            2496,
            4545,
            4054,
            3698,
            4777,
            2496,
            4545,
            4054,
            3698,
            4777,
            2496,
            4545,
            4054,
            3698,
            4777,
            2496,
            4545,
            4054,
            3698,
            4815,
            4777,
            2496,
            4545,
            4054,
            3698,
            4815,
            4335,
            4777,
            2496,
            4545,
            4054,
            3698,
            4815,
            4335,
            2088,
            4777,
            2496,
            4545,
            4054,
            3698,
            4815,
            4335,
            2088,
            4777,
            2496,
            4545,
            4054,
            3698,
            4815,
            4335,
            2088,
            4777,
            2496,
            4545,
            4054,
            3698,
            4815,
            4335,
            2088,
            4777,
            2496,
            4545,
            4054,
            3698,
            4815,
            4335,
            2088,
            4777,
            2496,
            4545,
            4054,
            3698,
            4815,
            4335,
            2088,
            2632,
            4777,
            2496,
            4545,
            4054,
            3698,
            4815,
            4335,
            2088,
            2632,
            4517,
            4777,
            2496,
            4545,
            4054,
            3698,
            4815,
            4335,
            2088,
            2632,
            4517,
            4777,
            2496,
            4545,
            4054,
            3698,
            4815,
            4335,
            2088,
            2632,
            4517,
            2600,
            4777,
            2496,
            4545,
            4054,
            3698,
            4815,
            4335,
            2088,
            2632,
            4517,
            2600,
            2548,
            4777,
            2496,
            4545,
            4054,
            3698,
            4815,
            4335,
            2088,
            2632,
            4517,
            2600,
            2548,
            2577,
            4777,
            2496,
            4545,
            4054,
            3698,
            4815,
            4335,
            2088,
            2632,
            4517,
            2600,
            2548,
            2577,
            4777,
            2496,
            4545,
            4054,
            3698,
            4815,
            4335,
            2088,
            2632,
            4517,
            2600,
            2548,
            2577,
            4777,
            2496,
            4545,
            4054,
            3698,
            4815,
            4335,
            2088,
            2632,
            4517,
            2600,
            2548,
            2577,
            2269,
            4777,
            2496,
            4545,
            4054,
            3698,
            4815,
            4335,
            2088,
            2632,
            4517,
            2600,
            2548,
            2577,
            2269
          ],
          "warnings": [
            3308,
            3308,
            3308,
            3308,
            3308,
            3308,
            3308,
            3308,
            3308,
            3308,
            2696,
            3308,
            2696,
            3308,
            2696,
            3308,
            2696,
            3308,
            2696,
            3308,
            2696,
            3308,
            2696,
            3308,
            2696,
            3308,
            2696,
            2138,
            3308,
            2696,
            2138,
            3308,
            2696,
            2138,
            3308,
            2696,
            2138,
            3308,
            2696,
            2138,
            3308,
            2696,
            2138,
            3308,
            2696,
            2138,
            3308,
            2696,
            2138,
            3308,
            2696,
            2138,
            3308,
            2696,
            2138,
            3308,
            2696,
            2138
          ],