{
  "contract": "0xbd4ab8b9c26c4888e2792cac6d5793efea9ebb20",
  "tool": "securify",
  "start": 1563578102.1668084,
  "end": 1563578543.9099045,
  "duration": 441.74309611320496,
  "analysis": {
    "0xbd4ab8b9c26c4888e2792cac6d5793efea9ebb20": {
      "results": {
        "DAO": {
          "completed": true,
          "hasViolations": false,
          "hasWarnings": false,
          "hasSafe": false,
          "hasConflicts": false,
          "violations": [],
          "warnings": [],
          "safe": [],
          "conflicts": []
        },
        "DAOConstantGas": {
          "completed": true,
          "hasViolations": false,
          "hasWarnings": false,
          "hasSafe": true,
          "hasConflicts": false,
          "violations": [],
          "warnings": [],
          "safe": [
            1616,
            1616,
            1616
          ],
          "conflicts": []
        },
        "MissingInputValidation": {
          "completed": true,
          "hasViolations": true,
          "hasWarnings": false,
          "hasSafe": true,
          "hasConflicts": false,
          "violations": [
            1558,
            2227,
            2254,
            2019,
            2356,
            1186,
            1638,
            1793,
            1241,
            1996,
            119,
            1558,
            2227,
            2254,
            2019,
            2356,
            1186,
            1638,
            1793,
            1241,
            1996,
            119,
            944,
            1558,
            2227,
            2254,
            2019,
            2356,
            1186,
            1638,
            1793,
            1241,
            1996,
            119,
            944,
            1281
          ],
          "warnings": [],
          "safe": [
            1236,
            1670,
            1544,
            1063,
            1656,
            105,
            1267,
            1236,
            1670,
            1544,
            1063,
            1656,
            105,
            1267,
            1236,
            1670,
            1544,
            1063,
            1656,
            105,
            1267
          ],
          "conflicts": []
        },
        "TODAmount": {
          "completed": true,
          "hasViolations": false,
          "hasWarnings": false,
          "hasSafe": true,
          "hasConflicts": false,
          "violations": [],
          "warnings": [],
          "safe": [
            1616,
            1616,
            1616
          ],
          "conflicts": []
        },
        "TODReceiver": {
          "completed": true,
          "hasViolations": true,
          "hasWarnings": false,
          "hasSafe": false,
          "hasConflicts": false,
          "violations": [
            1616,
            1616,
            1616
          ],
          "warnings": [],
          "safe": [],
          "conflicts": []
        },
        "TODTransfer": {
          "completed": true,
          "hasViolations": true,
          "hasWarnings": false,
          "hasSafe": false,
          "hasConflicts": false,
          "violations": [
            1616,
            1616,
            1616
          ],
          "warnings": [],
          "safe": [],
          "conflicts": []
        },
        "UnhandledException": {
          "completed": true,
          "hasViolations": false,
          "hasWarnings": false,
          "hasSafe": true,
          "hasConflicts": false,
          "violations": [],
          "warnings": [],
          "safe": [
            1616,
            2195,
            1616,
            2195,
            1616,
            2195
          ],
          "conflicts": []
        },
        "UnrestrictedEtherFlow": {
          "completed": true,
          "hasViolations": false,
          "hasWarnings": false,
          "hasSafe": true,
          "hasConflicts": false,
          "violations": [],
          "warnings": [],
          "safe": [
            1616,
            2195,
            1616,
            2195,
            1616,
            2195
          ],
          "conflicts": []
        }
      }
    }
  }
}