{
  "contract": "0x9a291353201da3a0b9b6b2e67eb589ed1a05e32b",
  "tool": "securify",
  "start": 1563475634.4221287,
  "end": 1563476103.2317502,
  "duration": 468.8096215724945,
  "analysis": {
    "0x9a291353201da3a0b9b6b2e67eb589ed1a05e32b": {
      "results": {
        "DAO": {
          "completed": true,
          "hasViolations": false,
          "hasWarnings": false,
          "hasSafe": false,
          "hasConflicts": false,
          "violations": [],
          "warnings": [],
          "safe": [],
          "conflicts": []
        },
        "DAOConstantGas": {
          "completed": true,
          "hasViolations": false,
          "hasWarnings": false,
          "hasSafe": false,
          "hasConflicts": false,
          "violations": [],
          "warnings": [],
          "safe": [],
          "conflicts": []
        },
        "MissingInputValidation": {
          "completed": true,
          "hasViolations": true,
          "hasWarnings": false,
          "hasSafe": true,
          "hasConflicts": false,
          "violations": [
            1179,
            1549,
            2085,
            1098,
            1838,
            1699,
            500,
            1179,
            1549,
            2085,
            1098,
            1838,
            1699,
            500,
            1179,
            1549,
            2085,
            1098,
            1838,
            1699,
            500,
            419,
            1179,
            1549,
            2085,
            1098,
            1838,
            1699,
            500,
            419,
            899,
            1179,
            1549,
            2085,
            1098,
            1838,
            1699,
            500,
            419,
            899,
            760
          ],
          "warnings": [],
          "safe": [
            1426,
            1412,
            975,
            1174,
            1576,
            1426,
            1412,
            975,
            1174,
            1576,
            495,
            1426,
            1412,
            975,
            1174,
            1576,
            495,
            1426,
            1412,
            975,
            1174,
            1576,
            495,
            1426,
            1412,
            975,
            1174,
            1576,
            495
          ],
          "conflicts": []
        },
        "TODAmount": {
          "completed": true,
          "hasViolations": false,
          "hasWarnings": false,
          "hasSafe": false,
          "hasConflicts": false,
          "violations": [],
          "warnings": [],
          "safe": [],
          "conflicts": []
        },
        "TODReceiver": {
          "completed": true,
          "hasViolations": false,
          "hasWarnings": false,
          "hasSafe": false,
          "hasConflicts": false,
          "violations": [],
          "warnings": [],
          "safe": [],
          "conflicts": []
        },
        "TODTransfer": {
          "completed": true,
          "hasViolations": false,
          "hasWarnings": false,
          "hasSafe": false,
          "hasConflicts": false,
          "violations": [],
          "warnings": [],
          "safe": [],
          "conflicts": []
        },
        "UnhandledException": {
          "completed": true,
          "hasViolations": false,
          "hasWarnings": false,
          "hasSafe": true,
          "hasConflicts": false,
          "violations": [],
          "warnings": [],
          "safe": [
            2063,
            2063,
            2063,
            2063,
            2063
          ],
          "conflicts": []
        },
        "UnrestrictedEtherFlow": {
          "completed": true,
          "hasViolations": false,
          "hasWarnings": false,
          "hasSafe": true,
          "hasConflicts": false,
          "violations": [],
          "warnings": [],
          "safe": [
            2063,
            2063,
            2063,
            2063,
            2063
          ],
          "conflicts": []
        }
      }
    }
  }
}