{
  "contract": "0x68b245a78dfdd1de5f4b1f247c18431acadeb707",
  "tool": "securify",
  "start": 1563570375.5623698,
  "end": 1563570697.1832616,
  "duration": 321.6208918094635,
  "analysis": {
    "0x68b245a78dfdd1de5f4b1f247c18431acadeb707": {
      "results": {
        "DAO": {
          "completed": true,
          "hasViolations": false,
          "hasWarnings": false,
          "hasSafe": false,
          "hasConflicts": false,
          "violations": [],
          "warnings": [],
          "safe": [],
          "conflicts": []
        },
        "DAOConstantGas": {
          "completed": true,
          "hasViolations": false,
          "hasWarnings": false,
          "hasSafe": false,
          "hasConflicts": false,
          "violations": [],
          "warnings": [],
          "safe": [],
          "conflicts": []
        },
        "MissingInputValidation": {
          "completed": true,
          "hasViolations": true,
          "hasWarnings": true,
          "hasSafe": true,
          "hasConflicts": false,
          "violations": [
            1405,
            1405,
            1405,
            1968,
            1405,
            1968,
            1405,
            1968,
            1405,
            1968,
            1405,
            1968,
            1405,
            1968,
            1079,
            1405,
            1968,
            1079,
            1405,
            1968,
            1079,
            1134,
            1405,
            1968,
            1079,
            1134,
            1760
          ],
          "warnings": [
            1749,
            1749,
            1749
          ],
          "safe": [
            1284,
            1284,
            1284,
            1129,
            1284,
            1129,
            1626,
            1284,
            1129,
            1626,
            1298,
            1284,
            1129,
            1626,
            1298,
            1995,
            1284,
            1129,
            1626,
            1298,
            1995,
            1284,
            1129,
            1626,
            1298,
            1995,
            1284,
            1129,
            1626,
            1298,
            1995,
            1284,
            1129,
            1626,
            1298,
            1995
          ],
          "conflicts": []
        },
        "TODAmount": {
          "completed": true,
          "hasViolations": false,
          "hasWarnings": false,
          "hasSafe": false,
          "hasConflicts": false,
          "violations": [],
          "warnings": [],
          "safe": [],
          "conflicts": []
        },
        "TODReceiver": {
          "completed": true,
          "hasViolations": false,
          "hasWarnings": false,
          "hasSafe": false,
          "hasConflicts": false,
          "violations": [],
          "warnings": [],
          "safe": [],
          "conflicts": []
        },
        "TODTransfer": {
          "completed": true,
          "hasViolations": false,
          "hasWarnings": false,
          "hasSafe": false,
          "hasConflicts": false,
          "violations": [],
          "warnings": [],
          "safe": [],
          "conflicts": []
        },
        "UnhandledException": {
          "completed": true,
          "hasViolations": false,
          "hasWarnings": false,
          "hasSafe": true,
          "hasConflicts": false,
          "violations": [],
          "warnings": [],
          "safe": [
            1936
          ],
          "conflicts": []
        },
        "UnrestrictedEtherFlow": {
          "completed": true,
          "hasViolations": false,
          "hasWarnings": false,
          "hasSafe": true,
          "hasConflicts": false,
          "violations": [],
          "warnings": [],
          "safe": [
            1936
          ],
          "conflicts": []
        }
      }
    }
  }
}