{
  "contract": "0x210dcac3683d620925140a71a8c36f91c7ba8cf9",
  "tool": "securify",
  "start": 1563683927.5697844,
  "end": 1563685730.7157276,
  "duration": 1803.1459431648254,
  "analysis": {
    "0x210dcac3683d620925140a71a8c36f91c7ba8cf9": {
      "results": {
        "DAO": {
          "completed": true,
          "hasViolations": false,
          "hasWarnings": false,
          "hasSafe": true,
          "hasConflicts": false,
          "violations": [],
          "warnings": [],
          "safe": [
            2835,
            2372,
            2835,
            2835,
            2372,
            2835,
            2835,
            2372,
            2835,
            2835,
            2372,
            2835,
            2835,
            2372,
            2835,
            2835,
            2372,
            2835,
            2835,
            2372,
            2835,
            2835,
            2372,
            2835,
            2835,
            2372,
            2835,
            2835,
            2372,
            2835
          ],
          "conflicts": []
        },
        "DAOConstantGas": {
          "completed": true,
          "hasViolations": false,
          "hasWarnings": false,
          "hasSafe": false,
          "hasConflicts": false,
          "violations": [],
          "warnings": [],
          "safe": [],
          "conflicts": []
        },
        "MissingInputValidation": {
          "completed": true,
          "hasViolations": true,
          "hasWarnings": true,
          "hasSafe": true,
          "hasConflicts": false,
          "violations": [
            2398,
            1684,
            1711,
            2097,
            1456,
            1375,
            129,
            168,
            2398,
            1684,
            1711,
            2097,
            1456,
            1375,
            129,
            168,
            1210,
            2398,
            1684,
            1711,
            2097,
            1456,
            1375,
            129,
            168,
            1210,
            798,
            2398,
            1684,
            1711,
            2097,
            1456,
            1375,
            129,
            168,
            1210,
            798,
            1072,
            2398,
            1684,
            1711,
            2097,
            1456,
            1375,
            129,
            168,
            1210,
            798,
            1072,
            1322,
            2398,
            1684,
            1711,
            2097,
            1456,
            1375,
            129,
            168,
            1210,
            798,
            1072,
            1322,
            762,
            2398,
            1684,
            1711,
            2097,
            1456,
            1375,
            129,
            168,
            1210,
            798,
            1072,
            1322,
            762,
            2398,
            1684,
            1711,
            2097,
            1456,
            1375,
            129,
            168,
            1210,
            798,
            1072,
            1322,
            762,
            1187,
            2398,
            1684,
            1711,
            2097,
            1456,
            1375,
            129,
            168,
            1210,
            798,
            1072,
            1322,
            762,
            1187,
            2398,
            1684,
            1711,
            2097,
            1456,
            1375,
            129,
            168,
            1210,
            798,
            1072,
            1322,
            762,
            1187
          ],
          "warnings": [
            2037,
            2142,
            2057,
            2037,
            2142,
            2057,
            2037,
            2142,
            2057,
            2037,
            2142,
            2057,
            2037,
            2142,
            2057,
            2037,
            2142,
            2057,
            2037,
            2142,
            2057,
            2037,
            2142,
            2057,
            2037,
            2142,
            2057,
            2037,
            2142,
            2057
          ],
          "safe": [
            1252,
            1577,
            2654,
            2671,
            1451,
            1914,
            2462,
            1572,
            167,
            910,
            1252,
            1577,
            2654,
            2671,
            1451,
            1914,
            2462,
            1572,
            167,
            910,
            1252,
            1577,
            2654,
            2671,
            1451,
            1914,
            2462,
            1572,
            167,
            910,
            1252,
            1577,
            2654,
            2671,
            1451,
            1914,
            2462,
            1572,
            167,
            910,
            1252,
            1577,
            2654,
            2671,
            1451,
            1914,
            2462,
            1572,
            167,
            910,
            1252,
            1577,
            2654,
            2671,
            1451,
            1914,
            2462,
            1572,
            167,
            910,
            1252,
            1577,
            2654,
            2671,
            1451,
            1914,
            2462,
            1572,
            167,
            910,
            1173,
            1252,
            1577,
            2654,
            2671,
            1451,
            1914,
            2462,
            1572,
            167,
            910,
            1173,
            1252,
            1577,
            2654,
            2671,
            1451,
            1914,
            2462,
            1572,
            167,
            910,
            1173,
            1345,
            1252,
            1577,
            2654,
            2671,
            1451,
            1914,
            2462,
            1572,
            167,
            910,
            1173,
            1345,
            608
          ],
          "conflicts": []
        },
        "TODAmount": {
          "completed": true,
          "hasViolations": false,
          "hasWarnings": true,
          "hasSafe": false,
          "hasConflicts": false,
          "violations": [],
          "warnings": [
            2835,
            2372,
            2835,
            2835,
            2372,
            2835,
            2835,
            2372,
            2835,
            2835,
            2372,
            2835,
            2835,
            2372,
            2835,
            2835,
            2372,
            2835,
            2835,
            2372,
            2835,
            2835,
            2372,
            2835,
            2835,
            2372,
            2835,
            2835,
            2372,
            2835
          ],
          "safe": [],
          "conflicts": []
        },
        "TODReceiver": {
          "completed": true,
          "hasViolations": false,
          "hasWarnings": true,
          "hasSafe": false,
          "hasConflicts": false,
          "violations": [],
          "warnings": [
            2835,
            2372,
            2835,
            2835,
            2372,
            2835,
            2835,
            2372,
            2835,
            2835,
            2372,
            2835,
            2835,
            2372,
            2835,
            2835,
            2372,
            2835,
            2835,
            2372,
            2835,
            2835,
            2372,
            2835,
            2835,
            2372,
            2835,
            2835,
            2372,
            2835
          ],
          "safe": [],
          "conflicts": []
        },