{
  "contract": "0x1ca4f9d261707af8a856020a4909b777da218868",
  "tool": "securify",
  "start": 1563787629.8523498,
  "end": 1563789432.6174886,
  "duration": 1802.7651388645172,
  "analysis": {
    "0x1ca4f9d261707af8a856020a4909b777da218868": {
      "results": {
        "DAO": {
          "completed": true,
          "hasViolations": false,
          "hasWarnings": false,
          "hasSafe": false,
          "hasConflicts": false,
          "violations": [],
          "warnings": [],
          "safe": [],
          "conflicts": []
        },
        "DAOConstantGas": {
          "completed": true,
          "hasViolations": false,
          "hasWarnings": false,
          "hasSafe": true,
          "hasConflicts": false,
          "violations": [],
          "warnings": [],
          "safe": [
            1365,
            1420,
            1365,
            1420,
            1365,
            1420,
            1365,
            1420
          ],
          "conflicts": []
        },
        "MissingInputValidation": {
          "completed": true,
          "hasViolations": true,
          "hasWarnings": true,
          "hasSafe": false,
          "hasConflicts": false,
          "violations": [
            554,
            1137,
            976,
            554,
            1137,
            976,
            410,
            554,
            1137,
            976,
            410,
            554,
            1137,
            976,
            410
          ],
          "warnings": [
            770,
            588,
            1475,
            827,
            832,
            770,
            588,
            1475,
            827,
            832,
            770,
            588,
            1475,
            827,
            832,
            444,
            770,
            588,
            1475,
            827,
            832,
            444,
            626
          ],
          "safe": [],
          "conflicts": []
        },
        "TODAmount": {
          "completed": true,
          "hasViolations": false,
          "hasWarnings": false,
          "hasSafe": true,
          "hasConflicts": false,
          "violations": [],
          "warnings": [],
          "safe": [
            1365,
            1420,
            1365,
            1420,
            1365,
            1420,
            1365,
            1420
          ],
          "conflicts": []
        },
        "TODReceiver": {
          "completed": true,
          "hasViolations": false,
          "hasWarnings": false,
          "hasSafe": true,
          "hasConflicts": false,
          "violations": [],
          "warnings": [],
          "safe": [
            1365,
            1420,
            1365,
            1420,
            1365,
            1420,
            1365,
            1420
          ],
          "conflicts": []
        },
        "TODTransfer": {
          "completed": true,
          "hasViolations": false,
          "hasWarnings": true,
          "hasSafe": true,
          "hasConflicts": false,
          "violations": [],
          "warnings": [
            1365,
            1365,
            1365,
            1365
          ],
          "safe": [
            1420,
            1420,
            1420,
            1420
          ],
          "conflicts": []
        },
        "UnhandledException": {
          "completed": true,
          "hasViolations": false,
          "hasWarnings": false,
          "hasSafe": true,
          "hasConflicts": false,
          "violations": [],
          "warnings": [],
          "safe": [
            1319,
            1365,
            1115,
            5177,
            6910,
            933,
            1374,
            1420,
            2468,
            3888,
            3553,
            2348,
            1813,
            4869,
            3974,
            1319,
            1365,
            1115,
            5177,
            6910,
            933,
            1374,
            1420,
            2468,
            3888,
            3553,
            2348,
            1813,
            4869,
            3974,
            1319,
            1365,
            1115,
            5177,
            6910,
            933,
            1374,
            1420,
            2468,
            3888,
            3553,
            2348,
            1813,
            4869,
            3974,
            1319,
            1365,
            1115,
            5177,
            6910,
            933,
            1374,
            1420,
            2468,
            3888,
            3553,
            2348,
            1813,
            4869,
            3974
          ],
          "conflicts": []
        },
        "UnrestrictedEtherFlow": {
          "completed": true,
          "hasViolations": false,
          "hasWarnings": true,
          "hasSafe": true,
          "hasConflicts": false,
          "violations": [],
          "warnings": [
            1365,
            1420,
            1365,
            1420,
            1365,
            1420,
            1365,
            1420
          ],
          "safe": [
            1319,
            1115,
            5177,
            6910,
            933,
            1374,
            2468,
            3888,
            3553,
            2348,
            1813,
            4869,
            3974,
            1319,
            1115,
            5177,
            6910,
            933,
            1374,
            2468,
            3888,
            3553,
            2348,
            1813,
            4869,
            3974,
            1319,
            1115,
            5177,
            6910,
            933,
            1374,
            2468,
            3888,
            3553,
            2348,
            1813,
            4869,
            3974,
            1319,
            1115,
            5177,
            6910,
            933,
            1374,
            2468,
            3888,
            3553,
            2348,
            1813,
            4869,
            3974
          ],
          "conflicts": []
        }
      }
    }
  }
}