{
  "contract": "0xd9a2fce62e8a6d45b20b906aa2fb2de3f607c88a",
  "tool": "securify",
  "start": 1563578361.3831544,
  "end": 1563579850.265125,
  "duration": 1488.8819706439972,
  "analysis": {
    "0xd9a2fce62e8a6d45b20b906aa2fb2de3f607c88a": {
      "results": {
        "DAO": {
          "completed": true,
          "hasViolations": false,
          "hasWarnings": false,
          "hasSafe": false,
          "hasConflicts": false,
          "violations": [],
          "warnings": [],
          "safe": [],
          "conflicts": []
        },
        "DAOConstantGas": {
          "completed": true,
          "hasViolations": false,
          "hasWarnings": false,
          "hasSafe": true,
          "hasConflicts": false,
          "violations": [],
          "warnings": [],
          "safe": [
            209,
            636,
            209,
            636,
            209,
            636,
            209,
            636,
            209,
            636
          ],
          "conflicts": []
        },
        "MissingInputValidation": {
          "completed": true,
          "hasViolations": true,
          "hasWarnings": false,
          "hasSafe": true,
          "hasConflicts": false,
          "violations": [
            845,
            647,
            311,
            845,
            647,
            311,
            845,
            647,
            311,
            845,
            647,
            311,
            845,
            647,
            311
          ],
          "warnings": [],
          "safe": [
            532,
            670,
            684,
            409,
            698,
            168,
            283,
            297,
            260,
            274,
            148,
            148,
            222,
            134,
            105,
            119,
            266,
            532,
            670,
            684,
            409,
            698,
            168,
            283,
            297,
            260,
            274,
            148,
            148,
            222,
            134,
            105,
            119,
            266,
            372,
            532,
            670,
            684,
            409,
            698,
            168,
            283,
            297,
            260,
            274,
            148,
            148,
            222,
            134,
            105,
            119,
            266,
            372,
            358,
            532,
            670,
            684,
            409,
            698,
            168,
            283,
            297,
            260,
            274,
            148,
            148,
            222,
            134,
            105,
            119,
            266,
            372,
            358,
            189,
            532,
            670,
            684,
            409,
            698,
            168,
            283,
            297,
            260,
            274,
            148,
            148,
            222,
            134,
            105,
            119,
            266,
            372,
            358,
            189,
            280
          ],
          "conflicts": []
        },
        "TODAmount": {
          "completed": true,
          "hasViolations": true,
          "hasWarnings": false,
          "hasSafe": false,
          "hasConflicts": false,
          "violations": [
            209,
            636,
            209,
            636,
            209,
            636,
            209,
            636,
            209,
            636
          ],
          "warnings": [],
          "safe": [],
          "conflicts": []
        },
        "TODReceiver": {
          "completed": true,
          "hasViolations": true,
          "hasWarnings": false,
          "hasSafe": false,
          "hasConflicts": false,
          "violations": [
            209,
            636,
            209,
            636,
            209,
            636,
            209,
            636,
            209,
            636
          ],
          "warnings": [],
          "safe": [],
          "conflicts": []
        },
        "TODTransfer": {
          "completed": true,
          "hasViolations": true,
          "hasWarnings": false,
          "hasSafe": false,
          "hasConflicts": true,
          "violations": [
            209,
            209,
            209,
            209,
            209
          ],
          "warnings": [],
          "safe": [],
          "conflicts": [
            636,
            636,
            636,
            636,
            636
          ]
        },
        "UnhandledException": {
          "completed": true,
          "hasViolations": false,
          "hasWarnings": false,
          "hasSafe": true,
          "hasConflicts": false,
          "violations": [],
          "warnings": [],
          "safe": [
            226,
            239,
            209,
            300,
            636,
            372,
            540,
            226,
            239,
            209,
            300,
            636,
            372,
            540,
            226,
            239,
            209,
            300,
            636,
            372,
            540,
            226,
            239,
            209,
            300,
            636,
            372,
            540,
            226,
            239,
            209,
            300,
            636,
            372,
            540
          ],
          "conflicts": []
        },
        "UnrestrictedEtherFlow": {
          "completed": true,
          "hasViolations": false,
          "hasWarnings": false,
          "hasSafe": true,
          "hasConflicts": false,
          "violations": [],
          "warnings": [],
          "safe": [
            226,
            239,
            209,
            300,
            636,
            372,
            540,
            226,
            239,
            209,
            300,
            636,
            372,
            540,
            226,
            239,
            209,
            300,
            636,
            372,
            540,
            226,
            239,
            209,
            300,
            636,
            372,
            540,
            226,
            239,
            209,
            300,
            636,
            372,
            540
          ],
          "conflicts": []
        }
      }
    }
  }
}