{
  "contract": "0xa9877b1e05d035899131dbd1e403825166d09f92",
  "tool": "securify",
  "start": 1563555045.2134817,
  "end": 1563555319.2259274,
  "duration": 274.0124456882477,
  "analysis": {
    "0xa9877b1e05d035899131dbd1e403825166d09f92": {
      "results": {
        "DAO": {
          "completed": true,
          "hasViolations": false,
          "hasWarnings": false,
          "hasSafe": false,
          "hasConflicts": false,
          "violations": [],
          "warnings": [],
          "safe": [],
          "conflicts": []
        },
        "DAOConstantGas": {
          "completed": true,
          "hasViolations": false,
          "hasWarnings": false,
          "hasSafe": false,
          "hasConflicts": false,
          "violations": [],
          "warnings": [],
          "safe": [],
          "conflicts": []
        },
        "MissingInputValidation": {
          "completed": true,
          "hasViolations": true,
          "hasWarnings": false,
          "hasSafe": true,
          "hasConflicts": false,
          "violations": [
            1931,
            1931,
            1931,
            1931,
            1931,
            1931,
            1931,
            1931,
            2063,
            1931,
            2063,
            1837,
            1931,
            2063,
            1837,
            1931,
            2063,
            1837,
            2525,
            1931,
            2063,
            1837,
            2525,
            1931,
            2063,
            1837,
            2525,
            1931,
            2063,
            1837,
            2525,
            1931,
            2063,
            1837,
            2525,
            1931,
            2063,
            1837,
            2525,
            2594,
            1931,
            2063,
            1837,
            2525,
            2594
          ],
          "warnings": [],
          "safe": [
            2570,
            2570,
            2570,
            2044,
            2570,
            2044,
            1575,
            2570,
            2044,
            1575,
            2392,
            2570,
            2044,
            1575,
            2392,
            2153,
            2570,
            2044,
            1575,
            2392,
            2153,
            1913,
            2570,
            2044,
            1575,
            2392,
            2153,
            1913,
            1926,
            2570,
            2044,
            1575,
            2392,
            2153,
            1913,
            1926,
            2570,
            2044,
            1575,
            2392,
            2153,
            1913,
            1926,
            2570,
            2044,
            1575,
            2392,
            2153,
            1913,
            1926,
            2387,
            2570,
            2044,
            1575,
            2392,
            2153,
            1913,
            1926,
            2387,
            2570,
            2044,
            1575,
            2392,
            2153,
            1913,
            1926,
            2387,
            2139,
            2570,
            2044,
            1575,
            2392,
            2153,
            1913,
            1926,
            2387,
            2139,
            1918,
            2570,
            2044,
            1575,
            2392,
            2153,
            1913,
            1926,
            2387,
            2139,
            1918,
            2058,
            2570,
            2044,
            1575,
            2392,
            2153,
            1913,
            1926,
            2387,
            2139,
            1918,
            2058,
            2643,
            2570,
            2044,
            1575,
            2392,
            2153,
            1913,
            1926,
            2387,
            2139,
            1918,
            2058,
            2643,
            2570,
            2044,
            1575,
            2392,
            2153,
            1913,
            1926,
            2387,
            2139,
            1918,
            2058,
            2643,
            1714
          ],
          "conflicts": []
        },
        "TODAmount": {
          "completed": true,
          "hasViolations": false,
          "hasWarnings": false,
          "hasSafe": false,
          "hasConflicts": false,
          "violations": [],
          "warnings": [],
          "safe": [],
          "conflicts": []
        },
        "TODReceiver": {
          "completed": true,
          "hasViolations": false,
          "hasWarnings": false,
          "hasSafe": false,
          "hasConflicts": false,
          "violations": [],
          "warnings": [],
          "safe": [],
          "conflicts": []
        },
        "TODTransfer": {
          "completed": true,
          "hasViolations": false,
          "hasWarnings": false,
          "hasSafe": false,
          "hasConflicts": false,
          "violations": [],
          "warnings": [],
          "safe": [],
          "conflicts": []
        },
        "UnhandledException": {
          "completed": true,
          "hasViolations": false,
          "hasWarnings": false,
          "hasSafe": false,
          "hasConflicts": false,
          "violations": [],
          "warnings": [],
          "safe": [],
          "conflicts": []
        },
        "UnrestrictedEtherFlow": {
          "completed": true,
          "hasViolations": false,
          "hasWarnings": false,
          "hasSafe": false,
          "hasConflicts": false,
          "violations": [],
          "warnings": [],
          "safe": [],
          "conflicts": []
        }
      }
    }
  }
}