{
  "contract": "0xbf70ef6279dafb7db5166ea17fc14ce28e670402",
  "tool": "securify",
  "start": 1563578945.473247,
  "end": 1563579372.4595482,
  "duration": 426.98630118370056,
  "analysis": {
    "0xbf70ef6279dafb7db5166ea17fc14ce28e670402": {
      "results": {
        "DAO": {
          "completed": true,
          "hasViolations": false,
          "hasWarnings": false,
          "hasSafe": false,
          "hasConflicts": false,
          "violations": [],
          "warnings": [],
          "safe": [],
          "conflicts": []
        },
        "DAOConstantGas": {
          "completed": true,
          "hasViolations": false,
          "hasWarnings": false,
          "hasSafe": false,
          "hasConflicts": false,
          "violations": [],
          "warnings": [],
          "safe": [],
          "conflicts": []
        },
        "MissingInputValidation": {
          "completed": true,
          "hasViolations": true,
          "hasWarnings": false,
          "hasSafe": true,
          "hasConflicts": false,
          "violations": [
            2080,
            2080,
            2080,
            1455,
            2080,
            1455,
            2219
          ],
          "warnings": [],
          "safe": [
            1332,
            1332,
            1952,
            1332,
            1952,
            1957,
            1332,
            1952,
            1957,
            1531,
            1332,
            1952,
            1957,
            1531,
            1536,
            1332,
            1952,
            1957,
            1531,
            1536,
            1797,
            1332,
            1952,
            1957,
            1531,
            1536,
            1797,
            1332,
            1952,
            1957,
            1531,
            1536,
            1797,
            1783,
            1332,
            1952,
            1957,
            1531,
            1536,
            1797,
            1783,
            1332,
            1952,
            1957,
            1531,
            1536,
            1797,
            1783
          ],
          "conflicts": []
        },
        "TODAmount": {
          "completed": true,
          "hasViolations": false,
          "hasWarnings": false,
          "hasSafe": false,
          "hasConflicts": false,
          "violations": [],
          "warnings": [],
          "safe": [],
          "conflicts": []
        },
        "TODReceiver": {
          "completed": true,
          "hasViolations": false,
          "hasWarnings": false,
          "hasSafe": false,
          "hasConflicts": false,
          "violations": [],
          "warnings": [],
          "safe": [],
          "conflicts": []
        },
        "TODTransfer": {
          "completed": true,
          "hasViolations": false,
          "hasWarnings": false,
          "hasSafe": false,
          "hasConflicts": false,
          "violations": [],
          "warnings": [],
          "safe": [],
          "conflicts": []
        },
        "UnhandledException": {
          "completed": true,
          "hasViolations": false,
          "hasWarnings": false,
          "hasSafe": true,
          "hasConflicts": false,
          "violations": [],
          "warnings": [],
          "safe": [
            2444
          ],
          "conflicts": []
        },
        "UnrestrictedEtherFlow": {
          "completed": true,
          "hasViolations": false,
          "hasWarnings": false,
          "hasSafe": true,
          "hasConflicts": false,
          "violations": [],
          "warnings": [],
          "safe": [
            2444
          ],
          "conflicts": []
        }
      }
    }
  }
}