{
  "contract": "0x6950f78b185bc8822cbe8c21d515b7f2d718fe2a",
  "tool": "securify",
  "start": 1563641670.7412362,
  "end": 1563643473.2298663,
  "duration": 1802.4886300563812,
  "analysis": {
    "0x6950f78b185bc8822cbe8c21d515b7f2d718fe2a": {
      "results": {
        "DAO": {
          "completed": true,
          "hasViolations": false,
          "hasWarnings": false,
          "hasSafe": true,
          "hasConflicts": false,
          "violations": [],
          "warnings": [],
          "safe": [
            1858,
            1858,
            4519,
            4519,
            3336,
            1678,
            1678,
            1858,
            1858,
            4519,
            4519,
            3336,
            1678,
            1678,
            1858,
            1858,
            4519,
            4519,
            3336,
            1678,
            1678,
            1858,
            1858,
            4519,
            4519,
            3336,
            1678,
            1678,
            2375,
            1858,
            1858,
            4519,
            4519,
            3336,
            1678,
            1678,
            2375,
            1858,
            1858,
            4519,
            4519,
            3336,
            1678,
            1678,
            2375,
            1858,
            1858,
            4519,
            4519,
            3336,
            1678,
            1678,
            2375,
            1858,
            1858,
            4519,
            4519,
            3336,
            1678,
            1678,
            2375,
            1597
          ],
          "conflicts": []
        },
        "DAOConstantGas": {
          "completed": true,
          "hasViolations": false,
          "hasWarnings": false,
          "hasSafe": false,
          "hasConflicts": false,
          "violations": [],
          "warnings": [],
          "safe": [],
          "conflicts": []
        },
        "MissingInputValidation": {
          "completed": true,
          "hasViolations": true,
          "hasWarnings": true,
          "hasSafe": true,
          "hasConflicts": false,
          "violations": [
            1231,
            920,
            1886,
            1931,
            1294,
            4940,
            4895,
            3009,
            2474,
            3955,
            3730,
            3644,
            3928,
            2986,
            1051,
            1751,
            1706,
            1114,
            837,
            1176,
            1231,
            920,
            1886,
            1931,
            1294,
            4940,
            4895,
            3009,
            2474,
            3955,
            3730,
            3644,
            3928,
            2986,
            1051,
            1751,
            1706,
            1114,
            837,
            1176,
            1231,
            920,
            1886,
            1931,
            1294,
            4940,
            4895,
            3009,
            2474,
            3955,
            3730,
            3644,
            3928,
            2986,
            1051,
            1751,
            1706,
            1114,
            837,
            1176,
            1231,
            920,
            1886,
            1931,
            1294,
            4940,
            4895,
            3009,
            2474,
            3955,
            3730,
            3644,
            3928,
            2986,
            1051,
            1751,
            1706,
            1114,
            837,
            1176,
            1231,
            920,
            1886,
            1931,
            1294,
            4940,
            4895,
            3009,
            2474,
            3955,
            3730,
            3644,
            3928,
            2986,
            1051,
            1751,
            1706,
            1114,
            837,
            1176,
            1231,
            920,
            1886,
            1931,
            1294,
            4940,
            4895,
            3009,
            2474,
            3955,
            3730,
            3644,
            3928,
            2986,
            1051,
            1751,
            1706,
            1114,
            837,
            1176,
            1231,
            920,
            1886,
            1931,
            1294,
            4940,
            4895,
            3009,
            2474,
            3955,
            3730,
            3644,
            3928,
            2986,
            1051,
            1751,
            1706,
            1114,
            837,
            1176,
            1231,
            920,
            1886,
            1931,
            1294,
            4940,
            4895,
            3009,
            2474,
            3955,
            3730,
            3644,
            3928,
            2986,
            1051,
            1751,
            1706,
            1114,
            837,
            1176
          ],
          "warnings": [
            1134,
            783,
            1258,
            1468,
            3892,
            2275,
            2741,
            3393,
            4129,
            2138,
            3129,
            2889,
            1078,
            700,
            1288,
            1134,
            783,
            1258,
            1468,
            3892,
            2275,
            2741,
            3393,
            4129,
            2138,
            3129,
            2889,
            1078,
            700,
            1288,
            1134,
            783,
            1258,
            1468,
            3892,
            2275,
            2741,
            3393,
            4129,
            2138,
            3129,
            2889,
            1078,
            700,
            1288,
            1134,
            783,
            1258,
            1468,
            3892,
            2275,
            2741,
            3393,
            4129,
            2138,
            3129,
            2889,
            1078,
            700,
            1288,
            1775,
            1134,
            783,
            1258,
            1468,
            3892,
            2275,
            2741,
            3393,
            4129,
            2138,
            3129,
            2889,
            1078,
            700,
            1288,
            1775,
            1134,
            783,
            1258,
            1468,
            3892,
            2275,
            2741,
            3393,
            4129,
            2138,
            3129,
            2889,
            1078,
            700,
            1288,
            1775,
            1134,
            783,
            1258,
            1468,
            3892,
            2275,
            2741,
            3393,
            4129,
            2138,
            3129,
            2889,
            1078,
            700,
            1288,
            1775,
            1134,
            783,
            1258,
            1468,
            3892,
            2275,
            2741,
            3393,
            4129,
            2138,
            3129,
            2889,
            1078,
            700,
            1288,
            1775,
            1390
          ],