{
  "contract": "0x7b01b46d606ebfd30cc1581e513d97423ea63f10",
  "tool": "securify",
  "start": 1563487513.0088634,
  "end": 1563487796.4659882,
  "duration": 283.457124710083,
  "analysis": {
    "0x7b01b46d606ebfd30cc1581e513d97423ea63f10": {
      "results": {
        "DAO": {
          "completed": true,
          "hasViolations": false,
          "hasWarnings": false,
          "hasSafe": false,
          "hasConflicts": false,
          "violations": [],
          "warnings": [],
          "safe": [],
          "conflicts": []
        },
        "DAOConstantGas": {
          "completed": true,
          "hasViolations": false,
          "hasWarnings": false,
          "hasSafe": false,
          "hasConflicts": false,
          "violations": [],
          "warnings": [],
          "safe": [],
          "conflicts": []
        },
        "MissingInputValidation": {
          "completed": true,
          "hasViolations": true,
          "hasWarnings": false,
          "hasSafe": true,
          "hasConflicts": false,
          "violations": [
            2080,
            2080,
            2080,
            1455,
            2080,
            1455,
            2219,
            2080,
            1455,
            2219,
            1550,
            2080,
            1455,
            2219,
            1550,
            2080,
            1455,
            2219,
            1550,
            2466
          ],
          "warnings": [],
          "safe": [
            1332,
            1332,
            1952,
            1332,
            1952,
            1957,
            1332,
            1952,
            1957,
            1531,
            1332,
            1952,
            1957,
            1531,
            1536,
            1332,
            1952,
            1957,
            1531,
            1536,
            1797,
            1332,
            1952,
            1957,
            1531,
            1536,
            1797,
            1332,
            1952,
            1957,
            1531,
            1536,
            1797,
            1783,
            1332,
            1952,
            1957,
            1531,
            1536,
            1797,
            1783,
            1332,
            1952,
            1957,
            1531,
            1536,
            1797,
            1783,
            1332,
            1952,
            1957,
            1531,
            1536,
            1797,
            1783,
            1332,
            1952,
            1957,
            1531,
            1536,
            1797,
            1783,
            1920,
            1332,
            1952,
            1957,
            1531,
            1536,
            1797,
            1783,
            1920
          ],
          "conflicts": []
        },
        "TODAmount": {
          "completed": true,
          "hasViolations": false,
          "hasWarnings": false,
          "hasSafe": false,
          "hasConflicts": false,
          "violations": [],
          "warnings": [],
          "safe": [],
          "conflicts": []
        },
        "TODReceiver": {
          "completed": true,
          "hasViolations": false,
          "hasWarnings": false,
          "hasSafe": false,
          "hasConflicts": false,
          "violations": [],
          "warnings": [],
          "safe": [],
          "conflicts": []
        },
        "TODTransfer": {
          "completed": true,
          "hasViolations": false,
          "hasWarnings": false,
          "hasSafe": false,
          "hasConflicts": false,
          "violations": [],
          "warnings": [],
          "safe": [],
          "conflicts": []
        },
        "UnhandledException": {
          "completed": true,
          "hasViolations": false,
          "hasWarnings": false,
          "hasSafe": true,
          "hasConflicts": false,
          "violations": [],
          "warnings": [],
          "safe": [
            2444,
            2444,
            2444,
            2444
          ],
          "conflicts": []
        },
        "UnrestrictedEtherFlow": {
          "completed": true,
          "hasViolations": false,
          "hasWarnings": false,
          "hasSafe": true,
          "hasConflicts": false,
          "violations": [],
          "warnings": [],
          "safe": [
            2444,
            2444,
            2444,
            2444
          ],
          "conflicts": []
        }
      }
    }
  }
}