{
  "contract": "0x8febf7551eea6ce499f96537ae0e2075c5a7301a",
  "tool": "securify",
  "start": 1563520951.4935598,
  "end": 1563521490.687288,
  "duration": 539.1937282085419,
  "analysis": {
    "0x8febf7551eea6ce499f96537ae0e2075c5a7301a": {
      "results": {
        "DAO": {
          "completed": true,
          "hasViolations": false,
          "hasWarnings": false,
          "hasSafe": false,
          "hasConflicts": false,
          "violations": [],
          "warnings": [],
          "safe": [],
          "conflicts": []
        },
        "DAOConstantGas": {
          "completed": true,
          "hasViolations": false,
          "hasWarnings": false,
          "hasSafe": false,
          "hasConflicts": false,
          "violations": [],
          "warnings": [],
          "safe": [],
          "conflicts": []
        },
        "MissingInputValidation": {
          "completed": true,
          "hasViolations": true,
          "hasWarnings": true,
          "hasSafe": true,
          "hasConflicts": false,
          "violations": [
            991,
            467,
            861,
            553,
            991,
            467,
            861,
            553,
            991,
            467,
            861,
            553,
            991,
            467,
            861,
            553,
            4039,
            991,
            467,
            861,
            553,
            4039,
            2318,
            991,
            467,
            861,
            553,
            4039,
            2318,
            991,
            467,
            861,
            553,
            4039,
            2318,
            4084
          ],
          "warnings": [
            3332,
            3332
          ],
          "safe": [
            625,
            539,
            916,
            847,
            759,
            2431,
            625,
            539,
            916,
            847,
            759,
            2431,
            3065,
            625,
            539,
            916,
            847,
            759,
            2431,
            3065,
            1741,
            625,
            539,
            916,
            847,
            759,
            2431,
            3065,
            1741,
            625,
            539,
            916,
            847,
            759,
            2431,
            3065,
            1741,
            625,
            539,
            916,
            847,
            759,
            2431,
            3065,
            1741,
            625,
            539,
            916,
            847,
            759,
            2431,
            3065,
            1741
          ],
          "conflicts": []
        },
        "TODAmount": {
          "completed": true,
          "hasViolations": false,
          "hasWarnings": false,
          "hasSafe": false,
          "hasConflicts": false,
          "violations": [],
          "warnings": [],
          "safe": [],
          "conflicts": []
        },
        "TODReceiver": {
          "completed": true,
          "hasViolations": false,
          "hasWarnings": false,
          "hasSafe": false,
          "hasConflicts": false,
          "violations": [],
          "warnings": [],
          "safe": [],
          "conflicts": []
        },
        "TODTransfer": {
          "completed": true,
          "hasViolations": false,
          "hasWarnings": false,
          "hasSafe": false,
          "hasConflicts": false,
          "violations": [],
          "warnings": [],
          "safe": [],
          "conflicts": []
        },
        "UnhandledException": {
          "completed": true,
          "hasViolations": false,
          "hasWarnings": false,
          "hasSafe": true,
          "hasConflicts": false,
          "violations": [],
          "warnings": [],
          "safe": [
            4380
          ],
          "conflicts": []
        },
        "UnrestrictedEtherFlow": {
          "completed": true,
          "hasViolations": false,
          "hasWarnings": false,
          "hasSafe": false,
          "hasConflicts": false,
          "violations": [],
          "warnings": [],
          "safe": [],
          "conflicts": []
        }
      }
    }
  }
}