{
  "contract": "0x0479f22c80078e41390b7f6b491d8f771bdc15ef",
  "tool": "securify",
  "start": 1563578541.9238768,
  "end": 1563579231.8391893,
  "duration": 689.9153125286102,
  "analysis": {
    "0x0479f22c80078e41390b7f6b491d8f771bdc15ef": {
      "results": {
        "DAO": {
          "completed": true,
          "hasViolations": false,
          "hasWarnings": false,
          "hasSafe": true,
          "hasConflicts": false,
          "violations": [],
          "warnings": [],
          "safe": [
            2928,
            2928,
            2928
          ],
          "conflicts": []
        },
        "DAOConstantGas": {
          "completed": true,
          "hasViolations": false,
          "hasWarnings": false,
          "hasSafe": false,
          "hasConflicts": false,
          "violations": [],
          "warnings": [],
          "safe": [],
          "conflicts": []
        },
        "MissingInputValidation": {
          "completed": true,
          "hasViolations": true,
          "hasWarnings": false,
          "hasSafe": true,
          "hasConflicts": false,
          "violations": [
            1196,
            1196,
            1196,
            1196,
            1196,
            1196,
            1196,
            1196,
            1293,
            1196,
            1293,
            1196,
            1293,
            1196,
            1293,
            1607,
            1196,
            1293,
            1607,
            1196,
            1293,
            1607
          ],
          "warnings": [],
          "safe": [
            2727,
            2727,
            1279,
            2727,
            1279,
            2828,
            2727,
            1279,
            2828,
            1946,
            2727,
            1279,
            2828,
            1946,
            1356,
            2727,
            1279,
            2828,
            1946,
            1356,
            2661,
            2727,
            1279,
            2828,
            1946,
            1356,
            2661,
            2113,
            2727,
            1279,
            2828,
            1946,
            1356,
            2661,
            2113,
            2727,
            1279,
            2828,
            1946,
            1356,
            2661,
            2113,
            5130,
            2727,
            1279,
            2828,
            1946,
            1356,
            2661,
            2113,
            5130,
            2823,
            2727,
            1279,
            2828,
            1946,
            1356,
            2661,
            2113,
            5130,
            2823,
            3208,
            2727,
            1279,
            2828,
            1946,
            1356,
            2661,
            2113,
            5130,
            2823,
            3208,
            2818,
            2727,
            1279,
            2828,
            1946,
            1356,
            2661,
            2113,
            5130,
            2823,
            3208,
            2818,
            5140,
            2727,
            1279,
            2828,
            1946,
            1356,
            2661,
            2113,
            5130,
            2823,
            3208,
            2818,
            5140,
            2722,
            2727,
            1279,
            2828,
            1946,
            1356,
            2661,
            2113,
            5130,
            2823,
            3208,
            2818,
            5140,
            2722,
            2727,
            1279,
            2828,
            1946,
            1356,
            2661,
            2113,
            5130,
            2823,
            3208,
            2818,
            5140,
            2722,
            1965,
            2727,
            1279,
            2828,
            1946,
            1356,
            2661,
            2113,
            5130,
            2823,
            3208,
            2818,
            5140,
            2722,
            1965,
            1960,
            2727,
            1279,
            2828,
            1946,
            1356,
            2661,
            2113,
            5130,
            2823,
            3208,
            2818,
            5140,
            2722,
            1965,
            1960,
            2727,
            1279,
            2828,
            1946,
            1356,
            2661,
            2113,
            5130,
            2823,
            3208,
            2818,
            5140,
            2722,
            1965,
            1960,
            1351,
            2727,
            1279,
            2828,
            1946,
            1356,
            2661,
            2113,
            5130,
            2823,
            3208,
            2818,
            5140,
            2722,
            1965,
            1960,
            1351,
            2666
          ],
          "conflicts": []
        },
        "TODAmount": {
          "completed": true,
          "hasViolations": false,
          "hasWarnings": true,
          "hasSafe": false,
          "hasConflicts": false,
          "violations": [],
          "warnings": [
            2928,
            2928,
            2928
          ],
          "safe": [],
          "conflicts": []
        },
        "TODReceiver": {
          "completed": true,
          "hasViolations": false,
          "hasWarnings": true,
          "hasSafe": false,
          "hasConflicts": false,
          "violations": [],
          "warnings": [
            2928,
            2928,
            2928
          ],
          "safe": [],
          "conflicts": []
        },
        "TODTransfer": {
          "completed": true,
          "hasViolations": false,
          "hasWarnings": false,
          "hasSafe": true,
          "hasConflicts": false,
          "violations": [],
          "warnings": [],
          "safe": [
            2928,
            2928,
            2928
          ],
          "conflicts": []
        },
        "UnhandledException": {
          "completed": true,
          "hasViolations": false,
          "hasWarnings": false,
          "hasSafe": true,
          "hasConflicts": false,
          "violations": [],
          "warnings": [],
          "safe": [
            2928,
            2928,
            2928,
            2928,
            2928,
            2928,
            2928,
            2928,
            2928
          ],
          "conflicts": []
        },
        "UnrestrictedEtherFlow": {
          "completed": true,
          "hasViolations": false,
          "hasWarnings": true,
          "hasSafe": true,
          "hasConflicts": false,
          "violations": [],
          "warnings": [
            2928,
            2928,
            2928
          ],
          "safe": [
            2928,
            2928,
            2928,
            2928,
            2928,
            2928
          ],
          "conflicts": []
        }
      }
    }
  }
}