{
  "contract": "0x1e4e36b3f011d862fd70006804da8fcefe89d3d8",
  "tool": "securify",
  "start": 1563474282.3825123,
  "end": 1563474557.5888097,
  "duration": 275.2062973976135,
  "analysis": {
    "0x1e4e36b3f011d862fd70006804da8fcefe89d3d8": {
      "results": {
        "DAO": {
          "completed": true,
          "hasViolations": false,
          "hasWarnings": false,
          "hasSafe": false,
          "hasConflicts": false,
          "violations": [],
          "warnings": [],
          "safe": [],
          "conflicts": []
        },
        "DAOConstantGas": {
          "completed": true,
          "hasViolations": false,
          "hasWarnings": false,
          "hasSafe": false,
          "hasConflicts": false,
          "violations": [],
          "warnings": [],
          "safe": [],
          "conflicts": []
        },
        "MissingInputValidation": {
          "completed": true,
          "hasViolations": true,
          "hasWarnings": false,
          "hasSafe": true,
          "hasConflicts": false,
          "violations": [
            1006,
            1006,
            1006,
            1006,
            1006,
            1447,
            1006,
            1447,
            1655,
            1006,
            1447,
            1655,
            1295,
            1006,
            1447,
            1655,
            1295,
            1061,
            1006,
            1447,
            1655,
            1295,
            1061
          ],
          "warnings": [],
          "safe": [
            883,
            883,
            883,
            1056,
            883,
            1056,
            1174,
            883,
            1056,
            1174,
            1313,
            883,
            1056,
            1174,
            1313,
            883,
            1056,
            1174,
            1313,
            883,
            1056,
            1174,
            1313,
            883,
            1056,
            1174,
            1313,
            883,
            1056,
            1174,
            1313,
            1682
          ],
          "conflicts": []
        },
        "TODAmount": {
          "completed": true,
          "hasViolations": false,
          "hasWarnings": false,
          "hasSafe": false,
          "hasConflicts": false,
          "violations": [],
          "warnings": [],
          "safe": [],
          "conflicts": []
        },
        "TODReceiver": {
          "completed": true,
          "hasViolations": false,
          "hasWarnings": false,
          "hasSafe": false,
          "hasConflicts": false,
          "violations": [],
          "warnings": [],
          "safe": [],
          "conflicts": []
        },
        "TODTransfer": {
          "completed": true,
          "hasViolations": false,
          "hasWarnings": false,
          "hasSafe": false,
          "hasConflicts": false,
          "violations": [],
          "warnings": [],
          "safe": [],
          "conflicts": []
        },
        "UnhandledException": {
          "completed": true,
          "hasViolations": false,
          "hasWarnings": false,
          "hasSafe": true,
          "hasConflicts": false,
          "violations": [],
          "warnings": [],
          "safe": [
            1623,
            1623,
            1623,
            1623,
            1623
          ],
          "conflicts": []
        },
        "UnrestrictedEtherFlow": {
          "completed": true,
          "hasViolations": false,
          "hasWarnings": false,
          "hasSafe": true,
          "hasConflicts": false,
          "violations": [],
          "warnings": [],
          "safe": [
            1623,
            1623,
            1623,
            1623,
            1623
          ],
          "conflicts": []
        }
      }
    }
  }
}