{
  "contract": "0xb90b493864d030c81335f40a5892bd8b1a0c6562",
  "tool": "securify",
  "start": 1563762320.6985579,
  "end": 1563764116.8882625,
  "duration": 1796.189704656601,
  "analysis": {
    "/unique_chucks/42/0xb90b493864d030c81335f40a5892bd8b1a0c6562.sol:OffersBase": {
      "results": {
        "TODReceiver": {
          "violations": [
            42,
            -1,
            118,
            96,
            113,
            105
          ],
          "warnings": [
            -1
          ],
          "safe": [
            -1
          ],
          "conflicts": []
        },
        "UnhandledException": {
          "violations": [],
          "warnings": [
            -1,
            42,
            118,
            96,
            113,
            105
          ],
          "safe": [],
          "conflicts": []
        },
        "TODTransfer": {
          "violations": [
            42,
            -1,
            118,
            96,
            113,
            105
          ],
          "warnings": [
            -1
          ],
          "safe": [
            -1
          ],
          "conflicts": []
        },
        "DAO": {
          "violations": [],
          "warnings": [],
          "safe": [],
          "conflicts": []
        },
        "TODAmount": {
          "violations": [
            42,
            -1,
            118,
            96,
            113,
            105
          ],
          "warnings": [
            -1
          ],
          "safe": [
            -1
          ],
          "conflicts": []
        },
        "MissingInputValidation": {
          "violations": [
            -1,
            427
          ],
          "warnings": [
            0,
            41,
            -1,
            29,
            76,
            274,
            118,
            90,
            35,
            227,
            75,
            225,
            83,
            249,
            88,
            175,
            236,
            96,
            261,
            9,
            95,
            11,
            133,
            202,
            109,
            172,
            247,
            81,
            272,
            74,
            13,
            286,
            15,
            20,
            300,
            205,
            101,
            170,
            25,
            18,
            293
          ],
          "safe": [
            -1,
            29
          ],
          "conflicts": []
        },
        "DAOConstantGas": {
          "violations": [
            -1
          ],
          "warnings": [
            42,
            -1,
            118,
            96,
            113,
            105
          ],
          "safe": [],
          "conflicts": []
        },
        "UnrestrictedEtherFlow": {
          "violations": [
            -1
          ],
          "warnings": [
            42,
            -1,
            118,
            96,
            113,
            105
          ],
          "safe": [
            -1
          ],
          "conflicts": []
        }
      }
    },
    "/unique_chucks/42/0xb90b493864d030c81335f40a5892bd8b1a0c6562.sol:ERC721": {
      "results": {
        "TODReceiver": {
          "violations": [],
          "warnings": [],
          "safe": [],
          "conflicts": []
        },
        "UnhandledException": {
          "violations": [],
          "warnings": [],
          "safe": [],
          "conflicts": []
        },
        "TODTransfer": {
          "violations": [],
          "warnings": [],
          "safe": [],
          "conflicts": []
        },
        "DAO": {
          "violations": [],
          "warnings": [],
          "safe": [],
          "conflicts": []
        },
        "TODAmount": {
          "violations": [],
          "warnings": [],
          "safe": [],
          "conflicts": []
        },
        "MissingInputValidation": {
          "violations": [],
          "warnings": [],
          "safe": [],
          "conflicts": []
        },
        "DAOConstantGas": {
          "violations": [],
          "warnings": [],
          "safe": [],
          "conflicts": []
        },
        "UnrestrictedEtherFlow": {
          "violations": [],
          "warnings": [],
          "safe": [],
          "conflicts": []
        }
      }
    },
    "/unique_chucks/42/0xb90b493864d030c81335f40a5892bd8b1a0c6562.sol:OffersConfig": {
      "results": {
        "TODReceiver": {
          "violations": [
            105,
            -1,
            35,
            29,
            118,
            113
          ],
          "warnings": [
            -1
          ],
          "safe": [
            -1
          ],
          "conflicts": []
        },
        "UnhandledException": {
          "violations": [],
          "warnings": [
            -1,
            105,
            35,
            29,
            118,
            113
          ],
          "safe": [],
          "conflicts": []
        },
        "TODTransfer": {
          "violations": [
            105,
            -1,
            35,
            29,
            118,
            113
          ],
          "warnings": [
            -1
          ],
          "safe": [
            -1
          ],
          "conflicts": []
        },
        "DAO": {
          "violations": [],
          "warnings": [],
          "safe": [],
          "conflicts": []
        },
        "TODAmount": {
          "violations": [
            105,
            -1,
            35,
            29,
            118,
            113
          ],
          "warnings": [
            -1
          ],
          "safe": [
            -1
          ],
          "conflicts": []
        },
        "MissingInputValidation": {
          "violations": [
            -1,
            301
          ],
          "warnings": [
            118,
            105,
            -1,
            82,
            112,
            35,
            83,
            239,
            51,
            262,
            89,
            88,
            29,
            225,
            236,
            0,
            96,
            301,
            113,
            75,
            286,
            11,
            202,
            18,
            272,
            81,
            15,
            172,
            101,
            175,
            74,
            20,
            261,
            13,
            300,
            95,
            133,
            25,
            205,
            293,
            170,
            109,
            9,
            247
          ],
          "safe": [
            -1,
            83
          ],
          "conflicts": []
        },
        "DAOConstantGas": {
          "violations": [
            -1
          ],
          "warnings": [
            105,
            -1,
            35,
            29,
            118,
            113
          ],
          "safe": [],
          "conflicts": []
        },
        "UnrestrictedEtherFlow": {
          "violations": [
            -1
          ],
          "warnings": [
            105,
            -1,
            35,
            29,
            118,
            113
          ],
          "safe": [
            -1
          ],
          "conflicts": []
        }
      }
    },
    "/unique_chucks/42/0xb90b493864d030c81335f40a5892bd8b1a0c6562.sol:Offers": {
      "results": {
        "TODReceiver": {
          "violations": [
            113,
            105
          ],
          "warnings": [
            480,
            848
          ],
          "safe": [
            480
          ],
          "conflicts": []
        },
        "UnhandledException": {
          "violations": [],
          "warnings": [
            480,
            113,
            848,
            105
          ],
          "safe": [],
          "conflicts": []
        },
        "TODTransfer": {
          "violations": [
            113,
            848,
            105
          ],