{
  "contract": "0xb910ecb8980569007958f78c963ad90f3f112ea0",
  "tool": "securify",
  "start": 1563486348.4195104,
  "end": 1563486666.240966,
  "duration": 317.8214557170868,
  "analysis": {
    "0xb910ecb8980569007958f78c963ad90f3f112ea0": {
      "results": {
        "DAO": {
          "completed": true,
          "hasViolations": false,
          "hasWarnings": false,
          "hasSafe": false,
          "hasConflicts": false,
          "violations": [],
          "warnings": [],
          "safe": [],
          "conflicts": []
        },
        "DAOConstantGas": {
          "completed": true,
          "hasViolations": false,
          "hasWarnings": false,
          "hasSafe": false,
          "hasConflicts": false,
          "violations": [],
          "warnings": [],
          "safe": [],
          "conflicts": []
        },
        "MissingInputValidation": {
          "completed": true,
          "hasViolations": true,
          "hasWarnings": false,
          "hasSafe": true,
          "hasConflicts": false,
          "violations": [
            382,
            405,
            468,
            622,
            382,
            405,
            468,
            622,
            1216,
            382,
            405,
            468,
            622,
            1216,
            382,
            405,
            468,
            622,
            1216,
            1318,
            382,
            405,
            468,
            622,
            1216,
            1318,
            382,
            405,
            468,
            622,
            1216,
            1318
          ],
          "warnings": [],
          "safe": [
            454,
            776,
            762,
            608,
            1507,
            454,
            776,
            762,
            608,
            1507,
            454,
            776,
            762,
            608,
            1507,
            829,
            454,
            776,
            762,
            608,
            1507,
            829,
            454,
            776,
            762,
            608,
            1507,
            829,
            1007,
            454,
            776,
            762,
            608,
            1507,
            829,
            1007,
            983
          ],
          "conflicts": []
        },
        "TODAmount": {
          "completed": true,
          "hasViolations": false,
          "hasWarnings": false,
          "hasSafe": false,
          "hasConflicts": false,
          "violations": [],
          "warnings": [],
          "safe": [],
          "conflicts": []
        },
        "TODReceiver": {
          "completed": true,
          "hasViolations": false,
          "hasWarnings": false,
          "hasSafe": false,
          "hasConflicts": false,
          "violations": [],
          "warnings": [],
          "safe": [],
          "conflicts": []
        },
        "TODTransfer": {
          "completed": true,
          "hasViolations": false,
          "hasWarnings": false,
          "hasSafe": false,
          "hasConflicts": false,
          "violations": [],
          "warnings": [],
          "safe": [],
          "conflicts": []
        },
        "UnhandledException": {
          "completed": true,
          "hasViolations": false,
          "hasWarnings": false,
          "hasSafe": true,
          "hasConflicts": false,
          "violations": [],
          "warnings": [],
          "safe": [
            1141,
            1141
          ],
          "conflicts": []
        },
        "UnrestrictedEtherFlow": {
          "completed": true,
          "hasViolations": false,
          "hasWarnings": false,
          "hasSafe": true,
          "hasConflicts": false,
          "violations": [],
          "warnings": [],
          "safe": [
            1141,
            1141
          ],
          "conflicts": []
        }
      }
    }
  }
}