{
  "contract": "0x8e43d7a5c4b2de24b728deff0e666fe674b3ca91",
  "tool": "securify",
  "start": 1563538222.4694035,
  "end": 1563540024.795642,
  "duration": 1802.3262383937836,
  "analysis": {
    "0x8e43d7a5c4b2de24b728deff0e666fe674b3ca91": {
      "results": {
        "DAO": {
          "completed": true,
          "hasViolations": false,
          "hasWarnings": false,
          "hasSafe": false,
          "hasConflicts": false,
          "violations": [],
          "warnings": [],
          "safe": [],
          "conflicts": []
        },
        "DAOConstantGas": {
          "completed": true,
          "hasViolations": false,
          "hasWarnings": false,
          "hasSafe": true,
          "hasConflicts": false,
          "violations": [],
          "warnings": [],
          "safe": [
            8292,
            8037,
            8089,
            8140,
            8195,
            8247,
            3181,
            8292,
            8037,
            8089,
            8140,
            8195,
            8247,
            3743,
            4036,
            4083,
            7043,
            7098,
            7151,
            7200,
            8292,
            8037,
            8089,
            8140,
            8195,
            8247,
            3181,
            8292,
            8037,
            8089,
            8140,
            8195,
            8247,
            3743,
            4036,
            4083,
            7043,
            7098,
            7151,
            7200
          ],
          "conflicts": []
        },
        "MissingInputValidation": {
          "completed": true,
          "hasViolations": true,
          "hasWarnings": false,
          "hasSafe": true,
          "hasConflicts": false,
          "violations": [
            4354,
            4714,
            4579,
            5816,
            4129,
            6148,
            4673,
            3046,
            4755,
            4597,
            4111,
            3571,
            7228,
            2942,
            4165,
            4336,
            3206,
            5977,
            6205,
            4270,
            4552,
            6290,
            4302,
            3446,
            6171,
            4992,
            4799,
            6254,
            3594,
            6716,
            4691,
            5534,
            4646,
            5736,
            6575,
            5873,
            6645,
            3292,
            302,
            351,
            4384,
            4354,
            4714,
            4579,
            5816,
            4129,
            6148,
            4673,
            3046,
            4755,
            4597,
            4111,
            3571,
            7228,
            2942,
            4165,
            4336,
            3206,
            5977,
            6205,
            4270,
            4552,
            6290,
            4302,
            3446,
            6171,
            4992,
            4799,
            6254,
            3594,
            6716,
            4691,
            5534,
            4646,
            5736,
            6575,
            5873,
            6645,
            3292,
            302,
            351,
            4384,
            6313
          ],
          "warnings": [],
          "safe": [
            7392,
            3016,
            4709,
            3021,
            8783,
            8625,
            7353,
            8324,
            2921,
            3442,
            3002,
            4778,
            7339,
            6702,
            4265,
            3032,
            288,
            400,
            274,
            414,
            7392,
            3016,
            4709,
            3021,
            8783,
            8625,
            7353,
            8324,
            2921,
            3442,
            3002,
            4778,
            7339,
            6702,
            4265,
            3032,
            288,
            400,
            274,
            414
          ],
          "conflicts": []
        },
        "TODAmount": {
          "completed": true,
          "hasViolations": true,
          "hasWarnings": true,
          "hasSafe": false,
          "hasConflicts": false,
          "violations": [
            8037,
            8089,
            8140,
            8195,
            8247,
            7043,
            7098,
            7151,
            7200,
            8037,
            8089,
            8140,
            8195,
            8247,
            7043,
            7098,
            7151,
            7200
          ],
          "warnings": [
            8292,
            8037,
            8089,
            8140,
            8195,
            8247,
            3181,
            8292,
            3743,
            4036,
            4083,
            8292,
            8037,
            8089,
            8140,
            8195,
            8247,
            3181,
            8292,
            3743,
            4036,
            4083
          ],
          "safe": [],
          "conflicts": []
        },
        "TODReceiver": {
          "completed": true,
          "hasViolations": false,
          "hasWarnings": true,
          "hasSafe": true,
          "hasConflicts": false,
          "violations": [],
          "warnings": [
            8292,
            8037,
            8089,
            8140,
            8195,
            8247,
            8089,
            8140,
            8195,
            4036,
            7043,
            7098,
            7151,
            8292,
            8037,
            8089,
            8140,
            8195,
            8247,
            8089,
            8140,
            8195,
            4036,
            7043,
            7098,
            7151
          ],
          "safe": [
            3181,
            8292,
            8037,
            8247,
            3743,
            4083,
            7200,
            3181,
            8292,
            8037,
            8247,
            3743,
            4083,
            7200
          ],
          "conflicts": []
        },
        "TODTransfer": {
          "completed": true,
          "hasViolations": true,
          "hasWarnings": true,
          "hasSafe": true,
          "hasConflicts": false,
          "violations": [
            8037,
            8089,
            8140,
            8195,
            8247,
            7043,
            7098,
            7151,
            7200,
            8037,
            8089,
            8140,
            8195,
            8247,
            7043,
            7098,
            7151,
            7200
          ],
          "warnings": [
            8140,
            8292,
            3743,
            4036,
            4083,
            8140,
            8292,
            3743,
            4036,
            4083
          ],
          "safe": [
            8292,
            8037,
            8089,
            8195,
            8247,
            3181,
            8292,
            8037,
            8089,
            8195,
            8247,
            3181
          ],
          "conflicts": []
        },
        "UnhandledException": {
          "completed": true,
          "hasViolations": false,
          "hasWarnings": false,
          "hasSafe": true,
          "hasConflicts": false,
          "violations": [],
          "warnings": [],