{
  "contract": "0xdec965b06dfb34ccdb49fc191d3f41327ee166a2",
  "tool": "securify",
  "start": 1563562269.7101183,
  "end": 1563563136.6642907,
  "duration": 866.954172372818,
  "analysis": {
    "/unique_chucks/17/0xdec965b06dfb34ccdb49fc191d3f41327ee166a2.sol:RpsGame": {
      "results": {
        "TODReceiver": {
          "violations": [],
          "warnings": [
            0,
            85
          ],
          "safe": [
            288,
            290,
            292
          ],
          "conflicts": []
        },
        "UnhandledException": {
          "violations": [],
          "warnings": [
            0,
            288,
            290,
            292,
            85
          ],
          "safe": [
            292
          ],
          "conflicts": []
        },
        "TODTransfer": {
          "violations": [
            0,
            85
          ],
          "warnings": [
            288,
            290
          ],
          "safe": [
            292
          ],
          "conflicts": []
        },
        "DAO": {
          "violations": [],
          "warnings": [],
          "safe": [],
          "conflicts": []
        },
        "TODAmount": {
          "violations": [],
          "warnings": [
            0,
            85
          ],
          "safe": [
            288,
            290,
            292
          ],
          "conflicts": []
        },
        "MissingInputValidation": {
          "violations": [
            90,
            304,
            258,
            279,
            236,
            216,
            185,
            308,
            184,
            183
          ],
          "warnings": [
            304,
            41,
            258,
            113,
            0,
            105,
            97,
            90,
            189,
            76,
            154,
            157,
            144,
            83,
            32,
            33,
            155,
            188,
            31,
            160,
            20,
            37,
            3,
            9,
            14,
            159,
            38,
            312,
            156,
            158,
            135
          ],
          "safe": [],
          "conflicts": []
        },
        "DAOConstantGas": {
          "violations": [
            0,
            288,
            85
          ],
          "warnings": [
            288,
            290,
            292
          ],
          "safe": [
            290,
            292
          ],
          "conflicts": []
        },
        "UnrestrictedEtherFlow": {
          "violations": [],
          "warnings": [
            0,
            292,
            85
          ],
          "safe": [
            288,
            290,
            292
          ],
          "conflicts": []
        }
      }
    },
    "/unique_chucks/17/0xdec965b06dfb34ccdb49fc191d3f41327ee166a2.sol:AccessControl": {
      "results": {
        "TODReceiver": {
          "violations": [],
          "warnings": [
            85
          ],
          "safe": [],
          "conflicts": []
        },
        "UnhandledException": {
          "violations": [],
          "warnings": [
            85
          ],
          "safe": [],
          "conflicts": []
        },
        "TODTransfer": {
          "violations": [
            85
          ],
          "warnings": [],
          "safe": [],
          "conflicts": []
        },
        "DAO": {
          "violations": [],
          "warnings": [],
          "safe": [],
          "conflicts": []
        },
        "TODAmount": {
          "violations": [],
          "warnings": [
            85
          ],
          "safe": [],
          "conflicts": []
        },
        "MissingInputValidation": {
          "violations": [
            90
          ],
          "warnings": [
            83,
            105,
            37,
            33,
            31,
            135,
            144,
            20,
            14,
            97,
            41,
            113,
            38,
            32
          ],
          "safe": [],
          "conflicts": []
        },
        "DAOConstantGas": {
          "violations": [
            85
          ],
          "warnings": [],
          "safe": [],
          "conflicts": []
        },
        "UnrestrictedEtherFlow": {
          "violations": [],
          "warnings": [
            85
          ],
          "safe": [],
          "conflicts": []
        }
      }
    },
    "/unique_chucks/17/0xdec965b06dfb34ccdb49fc191d3f41327ee166a2.sol:SafeMath": {
      "results": {
        "TODReceiver": {
          "violations": [],
          "warnings": [
            -1
          ],
          "safe": [
            -1
          ],
          "conflicts": []
        },
        "UnhandledException": {
          "violations": [],
          "warnings": [
            -1
          ],
          "safe": [
            -1
          ],
          "conflicts": []
        },
        "TODTransfer": {
          "violations": [
            -1
          ],
          "warnings": [
            -1
          ],
          "safe": [
            -1
          ],
          "conflicts": []
        },
        "DAO": {
          "violations": [],
          "warnings": [],
          "safe": [],
          "conflicts": []
        },
        "TODAmount": {
          "violations": [],
          "warnings": [
            -1
          ],
          "safe": [
            -1
          ],
          "conflicts": []
        },
        "MissingInputValidation": {
          "violations": [],
          "warnings": [],
          "safe": [],
          "conflicts": []
        },
        "DAOConstantGas": {
          "violations": [
            -1
          ],
          "warnings": [
            -1
          ],
          "safe": [
            -1
          ],
          "conflicts": []
        },
        "UnrestrictedEtherFlow": {
          "violations": [],
          "warnings": [
            -1
          ],
          "safe": [
            -1
          ],
          "conflicts": []
        }
      }
    }
  }
}