{
  "contract": "0x2b94e0c6ccb25ccf6b2dfa1a286712eb565437ee",
  "tool": "securify",
  "start": 1563555113.211709,
  "end": 1563556332.240478,
  "duration": 1219.0287690162659,
  "analysis": {
    "/unique_chucks/11/0x2b94e0c6ccb25ccf6b2dfa1a286712eb565437ee.sol:PacioToken": {
      "results": {
        "TODReceiver": {
          "violations": [
            337
          ],
          "warnings": [],
          "safe": [],
          "conflicts": []
        },
        "UnhandledException": {
          "violations": [],
          "warnings": [
            25,
            296,
            203,
            277,
            189,
            327,
            247,
            172,
            320,
            395,
            337,
            219,
            243
          ],
          "safe": [],
          "conflicts": []
        },
        "TODTransfer": {
          "violations": [],
          "warnings": [],
          "safe": [],
          "conflicts": [
            337
          ]
        },
        "DAO": {
          "violations": [],
          "warnings": [],
          "safe": [],
          "conflicts": []
        },
        "TODAmount": {
          "violations": [
            337
          ],
          "warnings": [],
          "safe": [],
          "conflicts": []
        },
        "MissingInputValidation": {
          "violations": [
            0,
            165,
            187,
            212,
            393,
            159
          ],
          "warnings": [
            248,
            0,
            240,
            249,
            25,
            26,
            239,
            212,
            246,
            295,
            247,
            137,
            115,
            63,
            241,
            356,
            344,
            99,
            243,
            244,
            242,
            138,
            136,
            335,
            69,
            245,
            55,
            95
          ],
          "safe": [
            316,
            2,
            405,
            369,
            270,
            285,
            187,
            199,
            303
          ],
          "conflicts": []
        },
        "DAOConstantGas": {
          "violations": [],
          "warnings": [
            337
          ],
          "safe": [],
          "conflicts": []
        },
        "UnrestrictedEtherFlow": {
          "violations": [],
          "warnings": [
            25,
            296,
            203,
            277,
            189,
            327,
            247,
            172,
            320,
            395,
            219,
            243
          ],
          "safe": [
            337
          ],
          "conflicts": []
        }
      }
    },
    "/unique_chucks/11/0x2b94e0c6ccb25ccf6b2dfa1a286712eb565437ee.sol:DSMath": {
      "results": {
        "TODReceiver": {
          "violations": [],
          "warnings": [],
          "safe": [],
          "conflicts": []
        },
        "UnhandledException": {
          "violations": [],
          "warnings": [],
          "safe": [],
          "conflicts": []
        },
        "TODTransfer": {
          "violations": [],
          "warnings": [],
          "safe": [],
          "conflicts": []
        },
        "DAO": {
          "violations": [],
          "warnings": [],
          "safe": [],
          "conflicts": []
        },
        "TODAmount": {
          "violations": [],
          "warnings": [],
          "safe": [],
          "conflicts": []
        },
        "MissingInputValidation": {
          "violations": [],
          "warnings": [],
          "safe": [],
          "conflicts": []
        },
        "DAOConstantGas": {
          "violations": [],
          "warnings": [],
          "safe": [],
          "conflicts": []
        },
        "UnrestrictedEtherFlow": {
          "violations": [],
          "warnings": [],
          "safe": [],
          "conflicts": []
        }
      }
    },
    "/unique_chucks/11/0x2b94e0c6ccb25ccf6b2dfa1a286712eb565437ee.sol:PacioICO": {
      "results": {
        "TODReceiver": {
          "violations": [
            501
          ],
          "warnings": [],
          "safe": [],
          "conflicts": []
        },
        "UnhandledException": {
          "violations": [],
          "warnings": [
            559,
            553,
            584,
            599,
            606,
            592,
            567,
            575,
            534,
            547,
            501,
            482,
            502
          ],
          "safe": [],
          "conflicts": []
        },
        "TODTransfer": {
          "violations": [],
          "warnings": [],
          "safe": [],
          "conflicts": [
            501
          ]
        },
        "DAO": {
          "violations": [],
          "warnings": [],
          "safe": [],
          "conflicts": []
        },
        "TODAmount": {
          "violations": [
            501
          ],
          "warnings": [],
          "safe": [],
          "conflicts": []
        },
        "MissingInputValidation": {
          "violations": [],
          "warnings": [],
          "safe": [],
          "conflicts": []
        },
        "DAOConstantGas": {
          "violations": [],
          "warnings": [
            501
          ],
          "safe": [],
          "conflicts": []
        },
        "UnrestrictedEtherFlow": {
          "violations": [],
          "warnings": [
            559,
            553,
            584,
            599,
            606,
            592,
            567,
            575,
            534,
            547,
            482,
            502
          ],
          "safe": [
            501
          ],
          "conflicts": []
        }
      }
    },
    "/unique_chucks/11/0x2b94e0c6ccb25ccf6b2dfa1a286712eb565437ee.sol:ERC20Token": {
      "results": {
        "TODReceiver": {
          "violations": [],
          "warnings": [],
          "safe": [],
          "conflicts": []
        },
        "UnhandledException": {
          "violations": [],
          "warnings": [],
          "safe": [],
          "conflicts": []
        },
        "TODTransfer": {
          "violations": [],
          "warnings": [],
          "safe": [],
          "conflicts": []
        },
        "DAO": {
          "violations": [],
          "warnings": [],
          "safe": [],
          "conflicts": []
        },
        "TODAmount": {
          "violations": [],
          "warnings": [],
          "safe": [],
          "conflicts": []
        },
        "MissingInputValidation": {
          "violations": [
            212,
            165,
            159
          ],
          "warnings": [
            136,
            55,
            69,
            63,
            138,
            25,
            137,
            95,
            26
          ],
          "safe": [
            187,
            199
          ],
          "conflicts": []
        },
        "DAOConstantGas": {
          "violations": [],
          "warnings": [],
          "safe": [],
          "conflicts": []
        },
        "UnrestrictedEtherFlow": {
          "violations": [],
          "warnings": [],
          "safe": [],
          "conflicts": []
        }
      }
    },
    "/unique_chucks/11/0x2b94e0c6ccb25ccf6b2dfa1a286712eb565437ee.sol:Owned": {
      "results": {
        "TODReceiver": {
          "violations": [],
          "warnings": [],
          "safe": [],
          "conflicts": []
        },
        "UnhandledException": {
          "violations": [],
          "warnings": [],
          "safe": [],
          "conflicts": []
        },
        "TODTransfer": {
          "violations": [],
          "warnings": [],
          "safe": [],
          "conflicts": []
        },
        "DAO": {
          "violations": [],
          "warnings": [],
          "safe": [],
          "conflicts": []
        },