{
  "contract": "0xb105035c563ed14c17f6beace07f4659c823322a",
  "tool": "securify",
  "start": 1563577316.5884113,
  "end": 1563579121.439958,
  "duration": 1804.8515467643738,
  "analysis": {
    "0xb105035c563ed14c17f6beace07f4659c823322a": {
      "results": {
        "DAO": {
          "completed": true,
          "hasViolations": true,
          "hasWarnings": false,
          "hasSafe": true,
          "hasConflicts": false,
          "violations": [
            6767,
            8637,
            6767,
            8637,
            311,
            6767,
            8637,
            311,
            6767,
            8637,
            311
          ],
          "warnings": [],
          "safe": [
            2368,
            311,
            2368,
            311,
            2368,
            311,
            2368,
            311,
            311
          ],
          "conflicts": []
        },
        "DAOConstantGas": {
          "completed": true,
          "hasViolations": false,
          "hasWarnings": false,
          "hasSafe": true,
          "hasConflicts": false,
          "violations": [],
          "warnings": [],
          "safe": [
            3035,
            322,
            3035,
            322,
            3035,
            322,
            3035,
            322
          ],
          "conflicts": []
        },
        "MissingInputValidation": {
          "completed": true,
          "hasViolations": true,
          "hasWarnings": true,
          "hasSafe": true,
          "hasConflicts": false,
          "violations": [
            976,
            2028,
            926,
            1874,
            1299,
            781,
            612,
            817,
            467,
            105,
            976,
            2028,
            926,
            1874,
            1299,
            781,
            612,
            817,
            467,
            105,
            976,
            2028,
            926,
            1874,
            1299,
            781,
            612,
            817,
            467,
            105,
            976,
            2028,
            926,
            1874,
            1299,
            781,
            612,
            817,
            467,
            105
          ],
          "warnings": [
            1511,
            1029,
            1511,
            1029,
            1511,
            1029,
            1511,
            1029
          ],
          "safe": [
            1709,
            767,
            1160,
            1149,
            1695,
            1135,
            2144,
            2149,
            1130,
            889,
            2292,
            1497,
            575,
            667,
            1015,
            678,
            662,
            1227,
            1213,
            213,
            113,
            1709,
            767,
            1160,
            1149,
            1695,
            1135,
            2144,
            2149,
            1130,
            889,
            2292,
            1497,
            575,
            667,
            1015,
            678,
            662,
            1227,
            1213,
            213,
            113,
            41,
            1709,
            767,
            1160,
            1149,
            1695,
            1135,
            2144,
            2149,
            1130,
            889,
            2292,
            1497,
            575,
            667,
            1015,
            678,
            662,
            1227,
            1213,
            213,
            113,
            41,
            96,
            1709,
            767,
            1160,
            1149,
            1695,
            1135,
            2144,
            2149,
            1130,
            889,
            2292,
            1497,
            575,
            667,
            1015,
            678,
            662,
            1227,
            1213,
            213,
            113,
            41,
            96,
            136
          ],
          "conflicts": []
        },
        "TODAmount": {
          "completed": true,
          "hasViolations": false,
          "hasWarnings": true,
          "hasSafe": false,
          "hasConflicts": false,
          "violations": [],
          "warnings": [
            6767,
            2368,
            3035,
            322,
            8637,
            311,
            6767,
            2368,
            3035,
            322,
            8637,
            311,
            311,
            6767,
            2368,
            3035,
            322,
            8637,
            311,
            311,
            6767,
            2368,
            3035,
            322,
            8637,
            311,
            311,
            311
          ],
          "safe": [],
          "conflicts": []
        },
        "TODReceiver": {
          "completed": true,
          "hasViolations": true,
          "hasWarnings": true,
          "hasSafe": false,
          "hasConflicts": false,
          "violations": [
            3035,
            322,
            3035,
            322,
            3035,
            322,
            3035,
            322
          ],
          "warnings": [
            6767,
            2368,
            8637,
            311,
            6767,
            2368,
            8637,
            311,
            311,
            6767,
            2368,
            8637,
            311,
            311,
            6767,
            2368,
            8637,
            311,
            311,
            311
          ],
          "safe": [],
          "conflicts": []
        },
        "TODTransfer": {
          "completed": true,
          "hasViolations": false,
          "hasWarnings": true,
          "hasSafe": true,
          "hasConflicts": true,
          "violations": [],
          "warnings": [
            311,
            311,
            311
          ],
          "safe": [
            6767,
            2368,
            8637,
            311,
            6767,
            2368,
            8637,
            311,
            6767,
            2368,
            8637,
            311,
            6767,
            2368,
            8637,
            311,
            311
          ],
          "conflicts": [
            3035,
            322,
            3035,
            322,
            3035,
            322,
            3035,
            322
          ]
        },
        "UnhandledException": {
          "completed": true,
          "hasViolations": false,
          "hasWarnings": false,
          "hasSafe": true,
          "hasConflicts": false,
          "violations": [],
          "warnings": [],