{
  "contract": "0xc6689eb9a6d724b8d7b1d923ffd65b7005da1b62",
  "tool": "securify",
  "start": 1563461222.4334521,
  "end": 1563462852.3090038,
  "duration": 1629.875551700592,
  "analysis": {
    "0xc6689eb9a6d724b8d7b1d923ffd65b7005da1b62": {
      "results": {
        "DAO": {
          "completed": true,
          "hasViolations": false,
          "hasWarnings": false,
          "hasSafe": false,
          "hasConflicts": false,
          "violations": [],
          "warnings": [],
          "safe": [],
          "conflicts": []
        },
        "DAOConstantGas": {
          "completed": true,
          "hasViolations": false,
          "hasWarnings": false,
          "hasSafe": true,
          "hasConflicts": false,
          "violations": [],
          "warnings": [],
          "safe": [
            2678,
            2678,
            2678,
            2678,
            2678,
            2678,
            2678,
            2678,
            2678,
            2678,
            2678,
            2678,
            2678,
            2678,
            2678,
            2678,
            2678,
            2678,
            2678,
            2678,
            2678,
            2678
          ],
          "conflicts": []
        },
        "MissingInputValidation": {
          "completed": true,
          "hasViolations": true,
          "hasWarnings": true,
          "hasSafe": true,
          "hasConflicts": false,
          "violations": [
            1847,
            1608,
            1865,
            2700,
            1389,
            1553,
            2392,
            1989,
            2600,
            2369,
            2802,
            2392,
            2369,
            2600,
            2700,
            1553,
            1865,
            1608,
            1847,
            1989,
            1389,
            2802,
            1079,
            1847,
            1608,
            1865,
            2700,
            1389,
            1553,
            2392,
            1989,
            2600,
            2369,
            2802,
            2392,
            2369,
            2600,
            2700,
            1553,
            1865,
            1608,
            1847,
            1989,
            1389,
            2802,
            1079,
            1847,
            1608,
            1865,
            2700,
            1389,
            1553,
            2392,
            1989,
            2600,
            2369,
            2802,
            2392,
            2369,
            2600,
            2700,
            1553,
            1865,
            1608,
            1847,
            1989,
            1389,
            2802,
            1079,
            1847,
            1608,
            1865,
            2700,
            1389,
            1553,
            2392,
            1989,
            2600,
            2369,
            2802,
            2392,
            2369,
            2600,
            2700,
            1553,
            1865,
            1608,
            1847,
            1989,
            1389,
            2802,
            1079,
            1368,
            1847,
            1608,
            1865,
            2700,
            1389,
            1553,
            2392,
            1989,
            2600,
            2369,
            2802,
            2392,
            2369,
            2600,
            2700,
            1553,
            1865,
            1608,
            1847,
            1989,
            1389,
            2802,
            1079,
            1368,
            1847,
            1608,
            1865,
            2700,
            1389,
            1553,
            2392,
            1989,
            2600,
            2369,
            2802,
            2392,
            2369,
            2600,
            2700,
            1553,
            1865,
            1608,
            1847,
            1989,
            1389,
            2802,
            1079,
            1368,
            1847,
            1608,
            1865,
            2700,
            1389,
            1553,
            2392,
            1989,
            2600,
            2369,
            2802,
            2392,
            2369,
            2600,
            2700,
            1553,
            1865,
            1608,
            1847,
            1989,
            1389,
            2802,
            1079,
            1368,
            1847,
            1608,
            1865,
            2700,
            1389,
            1553,
            2392,
            1989,
            2600,
            2369,
            2802,
            2392,
            2369,
            2600,
            2700,
            1553,
            1865,
            1608,
            1847,
            1989,
            1389,
            2802,
            1079,
            1368,
            1931,
            1847,
            1608,
            1865,
            2700,
            1389,
            1553,
            2392,
            1989,
            2600,
            2369,
            2802,
            2392,
            2369,
            2600,
            2700,
            1553,
            1865,
            1608,
            1847,
            1989,
            1389,
            2802,
            1079,
            1368,
            1931,
            1847,
            1608,
            1865,
            2700,
            1389,
            1553,
            2392,
            1989,
            2600,
            2369,
            2802,
            2392,
            2369,
            2600,
            2700,
            1553,
            1865,
            1608,
            1847,
            1989,
            1389,
            2802,
            1079,
            1368,
            1931,
            1134,
            1847,
            1608,
            1865,
            2700,
            1389,
            1553,
            2392,
            1989,
            2600,
            2369,
            2802,
            2392,
            2369,
            2600,
            2700,
            1553,
            1865,
            1608,
            1847,
            1989,
            1389,
            2802,
            1079,
            1368,
            1931,
            1134,
            1386
          ],
          "warnings": [
            2627,
            2358,
            2627,
            2358,
            2627,
            2358,
            2627,
            2358,
            2627,
            2358,
            2627,
            2358,
            2627,
            2358,
            2627,
            2358,
            2627,
            2358,
            2627,
            2358,
            2627,
            2358,
            2627,
            2358,
            2627,
            2358,
            2627,
            2358,
            2627,
            2358,
            2627,
            2358,
            2627,
            2358,
            2627,
            2358,
            1712,
            2627,
            2358,
            2627,
            2358,
            1712,
            2627,
            2358,
            2627,
            2358,
            1712
          ],