{
  "contract": "0x8a07183cec562506f7ec29be42d7f5a14ee9e484",
  "tool": "securify",
  "start": 1563543506.6690297,
  "end": 1563545310.5399432,
  "duration": 1803.8709135055542,
  "analysis": {
    "0x8a07183cec562506f7ec29be42d7f5a14ee9e484": {
      "results": {
        "DAO": {
          "completed": true,
          "hasViolations": true,
          "hasWarnings": false,
          "hasSafe": true,
          "hasConflicts": false,
          "violations": [
            2936,
            2936,
            2936,
            2936,
            2936,
            2936,
            2936
          ],
          "warnings": [],
          "safe": [
            1922,
            3492,
            1922,
            3492,
            1922,
            3492,
            1922,
            3492,
            1922,
            3492,
            1922,
            3492,
            1922,
            3492
          ],
          "conflicts": []
        },
        "DAOConstantGas": {
          "completed": true,
          "hasViolations": false,
          "hasWarnings": false,
          "hasSafe": false,
          "hasConflicts": false,
          "violations": [],
          "warnings": [],
          "safe": [],
          "conflicts": []
        },
        "MissingInputValidation": {
          "completed": true,
          "hasViolations": true,
          "hasWarnings": false,
          "hasSafe": true,
          "hasConflicts": false,
          "violations": [
            247,
            431,
            629,
            580,
            332,
            481,
            395,
            274,
            481,
            332,
            629,
            431,
            538,
            332,
            439,
            2495,
            1526,
            2446,
            2320,
            2397,
            2200,
            2047,
            1487,
            3331,
            2096,
            2159,
            3753,
            1998,
            3802,
            1380,
            2818,
            247,
            431,
            629,
            580,
            332,
            481,
            395,
            274,
            481,
            332,
            629,
            431,
            538,
            332,
            439,
            2495,
            1526,
            2446,
            2320,
            2397,
            2200,
            2047,
            1487,
            3331,
            2096,
            2159,
            3753,
            1998,
            3802,
            1380,
            2818,
            247,
            431,
            629,
            580,
            332,
            481,
            395,
            274,
            481,
            332,
            629,
            431,
            538,
            332,
            439,
            2495,
            1526,
            2446,
            2320,
            2397,
            2200,
            2047,
            1487,
            3331,
            2096,
            2159,
            3753,
            1998,
            3802,
            1380,
            2818,
            247,
            431,
            629,
            580,
            332,
            481,
            395,
            274,
            481,
            332,
            629,
            431,
            538,
            332,
            439,
            2495,
            1526,
            2446,
            2320,
            2397,
            2200,
            2047,
            1487,
            3331,
            2096,
            2159,
            3753,
            1998,
            3802,
            1380,
            2818,
            467,
            247,
            431,
            629,
            580,
            332,
            481,
            395,
            274,
            481,
            332,
            629,
            431,
            538,
            332,
            439,
            2495,
            1526,
            2446,
            2320,
            2397,
            2200,
            2047,
            1487,
            3331,
            2096,
            2159,
            3753,
            1998,
            3802,
            1380,
            2818,
            467,
            247,
            431,
            629,
            580,
            332,
            481,
            395,
            274,
            481,
            332,
            629,
            431,
            538,
            332,
            439,
            2495,
            1526,
            2446,
            2320,
            2397,
            2200,
            2047,
            1487,
            3331,
            2096,
            2159,
            3753,
            1998,
            3802,
            1380,
            2818,
            467,
            332,
            247,
            431,
            629,
            580,
            332,
            481,
            395,
            274,
            481,
            332,
            629,
            431,
            538,
            332,
            439,
            2495,
            1526,
            2446,
            2320,
            2397,
            2200,
            2047,
            1487,
            3331,
            2096,
            2159,
            3753,
            1998,
            3802,
            1380,
            2818,
            467,
            332
          ],
          "warnings": [],