{
  "contract": "0x0bb622a8c564bdc98e8f40f23e5077cd4a8699ea",
  "tool": "securify",
  "start": 1563404547.0188897,
  "end": 1563406349.2445657,
  "duration": 1802.225676059723,
  "analysis": {
    "0x0bb622a8c564bdc98e8f40f23e5077cd4a8699ea": {
      "results": {
        "DAO": {
          "completed": true,
          "hasViolations": false,
          "hasWarnings": false,
          "hasSafe": true,
          "hasConflicts": false,
          "violations": [],
          "warnings": [],
          "safe": [
            5142,
            5142,
            5142,
            5142,
            5142,
            5142,
            5142,
            5142
          ],
          "conflicts": []
        },
        "DAOConstantGas": {
          "completed": true,
          "hasViolations": true,
          "hasWarnings": false,
          "hasSafe": true,
          "hasConflicts": false,
          "violations": [
            8325,
            8325,
            8325,
            3140,
            8325,
            3140,
            8325,
            3140,
            8325,
            3140,
            8325,
            3140,
            8325,
            3140,
            8325,
            3140,
            8325,
            3140,
            8325,
            3140,
            8325,
            3140,
            8325,
            3140,
            8325,
            3140,
            8325,
            3140,
            8325,
            3140,
            8325,
            3140,
            8325,
            3140,
            8325,
            3140,
            8325,
            3140,
            8325,
            3140
          ],
          "warnings": [],
          "safe": [
            6066,
            5048,
            6066,
            5048,
            6066,
            5048,
            6066,
            5048,
            6066,
            5048,
            6066,
            5048,
            6066,
            5048,
            6066,
            5048,
            11072
          ],
          "conflicts": []
        },
        "MissingInputValidation": {
          "completed": true,
          "hasViolations": true,
          "hasWarnings": false,
          "hasSafe": true,
          "hasConflicts": false,
          "violations": [
            7741,
            7741,
            3968,
            7741,
            3968,
            2695,
            7741,
            3968,
            2695,
            9534,
            7741,
            3968,
            2695,
            9534,
            8559,
            7741,
            3968,
            2695,
            9534,
            8559,
            9679,
            7741,
            3968,
            2695,
            9534,
            8559,
            9679,
            7741,
            3968,
            2695,
            9534,
            8559,
            9679,
            7741,
            3968,
            2695,
            9534,
            8559,
            9679,
            4066,
            7741,
            3968,
            2695,
            9534,
            8559,
            9679,
            4066,
            7741,
            3968,
            2695,
            9534,
            8559,
            9679,
            4066,
            11660,
            7741,
            3968,
            2695,
            9534,
            8559,
            9679,
            4066,
            11660,
            3870,
            7741,
            3968,
            2695,
            9534,
            8559,
            9679,
            4066,
            11660,
            3870,
            3565,
            7741,
            3968,
            2695,
            9534,
            8559,
            9679,
            4066,
            11660,
            3870,
            3565,
            4115,
            7741,
            3968,
            2695,
            9534,
            8559,
            9679,
            4066,
            11660,
            3870,
            3565,
            4115,
            7741,
            3968,
            2695,
            9534,
            8559,
            9679,
            4066,
            11660,
            3870,
            3565,
            4115,
            11515,
            7741,
            3968,
            2695,
            9534,
            8559,
            9679,
            4066,
            11660,
            3870,
            3565,
            4115,
            11515,
            7741,
            3968,
            2695,
            9534,
            8559,
            9679,
            4066,
            11660,
            3870,
            3565,
            4115,
            11515,
            8510,
            7741,
            3968,
            2695,
            9534,
            8559,
            9679,
            4066,
            11660,
            3870,
            3565,
            4115,
            11515,
            8510,
            9776,
            7741,
            3968,
            2695,
            9534,
            8559,
            9679,
            4066,
            11660,
            3870,
            3565,
            4115,
            11515,
            8510,
            9776,
            1361,
            7741,
            3968,
            2695,
            9534,
            8559,
            9679,
            4066,
            11660,
            3870,
            3565,
            4115,
            11515,
            8510,
            9776,
            1361,
            10415
          ],
          "warnings": [],
          "safe": [
            11715,
            11715,
            3623,
            11715,
            3623,
            11715,
            3623,
            11752,
            11715,
            3623,
            11752,
            11715,
            3623,
            11752,
            11715,
            3623,
            11752,
            11715,
            3623,
            11752,
            11715,
            3623,
            11752,
            11798,
            11715,
            3623,
            11752,
            11798,
            11715,
            3623,
            11752,
            11798,
            11774,
            11715,
            3623,
            11752,
            11798,
            11774,
            11715,
            3623,
            11752,
            11798,
            11774,
            11715,
            3623,
            11752,
            11798,
            11774,
            11715,
            3623,
            11752,
            11798,
            11774
          ],
          "conflicts": []
        },
        "TODAmount": {
          "completed": true,
          "hasViolations": false,
          "hasWarnings": true,
          "hasSafe": true,
          "hasConflicts": false,
          "violations": [],
          "warnings": [
            8325,
            8325,
            8325,
            8325,
            8325,
            8325,
            8325,
            8325,
            8325,
            8325,
            8325,
            8325,
            8325,
            8325,
            6066,
            5048,
            5142,
            8325,
            6066,
            5048,
            5142,
            8325,
            6066,
            5048,
            5142,
            8325,
            6066,
            5048,
            5142,
            8325,
            6066,
            5048,
            5142,
            8325,
            6066,
            5048,
            5142,
            8325,
            6066,
            5048,
            5142,
            8325,
            6066,
            5048,
            5142,
            11072
          ],