{
  "contract": "0x6a04f1b8cd341232b59c8bc70a102c45f6b29b38",
  "tool": "securify",
  "start": 1563673095.4969997,
  "end": 1563673714.335703,
  "duration": 618.8387031555176,
  "analysis": {
    "/unique_chucks/33/0x6a04f1b8cd341232b59c8bc70a102c45f6b29b38.sol:ICO": {
      "results": {
        "TODReceiver": {
          "violations": [],
          "warnings": [
            263
          ],
          "safe": [
            189,
            203,
            241,
            251,
            253
          ],
          "conflicts": []
        },
        "UnhandledException": {
          "violations": [],
          "warnings": [
            189,
            203,
            241,
            251,
            253,
            263
          ],
          "safe": [],
          "conflicts": []
        },
        "TODTransfer": {
          "violations": [
            241
          ],
          "warnings": [],
          "safe": [
            189,
            203,
            251,
            253
          ],
          "conflicts": [
            263
          ]
        },
        "DAO": {
          "violations": [
            253
          ],
          "warnings": [
            189,
            203,
            251
          ],
          "safe": [],
          "conflicts": []
        },
        "TODAmount": {
          "violations": [
            241
          ],
          "warnings": [],
          "safe": [
            189,
            203,
            251,
            253,
            263
          ],
          "conflicts": []
        },
        "MissingInputValidation": {
          "violations": [
            112
          ],
          "warnings": [
            59,
            110,
            217,
            111,
            9,
            108,
            71,
            102,
            209,
            92,
            64,
            103,
            239,
            46,
            105,
            106,
            104,
            258,
            107,
            37,
            109
          ],
          "safe": [
            182,
            195
          ],
          "conflicts": []
        },
        "DAOConstantGas": {
          "violations": [
            241,
            263
          ],
          "warnings": [],
          "safe": [],
          "conflicts": []
        },
        "UnrestrictedEtherFlow": {
          "violations": [],
          "warnings": [
            241
          ],
          "safe": [
            189,
            203,
            251,
            253,
            263
          ],
          "conflicts": []
        }
      }
    },
    "/unique_chucks/33/0x6a04f1b8cd341232b59c8bc70a102c45f6b29b38.sol:Pausable": {
      "results": {
        "TODReceiver": {
          "violations": [],
          "warnings": [
            -1
          ],
          "safe": [
            -1
          ],
          "conflicts": []
        },
        "UnhandledException": {
          "violations": [],
          "warnings": [
            -1
          ],
          "safe": [],
          "conflicts": []
        },
        "TODTransfer": {
          "violations": [
            -1
          ],
          "warnings": [],
          "safe": [
            -1
          ],
          "conflicts": [
            -1
          ]
        },
        "DAO": {
          "violations": [
            -1
          ],
          "warnings": [
            -1
          ],
          "safe": [],
          "conflicts": []
        },
        "TODAmount": {
          "violations": [
            -1
          ],
          "warnings": [],
          "safe": [
            -1
          ],
          "conflicts": []
        },
        "MissingInputValidation": {
          "violations": [
            -1
          ],
          "warnings": [
            -1,
            0,
            1,
            64,
            9,
            37,
            59,
            46
          ],
          "safe": [
            -1
          ],
          "conflicts": []
        },
        "DAOConstantGas": {
          "violations": [
            -1
          ],
          "warnings": [],
          "safe": [],
          "conflicts": []
        },
        "UnrestrictedEtherFlow": {
          "violations": [],
          "warnings": [
            -1
          ],
          "safe": [
            -1
          ],
          "conflicts": []
        }
      }
    },
    "/unique_chucks/33/0x6a04f1b8cd341232b59c8bc70a102c45f6b29b38.sol:SafeMath": {
      "results": {
        "TODReceiver": {
          "violations": [],
          "warnings": [
            -1
          ],
          "safe": [
            -1
          ],
          "conflicts": []
        },
        "UnhandledException": {
          "violations": [],
          "warnings": [
            -1
          ],
          "safe": [],
          "conflicts": []
        },
        "TODTransfer": {
          "violations": [
            -1
          ],
          "warnings": [],
          "safe": [
            -1
          ],
          "conflicts": [
            -1
          ]
        },
        "DAO": {
          "violations": [
            -1
          ],
          "warnings": [
            -1
          ],
          "safe": [],
          "conflicts": []
        },
        "TODAmount": {
          "violations": [
            -1
          ],
          "warnings": [],
          "safe": [
            -1
          ],
          "conflicts": []
        },
        "MissingInputValidation": {
          "violations": [],
          "warnings": [],
          "safe": [],
          "conflicts": []
        },
        "DAOConstantGas": {
          "violations": [
            -1
          ],
          "warnings": [],
          "safe": [],
          "conflicts": []
        },
        "UnrestrictedEtherFlow": {
          "violations": [],
          "warnings": [
            -1
          ],
          "safe": [
            -1
          ],
          "conflicts": []
        }
      }
    },
    "/unique_chucks/33/0x6a04f1b8cd341232b59c8bc70a102c45f6b29b38.sol:Ownable": {
      "results": {
        "TODReceiver": {
          "violations": [],
          "warnings": [
            -1
          ],
          "safe": [
            -1
          ],
          "conflicts": []
        },
        "UnhandledException": {
          "violations": [],
          "warnings": [
            -1
          ],
          "safe": [],
          "conflicts": []
        },
        "TODTransfer": {
          "violations": [
            -1
          ],
          "warnings": [],
          "safe": [
            -1
          ],
          "conflicts": [
            -1
          ]
        },
        "DAO": {
          "violations": [
            -1
          ],
          "warnings": [
            -1
          ],
          "safe": [],
          "conflicts": []
        },
        "TODAmount": {
          "violations": [
            -1
          ],
          "warnings": [],
          "safe": [
            -1
          ],
          "conflicts": []
        },
        "MissingInputValidation": {
          "violations": [
            -1
          ],
          "warnings": [
            -1,
            37,
            9
          ],
          "safe": [
            -1
          ],
          "conflicts": []
        },
        "DAOConstantGas": {
          "violations": [
            -1
          ],
          "warnings": [],
          "safe": [],
          "conflicts": []
        },
        "UnrestrictedEtherFlow": {
          "violations": [],
          "warnings": [
            -1
          ],
          "safe": [
            -1
          ],
          "conflicts": []
        }
      }
    },
    "/unique_chucks/33/0x6a04f1b8cd341232b59c8bc70a102c45f6b29b38.sol:token": {
      "results": {
        "TODReceiver": {
          "violations": [],
          "warnings": [
            -1
          ],
          "safe": [
            -1
          ],
          "conflicts": []
        },
        "UnhandledException": {
          "violations": [],