{
  "contract": "0x60cd862c9c687a9de49aecdc3a99b74a4fc54ab6",
  "tool": "securify",
  "start": 1563467515.824371,
  "end": 1563469323.8919876,
  "duration": 1808.0676164627075,
  "analysis": {
    "0x60cd862c9c687a9de49aecdc3a99b74a4fc54ab6": {
      "results": {
        "DAO": {
          "completed": true,
          "hasViolations": false,
          "hasWarnings": false,
          "hasSafe": false,
          "hasConflicts": false,
          "violations": [],
          "warnings": [],
          "safe": [],
          "conflicts": []
        },
        "DAOConstantGas": {
          "completed": true,
          "hasViolations": false,
          "hasWarnings": false,
          "hasSafe": true,
          "hasConflicts": false,
          "violations": [],
          "warnings": [],
          "safe": [
            5608,
            5608,
            5608,
            5608,
            3532,
            5608,
            3532,
            5608,
            3532,
            5608,
            3532,
            5608,
            3532,
            5608,
            3532,
            5608,
            3532,
            5608,
            3532,
            5608,
            3532,
            5608,
            3532,
            5608,
            3532
          ],
          "conflicts": []
        },
        "MissingInputValidation": {
          "completed": true,
          "hasViolations": true,
          "hasWarnings": false,
          "hasSafe": true,
          "hasConflicts": false,
          "violations": [
            5042,
            5042,
            5042,
            4077,
            5042,
            4077,
            7666,
            5042,
            4077,
            7666,
            4676,
            5042,
            4077,
            7666,
            4676,
            5042,
            4077,
            7666,
            4676,
            5042,
            4077,
            7666,
            4676,
            6395,
            5042,
            4077,
            7666,
            4676,
            6395,
            3441,
            5042,
            4077,
            7666,
            4676,
            6395,
            3441,
            5042,
            4077,
            7666,
            4676,
            6395,
            3441,
            5042,
            4077,
            7666,
            4676,
            6395,
            3441,
            2311,
            5042,
            4077,
            7666,
            4676,
            6395,
            3441,
            2311,
            4963,
            5042,
            4077,
            7666,
            4676,
            6395,
            3441,
            2311,
            4963,
            5042,
            4077,
            7666,
            4676,
            6395,
            3441,
            2311,
            4963,
            5042,
            4077,
            7666,
            4676,
            6395,
            3441,
            2311,
            4963,
            5042,
            4077,
            7666,
            4676,
            6395,
            3441,
            2311,
            4963,
            6688,
            5042,
            4077,
            7666,
            4676,
            6395,
            3441,
            2311,
            4963,
            6688,
            5042,
            4077,
            7666,
            4676,
            6395,
            3441,
            2311,
            4963,
            6688,
            5042,
            4077,
            7666,
            4676,
            6395,
            3441,
            2311,
            4963,
            6688,
            4478,
            5042,
            4077,
            7666,
            4676,
            6395,
            3441,
            2311,
            4963,
            6688,
            4478,
            5042,
            4077,
            7666,
            4676,
            6395,
            3441,
            2311,
            4963,
            6688,
            4478,
            5362,
            5042,
            4077,
            7666,
            4676,
            6395,
            3441,
            2311,
            4963,
            6688,
            4478,
            5362,
            5042,
            4077,
            7666,
            4676,
            6395,
            3441,
            2311,
            4963,
            6688,
            4478,
            5362,
            5042,
            4077,
            7666,
            4676,
            6395,
            3441,
            2311,
            4963,
            6688,
            4478,
            5362,
            5042,
            4077,
            7666,
            4676,
            6395,
            3441,
            2311,
            4963,
            6688,
            4478,
            5362,
            6753,
            5042,
            4077,
            7666,
            4676,
            6395,
            3441,
            2311,
            4963,
            6688,
            4478,
            5362,
            6753,
            7282,
            5042,
            4077,
            7666,
            4676,
            6395,
            3441,
            2311,
            4963,
            6688,
            4478,
            5362,
            6753,
            7282,
            5042,
            4077,
            7666,
            4676,
            6395,
            3441,
            2311,
            4963,
            6688,
            4478,
            5362,
            6753,
            7282,
            5042,
            4077,
            7666,
            4676,
            6395,
            3441,
            2311,
            4963,
            6688,
            4478,
            5362,
            6753,
            7282,
            3046,
            5042,
            4077,
            7666,
            4676,
            6395,
            3441,
            2311,
            4963,
            6688,
            4478,
            5362,
            6753,
            7282,
            3046,
            3589,
            5042,
            4077,
            7666,
            4676,
            6395,
            3441,
            2311,
            4963,
            6688,
            4478,
            5362,
            6753,
            7282,
            3046,
            3589,
            5042,
            4077,
            7666,
            4676,
            6395,
            3441,
            2311,
            4963,
            6688,
            4478,
            5362,
            6753,
            7282,
            3046,
            3589,
            5042,
            4077,
            7666,
            4676,
            6395,
            3441,
            2311,
            4963,
            6688,
            4478,
            5362,
            6753,
            7282,
            3046,
            3589,
            5042,
            4077,
            7666,
            4676,
            6395,
            3441,
            2311,
            4963,
            6688,
            4478,
            5362,
            6753,
            7282,
            3046,
            3589
          ],
          "warnings": [],