{
  "contract": "0x748850413d78bd2f5189e8f5965ce060f7a9a3a9",
  "tool": "securify",
  "start": 1563536322.2073138,
  "end": 1563536961.0891054,
  "duration": 638.8817915916443,
  "analysis": {
    "/unique_chucks/11/0x748850413d78bd2f5189e8f5965ce060f7a9a3a9.sol:Athleticoin": {
      "results": {
        "TODReceiver": {
          "violations": [
            122,
            137
          ],
          "warnings": [
            167
          ],
          "safe": [
            88,
            101,
            102,
            121,
            135,
            136
          ],
          "conflicts": []
        },
        "UnhandledException": {
          "violations": [],
          "warnings": [
            88,
            101,
            102,
            167,
            121,
            122,
            135,
            136,
            137
          ],
          "safe": [],
          "conflicts": []
        },
        "TODTransfer": {
          "violations": [
            167
          ],
          "warnings": [],
          "safe": [],
          "conflicts": [
            88,
            101,
            102,
            121,
            122,
            135,
            136,
            137
          ]
        },
        "DAO": {
          "violations": [],
          "warnings": [],
          "safe": [],
          "conflicts": []
        },
        "TODAmount": {
          "violations": [],
          "warnings": [],
          "safe": [
            88
          ],
          "conflicts": [
            101,
            102,
            167,
            121,
            122,
            135,
            136,
            137
          ]
        },
        "MissingInputValidation": {
          "violations": [
            61,
            182,
            73,
            77,
            10,
            173,
            145,
            9,
            68
          ],
          "warnings": [
            4,
            13,
            5,
            200,
            153,
            57,
            162,
            12,
            15,
            109,
            16,
            208,
            204,
            7
          ],
          "safe": [
            193
          ],
          "conflicts": []
        },
        "DAOConstantGas": {
          "violations": [],
          "warnings": [
            88,
            101,
            102,
            167,
            121,
            122,
            135,
            136,
            137
          ],
          "safe": [],
          "conflicts": []
        },
        "UnrestrictedEtherFlow": {
          "violations": [],
          "warnings": [
            167
          ],
          "safe": [
            88,
            101,
            102,
            121,
            122,
            135,
            136,
            137
          ],
          "conflicts": []
        }
      }
    }
  }
}