{
  "contract": "0xc78f39b80240af33e3a2d18f7c3d5b91a651d92a",
  "tool": "securify",
  "start": 1563749039.3546727,
  "end": 1563749620.458727,
  "duration": 581.1040542125702,
  "analysis": {
    "0xc78f39b80240af33e3a2d18f7c3d5b91a651d92a": {
      "results": {
        "DAO": {
          "completed": true,
          "hasViolations": false,
          "hasWarnings": false,
          "hasSafe": false,
          "hasConflicts": false,
          "violations": [],
          "warnings": [],
          "safe": [],
          "conflicts": []
        },
        "DAOConstantGas": {
          "completed": true,
          "hasViolations": false,
          "hasWarnings": false,
          "hasSafe": false,
          "hasConflicts": false,
          "violations": [],
          "warnings": [],
          "safe": [],
          "conflicts": []
        },
        "MissingInputValidation": {
          "completed": true,
          "hasViolations": true,
          "hasWarnings": false,
          "hasSafe": true,
          "hasConflicts": false,
          "violations": [
            556,
            556,
            556,
            556,
            556,
            853,
            556,
            853,
            556,
            853,
            556,
            853,
            556,
            853,
            556,
            853,
            556,
            853,
            556,
            853,
            556,
            853
          ],
          "warnings": [],
          "safe": [
            297,
            168,
            283,
            311,
            441,
            643,
            722,
            379,
            619,
            750,
            736,
            393,
            605,
            753,
            297,
            168,
            283,
            311,
            441,
            643,
            722,
            379,
            619,
            750,
            736,
            393,
            605,
            753,
            1033,
            297,
            168,
            283,
            311,
            441,
            643,
            722,
            379,
            619,
            750,
            736,
            393,
            605,
            753,
            1033,
            638,
            297,
            168,
            283,
            311,
            441,
            643,
            722,
            379,
            619,
            750,
            736,
            393,
            605,
            753,
            1033,
            638,
            1019,
            297,
            168,
            283,
            311,
            441,
            643,
            722,
            379,
            619,
            750,
            736,
            393,
            605,
            753,
            1033,
            638,
            1019,
            297,
            168,
            283,
            311,
            441,
            643,
            722,
            379,
            619,
            750,
            736,
            393,
            605,
            753,
            1033,
            638,
            1019,
            576,
            297,
            168,
            283,
            311,
            441,
            643,
            722,
            379,
            619,
            750,
            736,
            393,
            605,
            753,
            1033,
            638,
            1019,
            576,
            916,
            297,
            168,
            283,
            311,
            441,
            643,
            722,
            379,
            619,
            750,
            736,
            393,
            605,
            753,
            1033,
            638,
            1019,
            576,
            916,
            1047,
            297,
            168,
            283,
            311,
            441,
            643,
            722,
            379,
            619,
            750,
            736,
            393,
            605,
            753,
            1033,
            638,
            1019,
            576,
            916,
            1047,
            902,
            297,
            168,
            283,
            311,
            441,
            643,
            722,
            379,
            619,
            750,
            736,
            393,
            605,
            753,
            1033,
            638,
            1019,
            576,
            916,
            1047,
            902,
            463,
            297,
            168,
            283,
            311,
            441,
            643,
            722,
            379,
            619,
            750,
            736,
            393,
            605,
            753,
            1033,
            638,
            1019,
            576,
            916,
            1047,
            902,
            463,
            624,
            297,
            168,
            283,
            311,
            441,
            643,
            722,
            379,
            619,
            750,
            736,
            393,
            605,
            753,
            1033,
            638,
            1019,
            576,
            916,
            1047,
            902,
            463,
            624,
            477,
            297,
            168,
            283,
            311,
            441,
            643,
            722,
            379,
            619,
            750,
            736,
            393,
            605,
            753,
            1033,
            638,
            1019,
            576,
            916,
            1047,
            902,
            463,
            624,
            477,
            940
          ],
          "conflicts": []
        },
        "TODAmount": {
          "completed": true,
          "hasViolations": false,
          "hasWarnings": false,
          "hasSafe": false,
          "hasConflicts": false,
          "violations": [],
          "warnings": [],
          "safe": [],
          "conflicts": []
        },
        "TODReceiver": {
          "completed": true,
          "hasViolations": false,
          "hasWarnings": false,
          "hasSafe": false,
          "hasConflicts": false,
          "violations": [],
          "warnings": [],
          "safe": [],
          "conflicts": []
        },
        "TODTransfer": {
          "completed": true,
          "hasViolations": false,
          "hasWarnings": false,
          "hasSafe": false,
          "hasConflicts": false,
          "violations": [],
          "warnings": [],
          "safe": [],
          "conflicts": []
        },
        "UnhandledException": {
          "completed": true,
          "hasViolations": false,
          "hasWarnings": false,
          "hasSafe": false,
          "hasConflicts": false,
          "violations": [],
          "warnings": [],
          "safe": [],
          "conflicts": []
        },
        "UnrestrictedEtherFlow": {
          "completed": true,
          "hasViolations": false,
          "hasWarnings": false,
          "hasSafe": false,
          "hasConflicts": false,
          "violations": [],
          "warnings": [],
          "safe": [],
          "conflicts": []
        }
      }
    }
  }
}