{
  "contract": "0xd2943044a142895fe07650c3bcd70bd2e17885d9",
  "tool": "securify",
  "start": 1563551014.9605596,
  "end": 1563551341.0025218,
  "duration": 326.04196214675903,
  "analysis": {
    "/unique_chucks/11/0xd2943044a142895fe07650c3bcd70bd2e17885d9.sol:Moongang": {
      "results": {
        "TODReceiver": {
          "violations": [
            137
          ],
          "warnings": [
            274,
            292,
            131,
            132
          ],
          "safe": [],
          "conflicts": [
            146,
            130,
            162
          ]
        },
        "UnhandledException": {
          "violations": [],
          "warnings": [
            253,
            235,
            274,
            146,
            292,
            130,
            162,
            131,
            132,
            137
          ],
          "safe": [],
          "conflicts": []
        },
        "TODTransfer": {
          "violations": [],
          "warnings": [],
          "safe": [],
          "conflicts": [
            274,
            146,
            292,
            130,
            162,
            131,
            132,
            137
          ]
        },
        "DAO": {
          "violations": [],
          "warnings": [],
          "safe": [],
          "conflicts": []
        },
        "TODAmount": {
          "violations": [
            137
          ],
          "warnings": [],
          "safe": [],
          "conflicts": [
            274,
            146,
            292,
            130,
            162,
            131,
            132
          ]
        },
        "MissingInputValidation": {
          "violations": [],
          "warnings": [],
          "safe": [],
          "conflicts": []
        },
        "DAOConstantGas": {
          "violations": [
            130,
            131,
            132
          ],
          "warnings": [
            274,
            146,
            292,
            162,
            137
          ],
          "safe": [],
          "conflicts": []
        },
        "UnrestrictedEtherFlow": {
          "violations": [],
          "warnings": [
            253,
            235,
            274,
            146,
            292,
            130,
            162,
            131,
            132,
            137
          ],
          "safe": [],
          "conflicts": []
        }
      }
    },
    "/unique_chucks/11/0xd2943044a142895fe07650c3bcd70bd2e17885d9.sol:SafeMath": {
      "results": {
        "TODReceiver": {
          "violations": [
            -1
          ],
          "warnings": [
            -1
          ],
          "safe": [],
          "conflicts": [
            -1
          ]
        },
        "UnhandledException": {
          "violations": [],
          "warnings": [
            -1
          ],
          "safe": [],
          "conflicts": []
        },
        "TODTransfer": {
          "violations": [],
          "warnings": [],
          "safe": [],
          "conflicts": [
            -1
          ]
        },
        "DAO": {
          "violations": [],
          "warnings": [],
          "safe": [],
          "conflicts": []
        },
        "TODAmount": {
          "violations": [
            -1
          ],
          "warnings": [],
          "safe": [],
          "conflicts": [
            -1
          ]
        },
        "MissingInputValidation": {
          "violations": [],
          "warnings": [],
          "safe": [],
          "conflicts": []
        },
        "DAOConstantGas": {
          "violations": [
            -1
          ],
          "warnings": [
            -1
          ],
          "safe": [],
          "conflicts": []
        },
        "UnrestrictedEtherFlow": {
          "violations": [],
          "warnings": [
            -1
          ],
          "safe": [],
          "conflicts": []
        }
      }
    },
    "/unique_chucks/11/0xd2943044a142895fe07650c3bcd70bd2e17885d9.sol:ERC20": {
      "results": {
        "TODReceiver": {
          "violations": [],
          "warnings": [],
          "safe": [],
          "conflicts": []
        },
        "UnhandledException": {
          "violations": [],
          "warnings": [],
          "safe": [],
          "conflicts": []
        },
        "TODTransfer": {
          "violations": [],
          "warnings": [],
          "safe": [],
          "conflicts": []
        },
        "DAO": {
          "violations": [],
          "warnings": [],
          "safe": [],
          "conflicts": []
        },
        "TODAmount": {
          "violations": [],
          "warnings": [],
          "safe": [],
          "conflicts": []
        },
        "MissingInputValidation": {
          "violations": [],
          "warnings": [],
          "safe": [],
          "conflicts": []
        },
        "DAOConstantGas": {
          "violations": [],
          "warnings": [],
          "safe": [],
          "conflicts": []
        },
        "UnrestrictedEtherFlow": {
          "violations": [],
          "warnings": [],
          "safe": [],
          "conflicts": []
        }
      }
    }
  }
}