{
  "contract": "0x24d530c0e939f665e535f30d3858c1c3283e8d28",
  "tool": "securify",
  "start": 1563517527.4803188,
  "end": 1563519330.3929741,
  "duration": 1802.9126553535461,
  "analysis": {
    "0x24d530c0e939f665e535f30d3858c1c3283e8d28": {
      "results": {
        "DAO": {
          "completed": true,
          "hasViolations": false,
          "hasWarnings": false,
          "hasSafe": false,
          "hasConflicts": false,
          "violations": [],
          "warnings": [],
          "safe": [],
          "conflicts": []
        },
        "DAOConstantGas": {
          "completed": true,
          "hasViolations": false,
          "hasWarnings": false,
          "hasSafe": true,
          "hasConflicts": false,
          "violations": [],
          "warnings": [],
          "safe": [
            923,
            1191,
            2338,
            1758,
            923,
            1191,
            2338,
            1758,
            923,
            1191,
            2338,
            1758,
            923,
            1191,
            2338,
            1758,
            923,
            1191,
            2338,
            1758
          ],
          "conflicts": []
        },
        "MissingInputValidation": {
          "completed": true,
          "hasViolations": true,
          "hasWarnings": true,
          "hasSafe": true,
          "hasConflicts": false,
          "violations": [
            2287,
            2216,
            2682,
            2556,
            1796,
            1606,
            1486,
            1475,
            1546,
            1009,
            1161,
            1736,
            1271,
            2287,
            2216,
            2682,
            2556,
            1796,
            1606,
            1486,
            1475,
            1546,
            1009,
            1161,
            1736,
            1271,
            2287,
            2216,
            2682,
            2556,
            1796,
            1606,
            1486,
            1475,
            1546,
            1009,
            1161,
            1736,
            1271,
            2287,
            2216,
            2682,
            2556,
            1796,
            1606,
            1486,
            1475,
            1546,
            1009,
            1161,
            1736,
            1271,
            2287,
            2216,
            2682,
            2556,
            1796,
            1606,
            1486,
            1475,
            1546,
            1009,
            1161,
            1736,
            1271
          ],
          "warnings": [
            1221,
            1221,
            1221,
            1221,
            1221
          ],
          "safe": [
            2759,
            2864,
            2406,
            1719,
            2392,
            2202,
            2314,
            2552,
            1595,
            3197,
            1200,
            2773,
            1643,
            2531,
            188,
            126,
            140,
            1665,
            1308,
            1827,
            1461,
            1651,
            1573,
            1686,
            1384,
            988,
            1813,
            1260,
            1918,
            2251,
            266,
            280,
            294,
            190,
            105,
            119,
            266,
            2759,
            2864,
            2406,
            1719,
            2392,
            2202,
            2314,
            2552,
            1595,
            3197,
            1200,
            2773,
            1643,
            2531,
            188,
            126,
            140,
            1665,
            1308,
            1827,
            1461,
            1651,
            1573,
            1686,
            1384,
            988,
            1813,
            1260,
            1918,
            2251,
            266,
            280,
            294,
            190,
            105,
            119,
            266,
            189,
            2759,
            2864,
            2406,
            1719,
            2392,
            2202,
            2314,
            2552,
            1595,
            3197,
            1200,
            2773,
            1643,
            2531,
            188,
            126,
            140,
            1665,
            1308,
            1827,
            1461,
            1651,
            1573,
            1686,
            1384,
            988,
            1813,
            1260,
            1918,
            2251,
            266,
            280,
            294,
            190,
            105,
            119,
            266,
            189,
            358,
            2759,
            2864,
            2406,
            1719,
            2392,
            2202,
            2314,
            2552,
            1595,
            3197,
            1200,
            2773,
            1643,
            2531,
            188,
            126,
            140,
            1665,
            1308,
            1827,
            1461,
            1651,
            1573,
            1686,
            1384,
            988,
            1813,
            1260,
            1918,
            2251,
            266,
            280,
            294,
            190,
            105,
            119,
            266,
            189,
            358,
            372,
            2759,
            2864,
            2406,
            1719,
            2392,
            2202,
            2314,
            2552,
            1595,
            3197,
            1200,
            2773,
            1643,
            2531,
            188,
            126,
            140,
            1665,
            1308,
            1827,
            1461,
            1651,
            1573,
            1686,
            1384,
            988,
            1813,
            1260,
            1918,
            2251,
            266,
            280,
            294,
            190,
            105,
            119,
            266,
            189,
            358,
            372,
            280
          ],
          "conflicts": []
        },
        "TODAmount": {
          "completed": true,
          "hasViolations": false,
          "hasWarnings": true,
          "hasSafe": false,
          "hasConflicts": false,
          "violations": [],
          "warnings": [
            923,
            1191,
            2338,
            1758,
            923,
            1191,
            2338,
            1758,
            923,
            1191,
            2338,
            1758,
            923,
            1191,
            2338,
            1758,
            923,
            1191,
            2338,
            1758
          ],
          "safe": [],
          "conflicts": []
        },
        "TODReceiver": {
          "completed": true,
          "hasViolations": false,
          "hasWarnings": false,
          "hasSafe": true,
          "hasConflicts": false,
          "violations": [],
          "warnings": [],
          "safe": [
            923,
            1191,
            2338,
            1758,
            923,
            1191,
            2338,
            1758,
            923,
            1191,
            2338,
            1758,
            923,
            1191,
            2338,
            1758,
            923,
            1191,
            2338,
            1758
          ],
          "conflicts": []
        },
        "TODTransfer": {
          "completed": true,
          "hasViolations": false,
          "hasWarnings": false,
          "hasSafe": false,
          "hasConflicts": true,
          "violations": [],
          "warnings": [],
          "safe": [],