{
  "contract": "0x0509a863569f2e9253a1fc8d4bc90a7a0cf9d2e4",
  "tool": "securify",
  "start": 1563706884.7066412,
  "end": 1563708687.1391275,
  "duration": 1802.4324862957,
  "analysis": {
    "0x0509a863569f2e9253a1fc8d4bc90a7a0cf9d2e4": {
      "results": {
        "DAO": {
          "completed": true,
          "hasViolations": false,
          "hasWarnings": false,
          "hasSafe": false,
          "hasConflicts": false,
          "violations": [],
          "warnings": [],
          "safe": [],
          "conflicts": []
        },
        "DAOConstantGas": {
          "completed": true,
          "hasViolations": false,
          "hasWarnings": false,
          "hasSafe": false,
          "hasConflicts": false,
          "violations": [],
          "warnings": [],
          "safe": [],
          "conflicts": []
        },
        "MissingInputValidation": {
          "completed": true,
          "hasViolations": true,
          "hasWarnings": true,
          "hasSafe": true,
          "hasConflicts": false,
          "violations": [
            1941,
            1904,
            2153,
            2361,
            1820,
            1893,
            1524,
            1300,
            2101,
            1542,
            1504,
            2040,
            1588,
            1620,
            1832,
            1941,
            1904,
            2153,
            2361,
            1820,
            1893,
            1524,
            1300,
            2101,
            1542,
            1504,
            2040,
            1588,
            1620,
            1832
          ],
          "warnings": [
            1539,
            2118,
            1164,
            1882,
            1394,
            1797,
            1539,
            2118,
            1164,
            1882,
            1394,
            1797
          ],
          "safe": [
            1936,
            2679,
            2459,
            1579,
            1656,
            1922,
            1651,
            2572,
            1343,
            1466,
            1866,
            2393,
            1981,
            2882,
            1995,
            2388,
            1644,
            1862,
            2893,
            1270,
            1230,
            1295,
            1759,
            1413,
            1745,
            1417,
            2128,
            1041,
            2353,
            1198,
            1434,
            1125,
            1660,
            1546,
            1550,
            2246,
            1606,
            2567,
            2556,
            1499,
            2133,
            2067,
            1321,
            1674,
            1595,
            1936,
            2679,
            2459,
            1579,
            1656,
            1922,
            1651,
            2572,
            1343,
            1466,
            1866,
            2393,
            1981,
            2882,
            1995,
            2388,
            1644,
            1862,
            2893,
            1270,
            1230,
            1295,
            1759,
            1413,
            1745,
            1417,
            2128,
            1041,
            2353,
            1198,
            1434,
            1125,
            1660,
            1546,
            1550,
            2246,
            1606,
            2567,
            2556,
            1499,
            2133,
            2067,
            1321,
            1674,
            1595,
            1263
          ],
          "conflicts": []
        },
        "TODAmount": {
          "completed": true,
          "hasViolations": false,
          "hasWarnings": false,
          "hasSafe": false,
          "hasConflicts": false,
          "violations": [],
          "warnings": [],
          "safe": [],
          "conflicts": []
        },
        "TODReceiver": {
          "completed": true,
          "hasViolations": false,
          "hasWarnings": false,
          "hasSafe": false,
          "hasConflicts": false,
          "violations": [],
          "warnings": [],
          "safe": [],
          "conflicts": []
        },
        "TODTransfer": {
          "completed": true,
          "hasViolations": false,
          "hasWarnings": false,
          "hasSafe": false,
          "hasConflicts": false,
          "violations": [],
          "warnings": [],
          "safe": [],
          "conflicts": []
        },
        "UnhandledException": {
          "completed": true,
          "hasViolations": false,
          "hasWarnings": false,
          "hasSafe": true,
          "hasConflicts": false,
          "violations": [],
          "warnings": [],
          "safe": [
            2329,
            2069,
            2008,
            2329,
            2069,
            2008
          ],
          "conflicts": []
        },
        "UnrestrictedEtherFlow": {
          "completed": true,
          "hasViolations": false,
          "hasWarnings": false,
          "hasSafe": true,
          "hasConflicts": false,
          "violations": [],
          "warnings": [],
          "safe": [
            2329,
            2069,
            2008,
            2329,
            2069,
            2008
          ],
          "conflicts": []
        }
      }
    }
  }
}