{
  "contract": "0x1e09af1634aab1522edbf84aa668028ac373bf79",
  "tool": "securify",
  "start": 1563783052.2707458,
  "end": 1563784425.382037,
  "duration": 1373.1112911701202,
  "analysis": {
    "/unique_chucks/47/0x1e09af1634aab1522edbf84aa668028ac373bf79.sol:PlayerBook": {
      "results": {
        "TODReceiver": {
          "violations": [],
          "warnings": [],
          "safe": [
            935,
            939,
            1128
          ],
          "conflicts": []
        },
        "UnhandledException": {
          "violations": [],
          "warnings": [
            935,
            939,
            883,
            886,
            858,
            863,
            1128
          ],
          "safe": [],
          "conflicts": []
        },
        "TODTransfer": {
          "violations": [],
          "warnings": [
            939
          ],
          "safe": [
            935,
            1128
          ],
          "conflicts": []
        },
        "DAO": {
          "violations": [],
          "warnings": [
            939,
            1128
          ],
          "safe": [],
          "conflicts": []
        },
        "TODAmount": {
          "violations": [
            935
          ],
          "warnings": [],
          "safe": [
            939,
            1128
          ],
          "conflicts": []
        },
        "MissingInputValidation": {
          "violations": [
            594,
            990,
            1133,
            983,
            968,
            586,
            592,
            976,
            595,
            1113,
            1072,
            1004,
            587,
            588,
            593,
            591
          ],
          "warnings": [
            585,
            589,
            590,
            870,
            687,
            997,
            578,
            897,
            580,
            353,
            948,
            916
          ],
          "safe": [
            799,
            759,
            847,
            724,
            1036
          ],
          "conflicts": []
        },
        "DAOConstantGas": {
          "violations": [],
          "warnings": [
            935
          ],
          "safe": [],
          "conflicts": []
        },
        "UnrestrictedEtherFlow": {
          "violations": [],
          "warnings": [
            883,
            886,
            858,
            863
          ],
          "safe": [
            935,
            939,
            1128
          ],
          "conflicts": []
        }
      }
    },
    "/unique_chucks/47/0x1e09af1634aab1522edbf84aa668028ac373bf79.sol:PlayerBookReceiverInterface": {
      "results": {
        "TODReceiver": {
          "violations": [],
          "warnings": [],
          "safe": [
            -1
          ],
          "conflicts": []
        },
        "UnhandledException": {
          "violations": [],
          "warnings": [
            -1
          ],
          "safe": [],
          "conflicts": []
        },
        "TODTransfer": {
          "violations": [],
          "warnings": [
            -1
          ],
          "safe": [
            -1
          ],
          "conflicts": []
        },
        "DAO": {
          "violations": [],
          "warnings": [
            -1
          ],
          "safe": [],
          "conflicts": []
        },
        "TODAmount": {
          "violations": [
            -1
          ],
          "warnings": [],
          "safe": [
            -1
          ],
          "conflicts": []
        },
        "MissingInputValidation": {
          "violations": [],
          "warnings": [],
          "safe": [],
          "conflicts": []
        },
        "DAOConstantGas": {
          "violations": [],
          "warnings": [
            -1
          ],
          "safe": [],
          "conflicts": []
        },
        "UnrestrictedEtherFlow": {
          "violations": [],
          "warnings": [
            -1
          ],
          "safe": [
            -1
          ],
          "conflicts": []
        }
      }
    },
    "/unique_chucks/47/0x1e09af1634aab1522edbf84aa668028ac373bf79.sol:TeamJustInterface": {
      "results": {
        "TODReceiver": {
          "violations": [],
          "warnings": [],
          "safe": [
            -1
          ],
          "conflicts": []
        },
        "UnhandledException": {
          "violations": [],
          "warnings": [
            -1
          ],
          "safe": [],
          "conflicts": []
        },
        "TODTransfer": {
          "violations": [],
          "warnings": [
            -1
          ],
          "safe": [
            -1
          ],
          "conflicts": []
        },
        "DAO": {
          "violations": [],
          "warnings": [
            -1
          ],
          "safe": [],
          "conflicts": []
        },
        "TODAmount": {
          "violations": [
            -1
          ],
          "warnings": [],
          "safe": [
            -1
          ],
          "conflicts": []
        },
        "MissingInputValidation": {
          "violations": [],
          "warnings": [],
          "safe": [],
          "conflicts": []
        },
        "DAOConstantGas": {
          "violations": [],
          "warnings": [
            -1
          ],
          "safe": [],
          "conflicts": []
        },
        "UnrestrictedEtherFlow": {
          "violations": [],
          "warnings": [
            -1
          ],
          "safe": [
            -1
          ],
          "conflicts": []
        }
      }
    },
    "/unique_chucks/47/0x1e09af1634aab1522edbf84aa668028ac373bf79.sol:SafeMath": {
      "results": {
        "TODReceiver": {
          "violations": [],
          "warnings": [],
          "safe": [
            -1
          ],
          "conflicts": []
        },
        "UnhandledException": {
          "violations": [],
          "warnings": [
            -1
          ],
          "safe": [],
          "conflicts": []
        },
        "TODTransfer": {
          "violations": [],
          "warnings": [
            -1
          ],
          "safe": [
            -1
          ],
          "conflicts": []
        },
        "DAO": {
          "violations": [],
          "warnings": [
            -1
          ],
          "safe": [],
          "conflicts": []
        },
        "TODAmount": {
          "violations": [
            -1
          ],
          "warnings": [],
          "safe": [
            -1
          ],
          "conflicts": []
        },
        "MissingInputValidation": {
          "violations": [],
          "warnings": [],
          "safe": [],
          "conflicts": []
        },
        "DAOConstantGas": {
          "violations": [],
          "warnings": [
            -1
          ],
          "safe": [],
          "conflicts": []
        },
        "UnrestrictedEtherFlow": {
          "violations": [],
          "warnings": [
            -1
          ],
          "safe": [
            -1
          ],
          "conflicts": []
        }
      }
    },
    "/unique_chucks/47/0x1e09af1634aab1522edbf84aa668028ac373bf79.sol:MSFun": {
      "results": {
        "TODReceiver": {
          "violations": [],
          "warnings": [],
          "safe": [],
          "conflicts": []
        },
        "UnhandledException": {
          "violations": [],
          "warnings": [],
          "safe": [],
          "conflicts": []
        },
        "TODTransfer": {
          "violations": [],
          "warnings": [],
          "safe": [],
          "conflicts": []
        },
        "DAO": {
          "violations": [],
          "warnings": [],
          "safe": [],
          "conflicts": []
        },
        "TODAmount": {
          "violations": [],
          "warnings": [],
          "safe": [],
          "conflicts": []
        },
        "MissingInputValidation": {
          "violations": [],
          "warnings": [],