{
  "contract": "0xd27fa47b04214b60effed4999a6f84cfa5816317",
  "tool": "securify",
  "start": 1563580110.4203804,
  "end": 1563580333.9634552,
  "duration": 223.5430748462677,
  "analysis": {
    "0xd27fa47b04214b60effed4999a6f84cfa5816317": {
      "results": {
        "DAO": {
          "completed": true,
          "hasViolations": false,
          "hasWarnings": false,
          "hasSafe": false,
          "hasConflicts": false,
          "violations": [],
          "warnings": [],
          "safe": [],
          "conflicts": []
        },
        "DAOConstantGas": {
          "completed": true,
          "hasViolations": false,
          "hasWarnings": false,
          "hasSafe": false,
          "hasConflicts": false,
          "violations": [],
          "warnings": [],
          "safe": [],
          "conflicts": []
        },
        "MissingInputValidation": {
          "completed": true,
          "hasViolations": true,
          "hasWarnings": false,
          "hasSafe": true,
          "hasConflicts": false,
          "violations": [
            2040,
            2040,
            2040,
            1885,
            2040,
            1885,
            2040,
            1885,
            1415,
            2040,
            1885,
            1415,
            2040,
            1885,
            1415,
            2040,
            1885,
            1415,
            2040,
            1885,
            1415,
            2179
          ],
          "warnings": [],
          "safe": [
            1757,
            1757,
            1757,
            1496,
            1757,
            1496,
            1757,
            1496,
            1292,
            1757,
            1496,
            1292,
            1757,
            1496,
            1292,
            1917,
            1757,
            1496,
            1292,
            1917,
            1743,
            1757,
            1496,
            1292,
            1917,
            1743,
            1912,
            1757,
            1496,
            1292,
            1917,
            1743,
            1912
          ],
          "conflicts": []
        },
        "TODAmount": {
          "completed": true,
          "hasViolations": false,
          "hasWarnings": false,
          "hasSafe": false,
          "hasConflicts": false,
          "violations": [],
          "warnings": [],
          "safe": [],
          "conflicts": []
        },
        "TODReceiver": {
          "completed": true,
          "hasViolations": false,
          "hasWarnings": false,
          "hasSafe": false,
          "hasConflicts": false,
          "violations": [],
          "warnings": [],
          "safe": [],
          "conflicts": []
        },
        "TODTransfer": {
          "completed": true,
          "hasViolations": false,
          "hasWarnings": false,
          "hasSafe": false,
          "hasConflicts": false,
          "violations": [],
          "warnings": [],
          "safe": [],
          "conflicts": []
        },
        "UnhandledException": {
          "completed": true,
          "hasViolations": false,
          "hasWarnings": false,
          "hasSafe": true,
          "hasConflicts": false,
          "violations": [],
          "warnings": [],
          "safe": [
            2404
          ],
          "conflicts": []
        },
        "UnrestrictedEtherFlow": {
          "completed": true,
          "hasViolations": false,
          "hasWarnings": false,
          "hasSafe": false,
          "hasConflicts": false,
          "violations": [],
          "warnings": [],
          "safe": [],
          "conflicts": []
        }
      }
    }
  }
}