{
  "contract": "0xbb1eb6dfe8034bd81a8889145ac341e1ec8663c1",
  "tool": "securify",
  "start": 1563685762.830562,
  "end": 1563686228.6142936,
  "duration": 465.7837314605713,
  "analysis": {
    "0xbb1eb6dfe8034bd81a8889145ac341e1ec8663c1": {
      "results": {
        "DAO": {
          "completed": true,
          "hasViolations": false,
          "hasWarnings": false,
          "hasSafe": false,
          "hasConflicts": false,
          "violations": [],
          "warnings": [],
          "safe": [],
          "conflicts": []
        },
        "DAOConstantGas": {
          "completed": true,
          "hasViolations": false,
          "hasWarnings": false,
          "hasSafe": false,
          "hasConflicts": false,
          "violations": [],
          "warnings": [],
          "safe": [],
          "conflicts": []
        },
        "MissingInputValidation": {
          "completed": true,
          "hasViolations": true,
          "hasWarnings": true,
          "hasSafe": true,
          "hasConflicts": false,
          "violations": [
            1778,
            1778,
            2329,
            1778,
            2329,
            2352,
            1778,
            2329,
            2352,
            1760,
            1778,
            2329,
            2352,
            1760,
            1778,
            2329,
            2352,
            1760,
            1778,
            2329,
            2352,
            1760,
            1778,
            2329,
            2352,
            1760,
            1778,
            2329,
            2352,
            1760,
            1778,
            2329,
            2352,
            1760,
            1778,
            2329,
            2352,
            1760,
            1778,
            2329,
            2352,
            1760,
            1778,
            2329,
            2352,
            1760,
            1461,
            1778,
            2329,
            2352,
            1760,
            1461,
            2379,
            1778,
            2329,
            2352,
            1760,
            1461,
            2379,
            1778,
            2329,
            2352,
            1760,
            1461,
            2379,
            1888,
            1778,
            2329,
            2352,
            1760,
            1461,
            2379,
            1888,
            1778,
            2329,
            2352,
            1760,
            1461,
            2379,
            1888,
            1711
          ],
          "warnings": [
            2116,
            2116,
            2116,
            2116,
            2312,
            2116,
            2312,
            2116,
            2312,
            2116,
            2312,
            2116,
            2312,
            2116,
            2312,
            2116,
            2312,
            2116,
            2312,
            2116,
            2312
          ],
          "safe": [
            2189,
            2189,
            1257,
            2189,
            1257,
            2189,
            1257,
            1579,
            2189,
            1257,
            1579,
            2175,
            2189,
            1257,
            1579,
            2175,
            2189,
            1257,
            1579,
            2175,
            2481,
            2189,
            1257,
            1579,
            2175,
            2481,
            2542,
            2189,
            1257,
            1579,
            2175,
            2481,
            2542,
            2189,
            1257,
            1579,
            2175,
            2481,
            2542,
            2189,
            1257,
            1579,
            2175,
            2481,
            2542,
            1574,
            2189,
            1257,
            1579,
            2175,
            2481,
            2542,
            1574,
            2189,
            1257,
            1579,
            2175,
            2481,
            2542,
            1574,
            1456,
            2189,
            1257,
            1579,
            2175,
            2481,
            2542,
            1574,
            1456
          ],
          "conflicts": []
        },
        "TODAmount": {
          "completed": true,
          "hasViolations": false,
          "hasWarnings": false,
          "hasSafe": false,
          "hasConflicts": false,
          "violations": [],
          "warnings": [],
          "safe": [],
          "conflicts": []
        },
        "TODReceiver": {
          "completed": true,
          "hasViolations": false,
          "hasWarnings": false,
          "hasSafe": false,
          "hasConflicts": false,
          "violations": [],
          "warnings": [],
          "safe": [],
          "conflicts": []
        },
        "TODTransfer": {
          "completed": true,
          "hasViolations": false,
          "hasWarnings": false,
          "hasSafe": false,
          "hasConflicts": false,
          "violations": [],
          "warnings": [],
          "safe": [],
          "conflicts": []
        },
        "UnhandledException": {
          "completed": true,
          "hasViolations": false,
          "hasWarnings": false,
          "hasSafe": false,
          "hasConflicts": false,
          "violations": [],
          "warnings": [],
          "safe": [],
          "conflicts": []
        },
        "UnrestrictedEtherFlow": {
          "completed": true,
          "hasViolations": false,
          "hasWarnings": false,
          "hasSafe": false,
          "hasConflicts": false,
          "violations": [],
          "warnings": [],
          "safe": [],
          "conflicts": []
        }
      }
    }
  }
}