{
  "contract": "0x37eb2e8263abe544eb5c41fdce6ef11764364c32",
  "tool": "securify",
  "start": 1563753881.6311562,
  "end": 1563754274.017647,
  "duration": 392.3864908218384,
  "analysis": {
    "0x37eb2e8263abe544eb5c41fdce6ef11764364c32": {
      "results": {
        "DAO": {
          "completed": true,
          "hasViolations": false,
          "hasWarnings": false,
          "hasSafe": true,
          "hasConflicts": false,
          "violations": [],
          "warnings": [],
          "safe": [
            2062,
            2062,
            2062,
            2062,
            2062,
            2062,
            2062
          ],
          "conflicts": []
        },
        "DAOConstantGas": {
          "completed": true,
          "hasViolations": true,
          "hasWarnings": false,
          "hasSafe": false,
          "hasConflicts": false,
          "violations": [
            679,
            679,
            679,
            679,
            679,
            679,
            679,
            679,
            679,
            679
          ],
          "warnings": [],
          "safe": [],
          "conflicts": []
        },
        "MissingInputValidation": {
          "completed": true,
          "hasViolations": true,
          "hasWarnings": true,
          "hasSafe": true,
          "hasConflicts": false,
          "violations": [
            962,
            1053,
            534,
            962,
            1053,
            534,
            962,
            1053,
            534,
            962,
            1053,
            534,
            1988,
            962,
            1053,
            534,
            1988,
            962,
            1053,
            534,
            1988,
            962,
            1053,
            534,
            1988,
            962,
            1053,
            534,
            1988,
            962,
            1053,
            534,
            1988
          ],
          "warnings": [
            1288,
            1288,
            1288
          ],
          "safe": [
            948,
            529,
            552,
            519,
            505,
            524,
            1034,
            1039,
            2124,
            948,
            529,
            552,
            519,
            505,
            524,
            1034,
            1039,
            2124,
            1165,
            948,
            529,
            552,
            519,
            505,
            524,
            1034,
            1039,
            2124,
            1165,
            1723,
            948,
            529,
            552,
            519,
            505,
            524,
            1034,
            1039,
            2124,
            1165,
            1723,
            948,
            529,
            552,
            519,
            505,
            524,
            1034,
            1039,
            2124,
            1165,
            1723,
            1718,
            948,
            529,
            552,
            519,
            505,
            524,
            1034,
            1039,
            2124,
            1165,
            1723,
            1718,
            2414,
            948,
            529,
            552,
            519,
            505,
            524,
            1034,
            1039,
            2124,
            1165,
            1723,
            1718,
            2414,
            948,
            529,
            552,
            519,
            505,
            524,
            1034,
            1039,
            2124,
            1165,
            1723,
            1718,
            2414,
            1974,
            948,
            529,
            552,
            519,
            505,
            524,
            1034,
            1039,
            2124,
            1165,
            1723,
            1718,
            2414,
            1974,
            1435
          ],
          "conflicts": []
        },
        "TODAmount": {
          "completed": true,
          "hasViolations": false,
          "hasWarnings": true,
          "hasSafe": true,
          "hasConflicts": false,
          "violations": [],
          "warnings": [
            679,
            679,
            679,
            679,
            679,
            679,
            679,
            679,
            679
          ],
          "safe": [
            2062,
            2062,
            2062,
            2062,
            2062,
            2062
          ],
          "conflicts": []
        },
        "TODReceiver": {
          "completed": true,
          "hasViolations": false,
          "hasWarnings": true,
          "hasSafe": true,
          "hasConflicts": false,
          "violations": [],
          "warnings": [
            679,
            679,
            679,
            679,
            679,
            679,
            679,
            679,
            679
          ],
          "safe": [
            2062,
            2062,
            2062,
            2062,
            2062,
            2062
          ],
          "conflicts": []
        },
        "TODTransfer": {
          "completed": true,
          "hasViolations": true,
          "hasWarnings": false,
          "hasSafe": true,
          "hasConflicts": false,
          "violations": [
            679,
            679,
            679,
            679,
            679,
            679,
            679,
            679,
            679
          ],
          "warnings": [],
          "safe": [
            2062,
            2062,
            2062,
            2062,
            2062,
            2062
          ],
          "conflicts": []
        },
        "UnhandledException": {
          "completed": true,
          "hasViolations": false,
          "hasWarnings": false,
          "hasSafe": true,
          "hasConflicts": false,
          "violations": [],
          "warnings": [],
          "safe": [
            679,
            892,
            679,
            892,
            679,
            892,
            679,
            892,
            2062,
            679,
            892,
            2062,
            679,
            892,
            2062,
            679,
            892,
            2062,
            679,
            892,
            2062,
            679,
            892,
            2062
          ],
          "conflicts": []
        },
        "UnrestrictedEtherFlow": {
          "completed": true,
          "hasViolations": false,
          "hasWarnings": true,
          "hasSafe": true,
          "hasConflicts": false,
          "violations": [],
          "warnings": [
            2062,
            2062,
            2062,
            2062,
            2062,
            2062
          ],
          "safe": [
            679,
            892,
            679,
            892,
            679,
            892,
            679,
            892,
            679,
            892,
            679,
            892,
            679,
            892,
            679,
            892,
            679,
            892
          ],
          "conflicts": []
        }
      }
    }
  }
}