{
  "contract": "0x95ebebf79bf59b6dee7e7709d0f67bae81dca09c",
  "tool": "securify",
  "start": 1563541528.2610369,
  "end": 1563541935.3922446,
  "duration": 407.13120770454407,
  "analysis": {
    "0x95ebebf79bf59b6dee7e7709d0f67bae81dca09c": {
      "results": {
        "DAO": {
          "completed": true,
          "hasViolations": false,
          "hasWarnings": false,
          "hasSafe": false,
          "hasConflicts": false,
          "violations": [],
          "warnings": [],
          "safe": [],
          "conflicts": []
        },
        "DAOConstantGas": {
          "completed": true,
          "hasViolations": false,
          "hasWarnings": false,
          "hasSafe": false,
          "hasConflicts": false,
          "violations": [],
          "warnings": [],
          "safe": [],
          "conflicts": []
        },
        "MissingInputValidation": {
          "completed": true,
          "hasViolations": true,
          "hasWarnings": true,
          "hasSafe": true,
          "hasConflicts": false,
          "violations": [
            1515,
            1515,
            1515,
            1210,
            1515,
            1210,
            1515,
            1210,
            1870,
            1515,
            1210,
            1870,
            1515,
            1210,
            1870,
            1515,
            1210,
            1870,
            2430,
            1515,
            1210,
            1870,
            2430
          ],
          "warnings": [
            2016,
            2016,
            2016,
            2016,
            2016,
            2016,
            2016,
            2016,
            2016,
            2016
          ],
          "safe": [
            1865,
            1865,
            1533,
            1865,
            1533,
            1893,
            1865,
            1533,
            1893,
            1087,
            1865,
            1533,
            1893,
            1087,
            1865,
            1533,
            1893,
            1087,
            1865,
            1533,
            1893,
            1087,
            2032,
            1865,
            1533,
            1893,
            1087,
            2032,
            1865,
            1533,
            1893,
            1087,
            2032,
            2027,
            1865,
            1533,
            1893,
            1087,
            2032,
            2027,
            1865,
            1533,
            1893,
            1087,
            2032,
            2027,
            1378,
            1865,
            1533,
            1893,
            1087,
            2032,
            2027,
            1378,
            1392,
            1865,
            1533,
            1893,
            1087,
            2032,
            2027,
            1378,
            1392,
            1865,
            1533,
            1893,
            1087,
            2032,
            2027,
            1378,
            1392,
            1260
          ],
          "conflicts": []
        },
        "TODAmount": {
          "completed": true,
          "hasViolations": false,
          "hasWarnings": false,
          "hasSafe": false,
          "hasConflicts": false,
          "violations": [],
          "warnings": [],
          "safe": [],
          "conflicts": []
        },
        "TODReceiver": {
          "completed": true,
          "hasViolations": false,
          "hasWarnings": false,
          "hasSafe": false,
          "hasConflicts": false,
          "violations": [],
          "warnings": [],
          "safe": [],
          "conflicts": []
        },
        "TODTransfer": {
          "completed": true,
          "hasViolations": false,
          "hasWarnings": false,
          "hasSafe": false,
          "hasConflicts": false,
          "violations": [],
          "warnings": [],
          "safe": [],
          "conflicts": []
        },
        "UnhandledException": {
          "completed": true,
          "hasViolations": false,
          "hasWarnings": false,
          "hasSafe": false,
          "hasConflicts": false,
          "violations": [],
          "warnings": [],
          "safe": [],
          "conflicts": []
        },
        "UnrestrictedEtherFlow": {
          "completed": true,
          "hasViolations": false,
          "hasWarnings": false,
          "hasSafe": false,
          "hasConflicts": false,
          "violations": [],
          "warnings": [],
          "safe": [],
          "conflicts": []
        }
      }
    }
  }
}