{
  "contract": "0xfd1c0d4270178b9a6d70b4548d02deef4770abdc",
  "tool": "securify",
  "start": 1563591243.414439,
  "end": 1563591543.5563757,
  "duration": 300.1419367790222,
  "analysis": {
    "0xfd1c0d4270178b9a6d70b4548d02deef4770abdc": {
      "results": {
        "DAO": {
          "completed": true,
          "hasViolations": false,
          "hasWarnings": false,
          "hasSafe": false,
          "hasConflicts": false,
          "violations": [],
          "warnings": [],
          "safe": [],
          "conflicts": []
        },
        "DAOConstantGas": {
          "completed": true,
          "hasViolations": false,
          "hasWarnings": false,
          "hasSafe": true,
          "hasConflicts": false,
          "violations": [],
          "warnings": [],
          "safe": [
            1780,
            1780,
            1780,
            1780,
            1780,
            1780,
            1780,
            1780,
            1780
          ],
          "conflicts": []
        },
        "MissingInputValidation": {
          "completed": true,
          "hasViolations": true,
          "hasWarnings": true,
          "hasSafe": true,
          "hasConflicts": false,
          "violations": [
            1602,
            1602,
            1871,
            1602,
            1871,
            1602,
            1871,
            1602,
            1871,
            1602,
            1871,
            2071
          ],
          "warnings": [
            1388,
            1388,
            1388,
            1388,
            1388,
            1388,
            1388,
            1388,
            1388,
            2060,
            1388,
            2060
          ],
          "safe": [
            1729,
            1729,
            1597,
            1729,
            1597,
            1889,
            1729,
            1597,
            1889,
            1729,
            1597,
            1889,
            1729,
            1597,
            1889,
            1112,
            1729,
            1597,
            1889,
            1112,
            1937,
            1729,
            1597,
            1889,
            1112,
            1937,
            1729,
            1597,
            1889,
            1112,
            1937
          ],
          "conflicts": []
        },
        "TODAmount": {
          "completed": true,
          "hasViolations": true,
          "hasWarnings": false,
          "hasSafe": false,
          "hasConflicts": false,
          "violations": [
            1780,
            1780,
            1780,
            1780,
            1780,
            1780,
            1780,
            1780,
            1780
          ],
          "warnings": [],
          "safe": [],
          "conflicts": []
        },
        "TODReceiver": {
          "completed": true,
          "hasViolations": false,
          "hasWarnings": false,
          "hasSafe": true,
          "hasConflicts": false,
          "violations": [],
          "warnings": [],
          "safe": [
            1780,
            1780,
            1780,
            1780,
            1780,
            1780,
            1780,
            1780,
            1780
          ],
          "conflicts": []
        },
        "TODTransfer": {
          "completed": true,
          "hasViolations": true,
          "hasWarnings": false,
          "hasSafe": false,
          "hasConflicts": false,
          "violations": [
            1780,
            1780,
            1780,
            1780,
            1780,
            1780,
            1780,
            1780,
            1780
          ],
          "warnings": [],
          "safe": [],
          "conflicts": []
        },
        "UnhandledException": {
          "completed": true,
          "hasViolations": false,
          "hasWarnings": false,
          "hasSafe": true,
          "hasConflicts": false,
          "violations": [],
          "warnings": [],
          "safe": [
            1780,
            1780,
            1780,
            1780,
            1780,
            1780,
            1780,
            1780,
            1780,
            2247
          ],
          "conflicts": []
        },
        "UnrestrictedEtherFlow": {
          "completed": true,
          "hasViolations": false,
          "hasWarnings": false,
          "hasSafe": true,
          "hasConflicts": false,
          "violations": [],
          "warnings": [],
          "safe": [
            1780,
            1780,
            1780,
            1780,
            1780,
            1780,
            1780,
            1780
          ],
          "conflicts": []
        }
      }
    }
  }
}