{
  "contract": "0x802275979b020f0ec871c5ec1db6e412b72ff20b",
  "tool": "securify",
  "start": 1563431859.5922196,
  "end": 1563433661.4164252,
  "duration": 1801.8242056369781,
  "analysis": {
    "0x802275979b020f0ec871c5ec1db6e412b72ff20b": {
      "results": {
        "DAO": {
          "completed": true,
          "hasViolations": false,
          "hasWarnings": false,
          "hasSafe": true,
          "hasConflicts": false,
          "violations": [],
          "warnings": [],
          "safe": [
            571,
            571,
            571,
            571,
            571,
            571,
            1280,
            627,
            1280,
            1280,
            1280,
            1280,
            1280,
            627,
            1280,
            1280,
            571,
            571,
            571,
            571,
            571,
            571,
            1280,
            627,
            1280,
            1280,
            1280,
            1280,
            1280,
            627,
            1280,
            1280,
            571,
            571,
            571,
            571,
            571,
            571,
            1280,
            627,
            1280,
            1280,
            1280,
            1280,
            1280,
            627,
            1280,
            1280
          ],
          "conflicts": []
        },
        "DAOConstantGas": {
          "completed": true,
          "hasViolations": false,
          "hasWarnings": false,
          "hasSafe": true,
          "hasConflicts": false,
          "violations": [],
          "warnings": [],
          "safe": [
            1391
          ],
          "conflicts": []
        },
        "MissingInputValidation": {
          "completed": true,
          "hasViolations": true,
          "hasWarnings": true,
          "hasSafe": true,
          "hasConflicts": false,
          "violations": [
            940,
            940
          ],
          "warnings": [
            190,
            289,
            289,
            190,
            426,
            1125,
            327,
            681,
            327,
            426,
            681,
            1125,
            190,
            289,
            289,
            190,
            426,
            1125,
            327,
            681,
            327,
            426,
            681,
            1125,
            190,
            289,
            289,
            190,
            426,
            1125,
            327,
            681,
            327,
            426,
            681,
            1125
          ],
          "safe": [
            416,
            402,
            388,
            402,
            416,
            388,
            780,
            1111,
            63,
            780,
            1111,
            761,
            416,
            402,
            388,
            402,
            416,
            388,
            780,
            1111,
            63,
            780,
            1111,
            761,
            416,
            402,
            388,
            402,
            416,
            388,
            780,
            1111,
            63,
            780,
            1111,
            761,
            1307
          ],
          "conflicts": []
        },
        "TODAmount": {
          "completed": true,
          "hasViolations": false,
          "hasWarnings": true,
          "hasSafe": true,
          "hasConflicts": false,
          "violations": [],
          "warnings": [
            571,
            571,
            571,
            571,
            571,
            571,
            1280,
            627,
            1280,
            1280,
            1280,
            1280,
            1280,
            627,
            1280,
            1280,
            571,
            571,
            571,
            571,
            571,
            571,
            1280,
            627,
            1280,
            1280,
            1280,
            1280,
            1280,
            627,
            1280,
            1280,
            571,
            571,
            571,
            571,
            571,
            571,
            1280,
            627,
            1280,
            1280,
            1280,
            1280,
            1280,
            627,
            1280,
            1280
          ],
          "safe": [
            1391
          ],
          "conflicts": []
        },
        "TODReceiver": {
          "completed": true,
          "hasViolations": false,
          "hasWarnings": true,
          "hasSafe": true,
          "hasConflicts": false,
          "violations": [],
          "warnings": [
            571,
            571,
            571,
            571,
            571,
            571,
            1280,
            627,
            1280,
            1280,
            1280,
            1280,
            1280,
            627,
            1280,
            1280,
            571,
            571,
            571,
            571,
            571,
            571,
            1280,
            627,
            1280,
            1280,
            1280,
            1280,
            1280,
            627,
            1280,
            1280,
            571,
            571,
            571,
            571,
            571,
            571,
            1280,
            627,
            1280,
            1280,
            1280,
            1280,
            1280,
            627,
            1280,
            1280
          ],
          "safe": [
            1391
          ],
          "conflicts": []
        },
        "TODTransfer": {
          "completed": true,
          "hasViolations": false,
          "hasWarnings": true,
          "hasSafe": true,
          "hasConflicts": false,
          "violations": [],
          "warnings": [
            627,
            627,
            627,
            627,
            627,
            627,
            1391
          ],
          "safe": [
            571,
            571,
            571,
            571,
            571,
            571,
            1280,
            1280,
            1280,
            1280,
            1280,
            1280,
            1280,
            1280,
            571,
            571,
            571,
            571,
            571,
            571,
            1280,
            1280,
            1280,
            1280,
            1280,
            1280,
            1280,
            1280,
            571,
            571,
            571,
            571,
            571,
            571,
            1280,
            1280,
            1280,
            1280,
            1280,
            1280,
            1280,
            1280
          ],
          "conflicts": []
        },
        "UnhandledException": {
          "completed": true,
          "hasViolations": false,
          "hasWarnings": false,
          "hasSafe": true,
          "hasConflicts": false,
          "violations": [],
          "warnings": [],
          "safe": [
            571,
            571,
            571,
            571,
            571,
            571,
            1280,
            627,
            1280,
            1280,
            1280,
            1280,
            1280,
            627,
            1280,
            1280,
            571,
            571,
            571,
            571,
            571,
            571,
            1280,
            627,
            1280,
            1280,
            1280,
            1280,
            1280,
            627,
            1280,
            1280,
            571,
            571,
            571,
            571,
            571,
            571,
            1280,
            627,
            1280,
            1280,
            1280,
            1280,
            1280,
            627,
            1280,
            1280,
            1391
          ],