{
  "contract": "0xae6079d4d0b582e115aa72f17b146d870af67b25",
  "tool": "securify",
  "start": 1563758809.1933036,
  "end": 1563759812.2290368,
  "duration": 1003.0357332229614,
  "analysis": {
    "/unique_chucks/42/0xae6079d4d0b582e115aa72f17b146d870af67b25.sol:Sivalicoin": {
      "results": {
        "TODReceiver": {
          "violations": [],
          "warnings": [
            324,
            315
          ],
          "safe": [],
          "conflicts": []
        },
        "UnhandledException": {
          "violations": [],
          "warnings": [
            229,
            324,
            315
          ],
          "safe": [],
          "conflicts": []
        },
        "TODTransfer": {
          "violations": [
            324,
            315
          ],
          "warnings": [],
          "safe": [],
          "conflicts": []
        },
        "DAO": {
          "violations": [],
          "warnings": [],
          "safe": [],
          "conflicts": []
        },
        "TODAmount": {
          "violations": [],
          "warnings": [
            324
          ],
          "safe": [],
          "conflicts": [
            315
          ]
        },
        "MissingInputValidation": {
          "violations": [
            43,
            257,
            57,
            289,
            116,
            196,
            226,
            112,
            212,
            328,
            23,
            3,
            323,
            282,
            53,
            56,
            59,
            332,
            286,
            20,
            105
          ],
          "warnings": [
            294,
            42,
            241,
            161,
            39,
            36,
            135,
            34,
            40,
            2,
            37,
            280,
            279,
            35
          ],
          "safe": [
            125,
            148,
            306,
            180
          ],
          "conflicts": []
        },
        "DAOConstantGas": {
          "violations": [],
          "warnings": [
            324,
            315
          ],
          "safe": [],
          "conflicts": []
        },
        "UnrestrictedEtherFlow": {
          "violations": [],
          "warnings": [
            229,
            324
          ],
          "safe": [
            315
          ],
          "conflicts": []
        }
      }
    },
    "/unique_chucks/42/0xae6079d4d0b582e115aa72f17b146d870af67b25.sol:tokenRecipient": {
      "results": {
        "TODReceiver": {
          "violations": [],
          "warnings": [
            -1
          ],
          "safe": [],
          "conflicts": []
        },
        "UnhandledException": {
          "violations": [],
          "warnings": [
            -1
          ],
          "safe": [],
          "conflicts": []
        },
        "TODTransfer": {
          "violations": [
            -1
          ],
          "warnings": [],
          "safe": [],
          "conflicts": []
        },
        "DAO": {
          "violations": [],
          "warnings": [],
          "safe": [],
          "conflicts": []
        },
        "TODAmount": {
          "violations": [],
          "warnings": [
            -1
          ],
          "safe": [],
          "conflicts": [
            -1
          ]
        },
        "MissingInputValidation": {
          "violations": [],
          "warnings": [],
          "safe": [],
          "conflicts": []
        },
        "DAOConstantGas": {
          "violations": [],
          "warnings": [
            -1
          ],
          "safe": [],
          "conflicts": []
        },
        "UnrestrictedEtherFlow": {
          "violations": [],
          "warnings": [
            -1
          ],
          "safe": [
            -1
          ],
          "conflicts": []
        }
      }
    },
    "/unique_chucks/42/0xae6079d4d0b582e115aa72f17b146d870af67b25.sol:owned": {
      "results": {
        "TODReceiver": {
          "violations": [],
          "warnings": [
            -1
          ],
          "safe": [],
          "conflicts": []
        },
        "UnhandledException": {
          "violations": [],
          "warnings": [
            -1
          ],
          "safe": [],
          "conflicts": []
        },
        "TODTransfer": {
          "violations": [
            -1
          ],
          "warnings": [],
          "safe": [],
          "conflicts": []
        },
        "DAO": {
          "violations": [],
          "warnings": [],
          "safe": [],
          "conflicts": []
        },
        "TODAmount": {
          "violations": [],
          "warnings": [
            -1
          ],
          "safe": [],
          "conflicts": [
            -1
          ]
        },
        "MissingInputValidation": {
          "violations": [
            -1,
            23,
            3,
            20
          ],
          "warnings": [
            -1,
            2
          ],
          "safe": [
            -1
          ],
          "conflicts": []
        },
        "DAOConstantGas": {
          "violations": [],
          "warnings": [
            -1
          ],
          "safe": [],
          "conflicts": []
        },
        "UnrestrictedEtherFlow": {
          "violations": [],
          "warnings": [
            -1
          ],
          "safe": [
            -1
          ],
          "conflicts": []
        }
      }
    }
  }
}