{
  "contract": "0xc9f8419ad537a2bd5cb30bef55bf3ad6aad63c95",
  "tool": "securify",
  "start": 1563589864.73926,
  "end": 1563590823.6907318,
  "duration": 958.9514718055725,
  "analysis": {
    "0xc9f8419ad537a2bd5cb30bef55bf3ad6aad63c95": {
      "results": {
        "DAO": {
          "completed": true,
          "hasViolations": false,
          "hasWarnings": false,
          "hasSafe": false,
          "hasConflicts": false,
          "violations": [],
          "warnings": [],
          "safe": [],
          "conflicts": []
        },
        "DAOConstantGas": {
          "completed": true,
          "hasViolations": false,
          "hasWarnings": false,
          "hasSafe": true,
          "hasConflicts": false,
          "violations": [],
          "warnings": [],
          "safe": [
            2735,
            2735,
            2735,
            2735,
            2735,
            2735,
            2735,
            2735,
            2735,
            2735,
            2735,
            2735
          ],
          "conflicts": []
        },
        "MissingInputValidation": {
          "completed": true,
          "hasViolations": true,
          "hasWarnings": true,
          "hasSafe": true,
          "hasConflicts": false,
          "violations": [
            2653,
            2445,
            2758,
            1894,
            2860,
            1912,
            1574,
            1410,
            2036,
            2422,
            1655,
            1984,
            2653,
            2445,
            2758,
            1894,
            2860,
            1912,
            1574,
            1410,
            2036,
            2422,
            1655,
            1984,
            2653,
            2445,
            2758,
            1894,
            2860,
            1912,
            1574,
            1410,
            2036,
            2422,
            1655,
            1984,
            1433,
            2653,
            2445,
            2758,
            1894,
            2860,
            1912,
            1574,
            1410,
            2036,
            2422,
            1655,
            1984,
            1433,
            2653,
            2445,
            2758,
            1894,
            2860,
            1912,
            1574,
            1410,
            2036,
            2422,
            1655,
            1984,
            1433,
            2653,
            2445,
            2758,
            1894,
            2860,
            1912,
            1574,
            1410,
            2036,
            2422,
            1655,
            1984,
            1433,
            2653,
            2445,
            2758,
            1894,
            2860,
            1912,
            1574,
            1410,
            2036,
            2422,
            1655,
            1984,
            1433,
            1100,
            2653,
            2445,
            2758,
            1894,
            2860,
            1912,
            1574,
            1410,
            2036,
            2422,
            1655,
            1984,
            1433,
            1100,
            1415,
            2653,
            2445,
            2758,
            1894,
            2860,
            1912,
            1574,
            1410,
            2036,
            2422,
            1655,
            1984,
            1433,
            1100,
            1415,
            2653,
            2445,
            2758,
            1894,
            2860,
            1912,
            1574,
            1410,
            2036,
            2422,
            1655,
            1984,
            1433,
            1100,
            1415,
            2653,
            2445,
            2758,
            1894,
            2860,
            1912,
            1574,
            1410,
            2036,
            2422,
            1655,
            1984,
            1433,
            1100,
            1415,
            2653,
            2445,
            2758,
            1894,
            2860,
            1912,
            1574,
            1410,
            2036,
            2422,
            1655,
            1984,
            1433,
            1100,
            1415,
            1776
          ],
          "warnings": [
            2405,
            2680,
            2405,
            2680,
            2405,
            2680,
            2405,
            2680,
            2405,
            2680,
            1759,
            2405,
            2680,
            1759,
            2405,
            2680,
            1759,
            2405,
            2680,
            1759,
            2405,
            2680,
            1759,
            2405,
            2680,
            1759,
            2405,
            2680,
            1759,
            2405,
            2680,
            1759
          ],
          "safe": [
            1768,
            1782,
            2244,
            2239,
            2258,
            1451,
            2909,
            2381,
            1650,
            1889,
            1768,
            1782,
            2244,
            2239,
            2258,
            1451,
            2909,
            2381,
            1650,
            1889,
            977,
            1768,
            1782,
            2244,
            2239,
            2258,
            1451,
            2909,
            2381,
            1650,
            1889,
            977,
            1768,
            1782,
            2244,
            2239,
            2258,
            1451,
            2909,
            2381,
            1650,
            1889,
            977,
            1636,
            1768,
            1782,
            2244,
            2239,
            2258,
            1451,
            2909,
            2381,
            1650,
            1889,
            977,
            1636,
            1768,
            1782,
            2244,
            2239,
            2258,
            1451,
            2909,
            2381,
            1650,
            1889,
            977,
            1636,
            2011,
            1768,
            1782,
            2244,
            2239,
            2258,
            1451,
            2909,
            2381,
            1650,
            1889,
            977,
            1636,
            2011,
            1768,
            1782,
            2244,
            2239,
            2258,
            1451,
            2909,
            2381,
            1650,
            1889,
            977,
            1636,
            2011,
            1768,
            1782,
            2244,
            2239,
            2258,
            1451,
            2909,
            2381,
            1650,
            1889,
            977,
            1636,
            2011,
            1294,
            1768,
            1782,
            2244,
            2239,
            2258,
            1451,
            2909,
            2381,
            1650,
            1889,
            977,
            1636,
            2011,
            1294,
            1308,
            1768,
            1782,
            2244,
            2239,
            2258,
            1451,
            2909,
            2381,
            1650,
            1889,
            977,
            1636,
            2011,
            1294,
            1308,
            1176,
            1768,
            1782,
            2244,
            2239,
            2258,
            1451,
            2909,
            2381,
            1650,
            1889,
            977,
            1636,
            2011,
            1294,
            1308,
            1176
          ],
          "conflicts": []
        },
        "TODAmount": {
          "completed": true,
          "hasViolations": false,
          "hasWarnings": true,
          "hasSafe": false,
          "hasConflicts": false,
          "violations": [],