{
  "contract": "0xbf799a2f71d020a4a8c10e7406e2bf970b3d734b",
  "tool": "securify",
  "start": 1563482646.1126623,
  "end": 1563484448.8182285,
  "duration": 1802.7055661678314,
  "analysis": {
    "0xbf799a2f71d020a4a8c10e7406e2bf970b3d734b": {
      "results": {
        "DAO": {
          "completed": true,
          "hasViolations": false,
          "hasWarnings": false,
          "hasSafe": false,
          "hasConflicts": false,
          "violations": [],
          "warnings": [],
          "safe": [],
          "conflicts": []
        },
        "DAOConstantGas": {
          "completed": true,
          "hasViolations": false,
          "hasWarnings": false,
          "hasSafe": false,
          "hasConflicts": false,
          "violations": [],
          "warnings": [],
          "safe": [],
          "conflicts": []
        },
        "MissingInputValidation": {
          "completed": true,
          "hasViolations": true,
          "hasWarnings": true,
          "hasSafe": true,
          "hasConflicts": false,
          "violations": [
            199,
            249,
            1241,
            859,
            1961,
            943,
            1813,
            1317,
            1521,
            1998,
            1354,
            1558,
            905,
            1850,
            1198,
            821,
            1180,
            199,
            249,
            1241,
            859,
            1961,
            943,
            1813,
            1317,
            1521,
            1998,
            1354,
            1558,
            905,
            1850,
            1198,
            821,
            1180,
            199,
            249,
            1241,
            859,
            1961,
            943,
            1813,
            1317,
            1521,
            1998,
            1354,
            1558,
            905,
            1850,
            1198,
            821,
            1180,
            199,
            249,
            1241,
            859,
            1961,
            943,
            1813,
            1317,
            1521,
            1998,
            1354,
            1558,
            905,
            1850,
            1198,
            821,
            1180,
            199,
            249,
            1241,
            859,
            1961,
            943,
            1813,
            1317,
            1521,
            1998,
            1354,
            1558,
            905,
            1850,
            1198,
            821,
            1180,
            199,
            249,
            1241,
            859,
            1961,
            943,
            1813,
            1317,
            1521,
            1998,
            1354,
            1558,
            905,
            1850,
            1198,
            821,
            1180,
            1728,
            199,
            249,
            1241,
            859,
            1961,
            943,
            1813,
            1317,
            1521,
            1998,
            1354,
            1558,
            905,
            1850,
            1198,
            821,
            1180,
            1728,
            918,
            199,
            249,
            1241,
            859,
            1961,
            943,
            1813,
            1317,
            1521,
            1998,
            1354,
            1558,
            905,
            1850,
            1198,
            821,
            1180,
            1728,
            918,
            199,
            249,
            1241,
            859,
            1961,
            943,
            1813,
            1317,
            1521,
            1998,
            1354,
            1558,
            905,
            1850,
            1198,
            821,
            1180,
            1728,
            918,
            199,
            249,
            1241,
            859,
            1961,
            943,
            1813,
            1317,
            1521,
            1998,
            1354,
            1558,
            905,
            1850,
            1198,
            821,
            1180,
            1728,
            918,
            1796,
            199,
            249,
            1241,
            859,
            1961,
            943,
            1813,
            1317,
            1521,
            1998,
            1354,
            1558,
            905,
            1850,
            1198,
            821,
            1180,
            1728,
            918,
            1796,
            199,
            249,
            1241,
            859,
            1961,
            943,
            1813,
            1317,
            1521,
            1998,
            1354,
            1558,
            905,
            1850,
            1198,
            821,
            1180,
            1728,
            918,
            1796,
            199,
            249,
            1241,
            859,
            1961,
            943,
            1813,
            1317,
            1521,
            1998,
            1354,
            1558,
            905,
            1850,
            1198,
            821,
            1180,
            1728,
            918,
            1796,
            199,
            249,
            1241,
            859,
            1961,
            943,
            1813,
            1317,
            1521,
            1998,
            1354,
            1558,
            905,
            1850,
            1198,
            821,
            1180,
            1728,
            918,
            1796
          ],
          "warnings": [
            421,
            710,
            421,
            710,
            421,
            710,
            421,
            710,
            421,
            710,
            421,
            710,
            421,
            710,
            421,
            710,
            421,
            710,
            421,
            710,
            421,
            710,
            421,
            710,
            421,
            710,
            1564,
            421,
            710,
            1564
          ],