{
  "contract": "0x4409016e65eb770152316bcdd3f95c8329b4f7c7",
  "tool": "securify",
  "start": 1563752292.6990597,
  "end": 1563753139.784569,
  "duration": 847.0855093002319,
  "analysis": {
    "0x4409016e65eb770152316bcdd3f95c8329b4f7c7": {
      "results": {
        "DAO": {
          "completed": true,
          "hasViolations": false,
          "hasWarnings": false,
          "hasSafe": false,
          "hasConflicts": false,
          "violations": [],
          "warnings": [],
          "safe": [],
          "conflicts": []
        },
        "DAOConstantGas": {
          "completed": true,
          "hasViolations": false,
          "hasWarnings": false,
          "hasSafe": false,
          "hasConflicts": false,
          "violations": [],
          "warnings": [],
          "safe": [],
          "conflicts": []
        },
        "MissingInputValidation": {
          "completed": true,
          "hasViolations": true,
          "hasWarnings": false,
          "hasSafe": true,
          "hasConflicts": false,
          "violations": [
            447,
            1895,
            447,
            1895,
            1572,
            447,
            1895,
            1572,
            1984,
            447,
            1895,
            1572,
            1984,
            447,
            1895,
            1572,
            1984,
            2323,
            447,
            1895,
            1572,
            1984,
            2323,
            447,
            1895,
            1572,
            1984,
            2323,
            447,
            1895,
            1572,
            1984,
            2323,
            447,
            1895,
            1572,
            1984,
            2323,
            2406,
            447,
            1895,
            1572,
            1984,
            2323,
            2406,
            447,
            1895,
            1572,
            1984,
            2323,
            2406,
            447,
            1895,
            1572,
            1984,
            2323,
            2406,
            2346,
            447,
            1895,
            1572,
            1984,
            2323,
            2406,
            2346,
            447,
            1895,
            1572,
            1984,
            2323,
            2406,
            2346,
            1943,
            447,
            1895,
            1572,
            1984,
            2323,
            2406,
            2346,
            1943,
            447,
            1895,
            1572,
            1984,
            2323,
            2406,
            2346,
            1943,
            447,
            1895,
            1572,
            1984,
            2323,
            2406,
            2346,
            1943,
            447,
            1895,
            1572,
            1984,
            2323,
            2406,
            2346,
            1943,
            1680,
            447,
            1895,
            1572,
            1984,
            2323,
            2406,
            2346,
            1943,
            1680,
            2738,
            447,
            1895,
            1572,
            1984,
            2323,
            2406,
            2346,
            1943,
            1680,
            2738,
            447,
            1895,
            1572,
            1984,
            2323,
            2406,
            2346,
            1943,
            1680,
            2738,
            447,
            1895,
            1572,
            1984,
            2323,
            2406,
            2346,
            1943,
            1680,
            2738
          ],
          "warnings": [],
          "safe": [
            289,
            275,
            419,
            433,
            354,
            289,
            275,
            419,
            433,
            354,
            289,
            275,
            419,
            433,
            354,
            289,
            275,
            419,
            433,
            354,
            2200,
            289,
            275,
            419,
            433,
            354,
            2200,
            289,
            275,
            419,
            433,
            354,
            2200,
            2392,
            289,
            275,
            419,
            433,
            354,
            2200,
            2392,
            3692,
            289,
            275,
            419,
            433,
            354,
            2200,
            2392,
            3692,
            1449,
            289,
            275,
            419,
            433,
            354,
            2200,
            2392,
            3692,
            1449,
            289,
            275,
            419,
            433,
            354,
            2200,
            2392,
            3692,
            1449,
            3390,
            289,
            275,
            419,
            433,
            354,
            2200,
            2392,
            3692,
            1449,
            3390,
            3184,
            289,
            275,
            419,
            433,
            354,
            2200,
            2392,
            3692,
            1449,
            3390,
            3184,
            289,
            275,
            419,
            433,
            354,
            2200,
            2392,
            3692,
            1449,
            3390,
            3184,
            1669,
            289,
            275,
            419,
            433,
            354,
            2200,
            2392,
            3692,
            1449,
            3390,
            3184,
            1669,
            289,
            275,
            419,
            433,
            354,
            2200,
            2392,
            3692,
            1449,
            3390,
            3184,
            1669,
            1655,
            289,
            275,
            419,
            433,
            354,
            2200,
            2392,
            3692,
            1449,
            3390,
            3184,
            1669,
            1655,
            1830,
            289,
            275,
            419,
            433,
            354,
            2200,
            2392,
            3692,
            1449,
            3390,
            3184,
            1669,
            1655,
            1830,
            2477,
            289,
            275,
            419,
            433,
            354,
            2200,
            2392,
            3692,
            1449,
            3390,
            3184,
            1669,
            1655,
            1830,
            2477,
            289,
            275,
            419,
            433,
            354,
            2200,
            2392,
            3692,
            1449,
            3390,
            3184,
            1669,
            1655,
            1830,
            2477,
            289,
            275,
            419,
            433,
            354,
            2200,
            2392,
            3692,
            1449,
            3390,
            3184,
            1669,
            1655,
            1830,
            2477,
            1970,
            289,
            275,
            419,
            433,
            354,
            2200,
            2392,
            3692,
            1449,
            3390,
            3184,
            1669,
            1655,
            1830,
            2477,
            1970,
            3524,
            289,
            275,
            419,
            433,
            354,
            2200,
            2392,
            3692,
            1449,
            3390,
            3184,
            1669,
            1655,
            1830,
            2477,
            1970,
            3524,
            1765
          ],
          "conflicts": []
        },