{
  "contract": "0xcd2ddec1150ded7a28834169683a0dbc93a782c2",
  "tool": "securify",
  "start": 1563475809.7398512,
  "end": 1563476103.5257022,
  "duration": 293.7858510017395,
  "analysis": {
    "0xcd2ddec1150ded7a28834169683a0dbc93a782c2": {
      "results": {
        "DAO": {
          "completed": true,
          "hasViolations": false,
          "hasWarnings": false,
          "hasSafe": false,
          "hasConflicts": false,
          "violations": [],
          "warnings": [],
          "safe": [],
          "conflicts": []
        },
        "DAOConstantGas": {
          "completed": true,
          "hasViolations": false,
          "hasWarnings": false,
          "hasSafe": true,
          "hasConflicts": false,
          "violations": [],
          "warnings": [],
          "safe": [
            3890,
            3890,
            3890,
            3890,
            3890,
            3890,
            3890,
            3890,
            3890
          ],
          "conflicts": []
        },
        "MissingInputValidation": {
          "completed": true,
          "hasViolations": true,
          "hasWarnings": false,
          "hasSafe": true,
          "hasConflicts": false,
          "violations": [
            1079,
            1079,
            1386,
            1079,
            1386,
            1079,
            1386,
            1079,
            1386,
            1368,
            1079,
            1386,
            1368
          ],
          "warnings": [],
          "safe": [
            1129,
            1129,
            1589,
            1129,
            1589,
            1129,
            1589,
            1129,
            1589,
            1261,
            1129,
            1589,
            1261,
            956,
            1129,
            1589,
            1261,
            956,
            1129,
            1589,
            1261,
            956,
            1958
          ],
          "conflicts": []
        },
        "TODAmount": {
          "completed": true,
          "hasViolations": false,
          "hasWarnings": false,
          "hasSafe": false,
          "hasConflicts": true,
          "violations": [],
          "warnings": [],
          "safe": [],
          "conflicts": [
            3890,
            3890,
            3890,
            3890,
            3890,
            3890,
            3890,
            3890
          ]
        },
        "TODReceiver": {
          "completed": true,
          "hasViolations": false,
          "hasWarnings": false,
          "hasSafe": true,
          "hasConflicts": false,
          "violations": [],
          "warnings": [],
          "safe": [
            3890,
            3890,
            3890,
            3890,
            3890,
            3890,
            3890,
            3890
          ],
          "conflicts": []
        },
        "TODTransfer": {
          "completed": true,
          "hasViolations": false,
          "hasWarnings": false,
          "hasSafe": false,
          "hasConflicts": true,
          "violations": [],
          "warnings": [],
          "safe": [],
          "conflicts": [
            3890,
            3890,
            3890,
            3890,
            3890,
            3890,
            3890,
            3890
          ]
        },
        "UnhandledException": {
          "completed": true,
          "hasViolations": false,
          "hasWarnings": false,
          "hasSafe": true,
          "hasConflicts": false,
          "violations": [],
          "warnings": [],
          "safe": [
            3765,
            3890,
            3765,
            3890,
            3765,
            3890,
            3765,
            3890,
            3765,
            3890,
            3765,
            3890,
            3765,
            3890,
            3765,
            3890
          ],
          "conflicts": []
        },
        "UnrestrictedEtherFlow": {
          "completed": true,
          "hasViolations": false,
          "hasWarnings": false,
          "hasSafe": true,
          "hasConflicts": false,
          "violations": [],
          "warnings": [],
          "safe": [
            3765,
            3890,
            3765,
            3890,
            3765,
            3890,
            3765,
            3890,
            3765,
            3890,
            3765,
            3890,
            3765,
            3890,
            3765,
            3890
          ],
          "conflicts": []
        }
      }
    }
  }
}