{
  "contract": "0xfff3d3b591e792eb3d937327b4b786db37ba2087",
  "tool": "securify",
  "start": 1563823308.3835855,
  "end": 1563823768.2234952,
  "duration": 459.8399097919464,
  "analysis": {
    "0xfff3d3b591e792eb3d937327b4b786db37ba2087": {
      "results": {
        "DAO": {
          "completed": true,
          "hasViolations": false,
          "hasWarnings": false,
          "hasSafe": false,
          "hasConflicts": false,
          "violations": [],
          "warnings": [],
          "safe": [],
          "conflicts": []
        },
        "DAOConstantGas": {
          "completed": true,
          "hasViolations": false,
          "hasWarnings": false,
          "hasSafe": false,
          "hasConflicts": false,
          "violations": [],
          "warnings": [],
          "safe": [],
          "conflicts": []
        },
        "MissingInputValidation": {
          "completed": true,
          "hasViolations": true,
          "hasWarnings": true,
          "hasSafe": true,
          "hasConflicts": false,
          "violations": [
            2318,
            2318,
            3214,
            2318,
            3214,
            2318,
            3214,
            1810,
            2318,
            3214,
            1810,
            2318,
            3214,
            1810,
            2300,
            2318,
            3214,
            1810,
            2300,
            2318,
            3214,
            1810,
            2300,
            1974,
            2318,
            3214,
            1810,
            2300,
            1974,
            2318,
            3214,
            1810,
            2300,
            1974,
            2318,
            3214,
            1810,
            2300,
            1974,
            1755,
            2318,
            3214,
            1810,
            2300,
            1974,
            1755,
            2210,
            2318,
            3214,
            1810,
            2300,
            1974,
            1755,
            2210,
            3263,
            2318,
            3214,
            1810,
            2300,
            1974,
            1755,
            2210,
            3263,
            2318,
            3214,
            1810,
            2300,
            1974,
            1755,
            2210,
            3263,
            2277,
            2318,
            3214,
            1810,
            2300,
            1974,
            1755,
            2210,
            3263,
            2277,
            2318,
            3214,
            1810,
            2300,
            1974,
            1755,
            2210,
            3263,
            2277,
            2318,
            3214,
            1810,
            2300,
            1974,
            1755,
            2210,
            3263,
            2277
          ],
          "warnings": [
            2521,
            2521,
            2521,
            2717,
            2521,
            2717,
            2521,
            2717,
            2521,
            2717,
            2521,
            2717,
            2521,
            2717,
            2521,
            2717,
            2521,
            2717,
            2521,
            2717,
            2521,
            2717
          ],
          "safe": [
            1805,
            1805,
            1805,
            2041,
            1805,
            2041,
            1805,
            2041,
            1805,
            2041,
            1805,
            2041,
            1805,
            2041,
            1632,
            1805,
            2041,
            1632,
            1805,
            2041,
            1632,
            1805,
            2041,
            1632,
            1805,
            2041,
            1632,
            3535,
            1805,
            2041,
            1632,
            3535,
            1805,
            2041,
            1632,
            3535,
            2580,
            1805,
            2041,
            1632,
            3535,
            2580,
            3312,
            1805,
            2041,
            1632,
            3535,
            2580,
            3312,
            2594
          ],
          "conflicts": []
        },
        "TODAmount": {
          "completed": true,
          "hasViolations": false,
          "hasWarnings": false,
          "hasSafe": false,
          "hasConflicts": false,
          "violations": [],
          "warnings": [],
          "safe": [],
          "conflicts": []
        },
        "TODReceiver": {
          "completed": true,
          "hasViolations": false,
          "hasWarnings": false,
          "hasSafe": false,
          "hasConflicts": false,
          "violations": [],
          "warnings": [],
          "safe": [],
          "conflicts": []
        },
        "TODTransfer": {
          "completed": true,
          "hasViolations": false,
          "hasWarnings": false,
          "hasSafe": false,
          "hasConflicts": false,
          "violations": [],
          "warnings": [],
          "safe": [],
          "conflicts": []
        },
        "UnhandledException": {
          "completed": true,
          "hasViolations": false,
          "hasWarnings": false,
          "hasSafe": false,
          "hasConflicts": false,
          "violations": [],
          "warnings": [],
          "safe": [],
          "conflicts": []
        },
        "UnrestrictedEtherFlow": {
          "completed": true,
          "hasViolations": false,
          "hasWarnings": false,
          "hasSafe": false,
          "hasConflicts": false,
          "violations": [],
          "warnings": [],
          "safe": [],
          "conflicts": []
        }
      }
    }
  }
}