{
  "contract": "0x5c545ca7f9d34857664fdce6adc22edcf1d5061f",
  "tool": "securify",
  "start": 1563486594.8296375,
  "end": 1563488397.6156216,
  "duration": 1802.7859840393066,
  "analysis": {
    "0x5c545ca7f9d34857664fdce6adc22edcf1d5061f": {
      "results": {
        "DAO": {
          "completed": true,
          "hasViolations": false,
          "hasWarnings": false,
          "hasSafe": false,
          "hasConflicts": false,
          "violations": [],
          "warnings": [],
          "safe": [],
          "conflicts": []
        },
        "DAOConstantGas": {
          "completed": true,
          "hasViolations": false,
          "hasWarnings": false,
          "hasSafe": true,
          "hasConflicts": false,
          "violations": [],
          "warnings": [],
          "safe": [
            1973,
            1973,
            1973,
            1973,
            1973,
            1973
          ],
          "conflicts": []
        },
        "MissingInputValidation": {
          "completed": true,
          "hasViolations": true,
          "hasWarnings": false,
          "hasSafe": true,
          "hasConflicts": false,
          "violations": [
            168,
            291,
            601,
            1029,
            1252,
            728,
            296,
            724,
            611,
            366,
            253,
            168,
            291,
            601,
            1029,
            1252,
            728,
            296,
            724,
            611,
            366,
            253,
            959,
            168,
            291,
            601,
            1029,
            1252,
            728,
            296,
            724,
            611,
            366,
            253,
            959,
            499,
            168,
            291,
            601,
            1029,
            1252,
            728,
            296,
            724,
            611,
            366,
            253,
            959,
            499,
            1051,
            168,
            291,
            601,
            1029,
            1252,
            728,
            296,
            724,
            611,
            366,
            253,
            959,
            499,
            1051,
            1161
          ],
          "warnings": [],
          "safe": [
            295,
            469,
            281,
            404,
            774,
            788,
            586,
            600,
            572,
            1341,
            841,
            714,
            1015,
            1238,
            423,
            409,
            813,
            597,
            104,
            100,
            667,
            681,
            479,
            493,
            931,
            295,
            469,
            281,
            404,
            774,
            788,
            586,
            600,
            572,
            1341,
            841,
            714,
            1015,
            1238,
            423,
            409,
            813,
            597,
            104,
            100,
            667,
            681,
            479,
            493,
            931,
            295,
            469,
            281,
            404,
            774,
            788,
            586,
            600,
            572,
            1341,
            841,
            714,
            1015,
            1238,
            423,
            409,
            813,
            597,
            104,
            100,
            667,
            681,
            479,
            493,
            931,
            295,
            469,
            281,
            404,
            774,
            788,
            586,
            600,
            572,
            1341,
            841,
            714,
            1015,
            1238,
            423,
            409,
            813,
            597,
            104,
            100,
            667,
            681,
            479,
            493,
            931,
            295,
            469,
            281,
            404,
            774,
            788,
            586,
            600,
            572,
            1341,
            841,
            714,
            1015,
            1238,
            423,
            409,
            813,
            597,
            104,
            100,
            667,
            681,
            479,
            493,
            931
          ],
          "conflicts": []
        },
        "TODAmount": {
          "completed": true,
          "hasViolations": false,
          "hasWarnings": true,
          "hasSafe": false,
          "hasConflicts": false,
          "violations": [],
          "warnings": [
            1973,
            1973,
            1973,
            1973,
            1973
          ],
          "safe": [],
          "conflicts": []
        },
        "TODReceiver": {
          "completed": true,
          "hasViolations": true,
          "hasWarnings": false,
          "hasSafe": false,
          "hasConflicts": false,
          "violations": [
            1973,
            1973,
            1973,
            1973,
            1973
          ],
          "warnings": [],
          "safe": [],
          "conflicts": []
        },
        "TODTransfer": {
          "completed": true,
          "hasViolations": false,
          "hasWarnings": false,
          "hasSafe": false,
          "hasConflicts": true,
          "violations": [],
          "warnings": [],
          "safe": [],
          "conflicts": [
            1973,
            1973,
            1973,
            1973,
            1973
          ]
        },
        "UnhandledException": {
          "completed": true,
          "hasViolations": false,
          "hasWarnings": false,
          "hasSafe": true,
          "hasConflicts": false,
          "violations": [],
          "warnings": [],