{
  "contract": "0xef23d6e92e9ae8646640f696cb973febb6dec2f0",
  "tool": "securify",
  "start": 1563659152.6503863,
  "end": 1563660461.4948664,
  "duration": 1308.8444800376892,
  "analysis": {
    "/unique_chucks/35/0xef23d6e92e9ae8646640f696cb973febb6dec2f0.sol:PlayerBook": {
      "results": {
        "TODReceiver": {
          "violations": [],
          "warnings": [],
          "safe": [
            549,
            554,
            738,
            739,
            740,
            741
          ],
          "conflicts": []
        },
        "UnhandledException": {
          "violations": [],
          "warnings": [
            549,
            554,
            473,
            478,
            738,
            739,
            740,
            741,
            498,
            501
          ],
          "safe": [],
          "conflicts": []
        },
        "TODTransfer": {
          "violations": [],
          "warnings": [
            554
          ],
          "safe": [
            549,
            738,
            739,
            740,
            741
          ],
          "conflicts": []
        },
        "DAO": {
          "violations": [],
          "warnings": [
            554,
            738,
            739,
            740,
            741
          ],
          "safe": [],
          "conflicts": []
        },
        "TODAmount": {
          "violations": [
            549
          ],
          "warnings": [],
          "safe": [
            554,
            738,
            739,
            740,
            741
          ],
          "conflicts": []
        },
        "MissingInputValidation": {
          "violations": [
            204,
            199,
            206,
            208,
            687,
            201,
            591,
            605,
            583,
            744,
            207,
            205,
            200,
            728,
            598,
            619
          ],
          "warnings": [
            302,
            512,
            612,
            198,
            202,
            203,
            106,
            563,
            531,
            485
          ],
          "safe": [
            374,
            651,
            462,
            339,
            414
          ],
          "conflicts": []
        },
        "DAOConstantGas": {
          "violations": [],
          "warnings": [
            549
          ],
          "safe": [],
          "conflicts": []
        },
        "UnrestrictedEtherFlow": {
          "violations": [],
          "warnings": [
            473,
            478,
            498,
            501
          ],
          "safe": [
            549,
            554,
            738,
            739,
            740,
            741
          ],
          "conflicts": []
        }
      }
    },
    "/unique_chucks/35/0xef23d6e92e9ae8646640f696cb973febb6dec2f0.sol:NameFilter": {
      "results": {
        "TODReceiver": {
          "violations": [],
          "warnings": [],
          "safe": [],
          "conflicts": []
        },
        "UnhandledException": {
          "violations": [],
          "warnings": [],
          "safe": [],
          "conflicts": []
        },
        "TODTransfer": {
          "violations": [],
          "warnings": [],
          "safe": [],
          "conflicts": []
        },
        "DAO": {
          "violations": [],
          "warnings": [],
          "safe": [],
          "conflicts": []
        },
        "TODAmount": {
          "violations": [],
          "warnings": [],
          "safe": [],
          "conflicts": []
        },
        "MissingInputValidation": {
          "violations": [],
          "warnings": [],
          "safe": [],
          "conflicts": []
        },
        "DAOConstantGas": {
          "violations": [],
          "warnings": [],
          "safe": [],
          "conflicts": []
        },
        "UnrestrictedEtherFlow": {
          "violations": [],
          "warnings": [],
          "safe": [],
          "conflicts": []
        }
      }
    },
    "/unique_chucks/35/0xef23d6e92e9ae8646640f696cb973febb6dec2f0.sol:SafeMath": {
      "results": {
        "TODReceiver": {
          "violations": [],
          "warnings": [],
          "safe": [
            -1
          ],
          "conflicts": []
        },
        "UnhandledException": {
          "violations": [],
          "warnings": [
            -1
          ],
          "safe": [],
          "conflicts": []
        },
        "TODTransfer": {
          "violations": [],
          "warnings": [
            -1
          ],
          "safe": [
            -1
          ],
          "conflicts": []
        },
        "DAO": {
          "violations": [],
          "warnings": [
            -1
          ],
          "safe": [],
          "conflicts": []
        },
        "TODAmount": {
          "violations": [
            -1
          ],
          "warnings": [],
          "safe": [
            -1
          ],
          "conflicts": []
        },
        "MissingInputValidation": {
          "violations": [],
          "warnings": [],
          "safe": [],
          "conflicts": []
        },
        "DAOConstantGas": {
          "violations": [],
          "warnings": [
            -1
          ],
          "safe": [],
          "conflicts": []
        },
        "UnrestrictedEtherFlow": {
          "violations": [],
          "warnings": [
            -1
          ],
          "safe": [
            -1
          ],
          "conflicts": []
        }
      }
    },
    "/unique_chucks/35/0xef23d6e92e9ae8646640f696cb973febb6dec2f0.sol:PlayerBookReceiverInterface": {
      "results": {
        "TODReceiver": {
          "violations": [],
          "warnings": [],
          "safe": [
            -1
          ],
          "conflicts": []
        },
        "UnhandledException": {
          "violations": [],
          "warnings": [
            -1
          ],
          "safe": [],
          "conflicts": []
        },
        "TODTransfer": {
          "violations": [],
          "warnings": [
            -1
          ],
          "safe": [
            -1
          ],
          "conflicts": []
        },
        "DAO": {
          "violations": [],
          "warnings": [
            -1
          ],
          "safe": [],
          "conflicts": []
        },
        "TODAmount": {
          "violations": [
            -1
          ],
          "warnings": [],
          "safe": [
            -1
          ],
          "conflicts": []
        },
        "MissingInputValidation": {
          "violations": [],
          "warnings": [],
          "safe": [],
          "conflicts": []
        },
        "DAOConstantGas": {
          "violations": [],
          "warnings": [
            -1
          ],
          "safe": [],
          "conflicts": []
        },
        "UnrestrictedEtherFlow": {
          "violations": [],
          "warnings": [
            -1
          ],
          "safe": [
            -1
          ],
          "conflicts": []
        }
      }
    }
  }
}