{
  "contract": "0x2c544275203b0db7550887067507ce2befcea893",
  "tool": "securify",
  "start": 1563631329.8973918,
  "end": 1563631528.7966237,
  "duration": 198.89923191070557,
  "analysis": {
    "/unique_chucks/26/0x2c544275203b0db7550887067507ce2befcea893.sol:Artwork": {
      "results": {
        "TODReceiver": {
          "violations": [
            403,
            370,
            371,
            425
          ],
          "warnings": [
            445,
            426
          ],
          "safe": [
            372,
            427
          ],
          "conflicts": []
        },
        "UnhandledException": {
          "violations": [],
          "warnings": [
            403,
            445,
            370,
            371,
            372,
            425,
            426,
            427,
            376,
            431
          ],
          "safe": [],
          "conflicts": []
        },
        "TODTransfer": {
          "violations": [],
          "warnings": [],
          "safe": [],
          "conflicts": [
            403,
            445,
            370,
            371,
            372,
            425,
            426,
            427
          ]
        },
        "DAO": {
          "violations": [],
          "warnings": [],
          "safe": [],
          "conflicts": []
        },
        "TODAmount": {
          "violations": [
            403,
            445,
            425,
            426,
            427
          ],
          "warnings": [],
          "safe": [
            370,
            371,
            372
          ],
          "conflicts": []
        },
        "MissingInputValidation": {
          "violations": [],
          "warnings": [],
          "safe": [],
          "conflicts": []
        },
        "DAOConstantGas": {
          "violations": [
            445,
            370,
            371,
            372,
            425,
            426,
            427
          ],
          "warnings": [],
          "safe": [
            403
          ],
          "conflicts": []
        },
        "UnrestrictedEtherFlow": {
          "violations": [],
          "warnings": [
            445,
            425,
            426,
            427,
            376,
            431
          ],
          "safe": [
            403,
            370,
            371,
            372
          ],
          "conflicts": []
        }
      }
    },
    "/unique_chucks/26/0x2c544275203b0db7550887067507ce2befcea893.sol:Interface": {
      "results": {
        "TODReceiver": {
          "violations": [
            -1
          ],
          "warnings": [
            -1
          ],
          "safe": [
            -1
          ],
          "conflicts": []
        },
        "UnhandledException": {
          "violations": [],
          "warnings": [
            -1
          ],
          "safe": [],
          "conflicts": []
        },
        "TODTransfer": {
          "violations": [],
          "warnings": [],
          "safe": [],
          "conflicts": [
            -1
          ]
        },
        "DAO": {
          "violations": [],
          "warnings": [],
          "safe": [],
          "conflicts": []
        },
        "TODAmount": {
          "violations": [
            -1
          ],
          "warnings": [],
          "safe": [
            -1
          ],
          "conflicts": []
        },
        "MissingInputValidation": {
          "violations": [],
          "warnings": [],
          "safe": [],
          "conflicts": []
        },
        "DAOConstantGas": {
          "violations": [
            -1
          ],
          "warnings": [],
          "safe": [
            -1
          ],
          "conflicts": []
        },
        "UnrestrictedEtherFlow": {
          "violations": [],
          "warnings": [
            -1
          ],
          "safe": [
            -1
          ],
          "conflicts": []
        }
      }
    },
    "/unique_chucks/26/0x2c544275203b0db7550887067507ce2befcea893.sol:Factory": {
      "results": {
        "TODReceiver": {
          "violations": [
            -1
          ],
          "warnings": [
            -1
          ],
          "safe": [
            -1
          ],
          "conflicts": []
        },
        "UnhandledException": {
          "violations": [],
          "warnings": [
            -1,
            87
          ],
          "safe": [],
          "conflicts": []
        },
        "TODTransfer": {
          "violations": [],
          "warnings": [],
          "safe": [],
          "conflicts": [
            -1
          ]
        },
        "DAO": {
          "violations": [],
          "warnings": [],
          "safe": [],
          "conflicts": []
        },
        "TODAmount": {
          "violations": [
            -1
          ],
          "warnings": [],
          "safe": [
            -1
          ],
          "conflicts": []
        },
        "MissingInputValidation": {
          "violations": [],
          "warnings": [],
          "safe": [],
          "conflicts": []
        },
        "DAOConstantGas": {
          "violations": [
            -1
          ],
          "warnings": [],
          "safe": [
            -1
          ],
          "conflicts": []
        },
        "UnrestrictedEtherFlow": {
          "violations": [],
          "warnings": [
            -1,
            87
          ],
          "safe": [
            -1
          ],
          "conflicts": []
        }
      }
    }
  }
}