{
  "contract": "0x6d0a11c04edf666e92777634ddb72f152a798369",
  "tool": "securify",
  "start": 1563534470.3787246,
  "end": 1563535021.5751584,
  "duration": 551.1964337825775,
  "analysis": {
    "0x6d0a11c04edf666e92777634ddb72f152a798369": {
      "results": {
        "DAO": {
          "completed": true,
          "hasViolations": false,
          "hasWarnings": false,
          "hasSafe": false,
          "hasConflicts": false,
          "violations": [],
          "warnings": [],
          "safe": [],
          "conflicts": []
        },
        "DAOConstantGas": {
          "completed": true,
          "hasViolations": false,
          "hasWarnings": false,
          "hasSafe": true,
          "hasConflicts": false,
          "violations": [],
          "warnings": [],
          "safe": [
            3625,
            3625,
            3625,
            3625,
            3625,
            3625,
            3625,
            3625,
            3625,
            3625,
            3625,
            3625,
            3625,
            3625,
            3625,
            3625,
            3625,
            3625,
            3625,
            3625,
            3625,
            3625,
            3625
          ],
          "conflicts": []
        },
        "MissingInputValidation": {
          "completed": true,
          "hasViolations": true,
          "hasWarnings": false,
          "hasSafe": true,
          "hasConflicts": false,
          "violations": [
            3274,
            3274,
            3048,
            3274,
            3048,
            3274,
            3048,
            2508,
            3274,
            3048,
            2508,
            3251,
            3274,
            3048,
            2508,
            3251,
            2526,
            3274,
            3048,
            2508,
            3251,
            2526,
            3769,
            3274,
            3048,
            2508,
            3251,
            2526,
            3769,
            3274,
            3048,
            2508,
            3251,
            2526,
            3769,
            3274,
            3048,
            2508,
            3251,
            2526,
            3769,
            1936,
            3274,
            3048,
            2508,
            3251,
            2526,
            3769,
            1936,
            3274,
            3048,
            2508,
            3251,
            2526,
            3769,
            1936,
            3274,
            3048,
            2508,
            3251,
            2526,
            3769,
            1936,
            1713,
            3274,
            3048,
            2508,
            3251,
            2526,
            3769,
            1936,
            1713,
            3482,
            3274,
            3048,
            2508,
            3251,
            2526,
            3769,
            1936,
            1713,
            3482,
            3274,
            3048,
            2508,
            3251,
            2526,
            3769,
            1936,
            1713,
            3482,
            3274,
            3048,
            2508,
            3251,
            2526,
            3769,
            1936,
            1713,
            3482,
            3667,
            3274,
            3048,
            2508,
            3251,
            2526,
            3769,
            1936,
            1713,
            3482,
            3667,
            3274,
            3048,
            2508,
            3251,
            2526,
            3769,
            1936,
            1713,
            3482,
            3667,
            1877,
            3274,
            3048,
            2508,
            3251,
            2526,
            3769,
            1936,
            1713,
            3482,
            3667,
            1877,
            3274,
            3048,
            2508,
            3251,
            2526,
            3769,
            1936,
            1713,
            3482,
            3667,
            1877,
            3274,
            3048,
            2508,
            3251,
            2526,
            3769,
            1936,
            1713,
            3482,
            3667,
            1877,
            3274,
            3048,
            2508,
            3251,
            2526,
            3769,
            1936,
            1713,
            3482,
            3667,
            1877,
            3274,
            3048,
            2508,
            3251,
            2526,
            3769,
            1936,
            1713,
            3482,
            3667,
            1877,
            3274,
            3048,
            2508,
            3251,
            2526,
            3769,
            1936,
            1713,
            3482,
            3667,
            1877
          ],
          "warnings": [],
          "safe": [
            3509,
            3509,
            3509,
            3509,
            3509,
            3509,
            1927,
            3509,
            1927,
            2792,
            3509,
            1927,
            2792,
            3509,
            1927,
            2792,
            2650,
            3509,
            1927,
            2792,
            2650,
            2773,
            3509,
            1927,
            2792,
            2650,
            2773,
            3509,
            1927,
            2792,
            2650,
            2773,
            3509,
            1927,
            2792,
            2650,
            2773,
            2915,
            3509,
            1927,
            2792,
            2650,
            2773,
            2915,
            2257,
            3509,
            1927,
            2792,
            2650,
            2773,
            2915,
            2257,
            3509,
            1927,
            2792,
            2650,
            2773,
            2915,
            2257,
            1932,
            3509,
            1927,
            2792,
            2650,
            2773,
            2915,
            2257,
            1932,
            3509,
            1927,
            2792,
            2650,
            2773,
            2915,
            2257,
            1932,
            2253,
            3509,
            1927,
            2792,
            2650,
            2773,
            2915,
            2257,
            1932,
            2253,
            2262,
            3509,
            1927,
            2792,
            2650,
            2773,
            2915,
            2257,
            1932,
            2253,
            2262,
            2385,
            3509,
            1927,
            2792,
            2650,
            2773,
            2915,
            2257,
            1932,
            2253,
            2262,
            2385,
            2239,
            3509,
            1927,
            2792,
            2650,
            2773,
            2915,
            2257,
            1932,
            2253,
            2262,
            2385,
            2239,
            1754,
            3509,
            1927,
            2792,
            2650,
            2773,
            2915,
            2257,
            1932,
            2253,
            2262,
            2385,
            2239,
            1754,
            2778
          ],
          "conflicts": []
        },
        "TODAmount": {
          "completed": true,
          "hasViolations": false,
          "hasWarnings": false,
          "hasSafe": false,
          "hasConflicts": true,
          "violations": [],
          "warnings": [],
          "safe": [],