{
  "contract": "0x8c8c0ce93311e5e5ff5b609c693d1b83d523f00e",
  "tool": "securify",
  "start": 1563626051.7303972,
  "end": 1563627381.2131584,
  "duration": 1329.482761144638,
  "analysis": {
    "/unique_chucks/28/0x8c8c0ce93311e5e5ff5b609c693d1b83d523f00e.sol:PlayerBook": {
      "results": {
        "TODReceiver": {
          "violations": [],
          "warnings": [],
          "safe": [
            374,
            379,
            563,
            564,
            565,
            566
          ],
          "conflicts": []
        },
        "UnhandledException": {
          "violations": [],
          "warnings": [
            374,
            379,
            298,
            303,
            563,
            564,
            565,
            566,
            323,
            326
          ],
          "safe": [],
          "conflicts": []
        },
        "TODTransfer": {
          "violations": [],
          "warnings": [
            379
          ],
          "safe": [
            374,
            563,
            564,
            565,
            566
          ],
          "conflicts": []
        },
        "DAO": {
          "violations": [],
          "warnings": [
            379,
            563,
            564,
            565,
            566
          ],
          "safe": [],
          "conflicts": []
        },
        "TODAmount": {
          "violations": [
            374
          ],
          "warnings": [],
          "safe": [
            379,
            563,
            564,
            565,
            566
          ],
          "conflicts": []
        },
        "MissingInputValidation": {
          "violations": [
            28,
            23,
            30,
            32,
            512,
            25,
            416,
            430,
            408,
            569,
            31,
            29,
            24,
            553,
            423,
            444
          ],
          "warnings": [
            127,
            337,
            437,
            22,
            26,
            27,
            612,
            388,
            356,
            310
          ],
          "safe": [
            199,
            476,
            287,
            164,
            239
          ],
          "conflicts": []
        },
        "DAOConstantGas": {
          "violations": [],
          "warnings": [
            374
          ],
          "safe": [],
          "conflicts": []
        },
        "UnrestrictedEtherFlow": {
          "violations": [],
          "warnings": [
            298,
            303,
            323,
            326
          ],
          "safe": [
            374,
            379,
            563,
            564,
            565,
            566
          ],
          "conflicts": []
        }
      }
    },
    "/unique_chucks/28/0x8c8c0ce93311e5e5ff5b609c693d1b83d523f00e.sol:PlayerBookReceiverInterface": {
      "results": {
        "TODReceiver": {
          "violations": [],
          "warnings": [],
          "safe": [
            -1
          ],
          "conflicts": []
        },
        "UnhandledException": {
          "violations": [],
          "warnings": [
            -1
          ],
          "safe": [],
          "conflicts": []
        },
        "TODTransfer": {
          "violations": [],
          "warnings": [
            -1
          ],
          "safe": [
            -1
          ],
          "conflicts": []
        },
        "DAO": {
          "violations": [],
          "warnings": [
            -1
          ],
          "safe": [],
          "conflicts": []
        },
        "TODAmount": {
          "violations": [
            -1
          ],
          "warnings": [],
          "safe": [
            -1
          ],
          "conflicts": []
        },
        "MissingInputValidation": {
          "violations": [],
          "warnings": [],
          "safe": [],
          "conflicts": []
        },
        "DAOConstantGas": {
          "violations": [],
          "warnings": [
            -1
          ],
          "safe": [],
          "conflicts": []
        },
        "UnrestrictedEtherFlow": {
          "violations": [],
          "warnings": [
            -1
          ],
          "safe": [
            -1
          ],
          "conflicts": []
        }
      }
    },
    "/unique_chucks/28/0x8c8c0ce93311e5e5ff5b609c693d1b83d523f00e.sol:SafeMath": {
      "results": {
        "TODReceiver": {
          "violations": [],
          "warnings": [],
          "safe": [
            -1
          ],
          "conflicts": []
        },
        "UnhandledException": {
          "violations": [],
          "warnings": [
            -1
          ],
          "safe": [],
          "conflicts": []
        },
        "TODTransfer": {
          "violations": [],
          "warnings": [
            -1
          ],
          "safe": [
            -1
          ],
          "conflicts": []
        },
        "DAO": {
          "violations": [],
          "warnings": [
            -1
          ],
          "safe": [],
          "conflicts": []
        },
        "TODAmount": {
          "violations": [
            -1
          ],
          "warnings": [],
          "safe": [
            -1
          ],
          "conflicts": []
        },
        "MissingInputValidation": {
          "violations": [],
          "warnings": [],
          "safe": [],
          "conflicts": []
        },
        "DAOConstantGas": {
          "violations": [],
          "warnings": [
            -1
          ],
          "safe": [],
          "conflicts": []
        },
        "UnrestrictedEtherFlow": {
          "violations": [],
          "warnings": [
            -1
          ],
          "safe": [
            -1
          ],
          "conflicts": []
        }
      }
    },
    "/unique_chucks/28/0x8c8c0ce93311e5e5ff5b609c693d1b83d523f00e.sol:NameFilter": {
      "results": {
        "TODReceiver": {
          "violations": [],
          "warnings": [],
          "safe": [],
          "conflicts": []
        },
        "UnhandledException": {
          "violations": [],
          "warnings": [],
          "safe": [],
          "conflicts": []
        },
        "TODTransfer": {
          "violations": [],
          "warnings": [],
          "safe": [],
          "conflicts": []
        },
        "DAO": {
          "violations": [],
          "warnings": [],
          "safe": [],
          "conflicts": []
        },
        "TODAmount": {
          "violations": [],
          "warnings": [],
          "safe": [],
          "conflicts": []
        },
        "MissingInputValidation": {
          "violations": [],
          "warnings": [],
          "safe": [],
          "conflicts": []
        },
        "DAOConstantGas": {
          "violations": [],
          "warnings": [],
          "safe": [],
          "conflicts": []
        },
        "UnrestrictedEtherFlow": {
          "violations": [],
          "warnings": [],
          "safe": [],
          "conflicts": []
        }
      }
    }
  }
}