{
  "contract": "0x1bf3ff664d0bd9eea47628af7296ce0c51795680",
  "tool": "securify",
  "start": 1563682546.6491115,
  "end": 1563682840.4229145,
  "duration": 293.77380299568176,
  "analysis": {
    "0x1bf3ff664d0bd9eea47628af7296ce0c51795680": {
      "results": {
        "DAO": {
          "completed": true,
          "hasViolations": false,
          "hasWarnings": false,
          "hasSafe": false,
          "hasConflicts": false,
          "violations": [],
          "warnings": [],
          "safe": [],
          "conflicts": []
        },
        "DAOConstantGas": {
          "completed": true,
          "hasViolations": false,
          "hasWarnings": false,
          "hasSafe": false,
          "hasConflicts": false,
          "violations": [],
          "warnings": [],
          "safe": [],
          "conflicts": []
        },
        "MissingInputValidation": {
          "completed": true,
          "hasViolations": true,
          "hasWarnings": false,
          "hasSafe": true,
          "hasConflicts": false,
          "violations": [
            1723,
            1723,
            1723,
            1134,
            1723,
            1134,
            1723,
            1134,
            1723,
            1134,
            1723,
            1134,
            1386,
            1723,
            1134,
            1386,
            1368,
            1723,
            1134,
            1386,
            1368,
            1931
          ],
          "warnings": [],
          "safe": [
            1958,
            1958,
            1958,
            956,
            1958,
            956,
            1958,
            956,
            1129,
            1958,
            956,
            1129,
            1589,
            1958,
            956,
            1129,
            1589,
            1261,
            1958,
            956,
            1129,
            1589,
            1261,
            1958,
            956,
            1129,
            1589,
            1261,
            1958,
            956,
            1129,
            1589,
            1261
          ],
          "conflicts": []
        },
        "TODAmount": {
          "completed": true,
          "hasViolations": false,
          "hasWarnings": false,
          "hasSafe": false,
          "hasConflicts": false,
          "violations": [],
          "warnings": [],
          "safe": [],
          "conflicts": []
        },
        "TODReceiver": {
          "completed": true,
          "hasViolations": false,
          "hasWarnings": false,
          "hasSafe": false,
          "hasConflicts": false,
          "violations": [],
          "warnings": [],
          "safe": [],
          "conflicts": []
        },
        "TODTransfer": {
          "completed": true,
          "hasViolations": false,
          "hasWarnings": false,
          "hasSafe": false,
          "hasConflicts": false,
          "violations": [],
          "warnings": [],
          "safe": [],
          "conflicts": []
        },
        "UnhandledException": {
          "completed": true,
          "hasViolations": false,
          "hasWarnings": false,
          "hasSafe": true,
          "hasConflicts": false,
          "violations": [],
          "warnings": [],
          "safe": [
            1899,
            1899,
            1899,
            1899,
            1899,
            1899,
            1899,
            1899,
            1899
          ],
          "conflicts": []
        },
        "UnrestrictedEtherFlow": {
          "completed": true,
          "hasViolations": false,
          "hasWarnings": false,
          "hasSafe": true,
          "hasConflicts": false,
          "violations": [],
          "warnings": [],
          "safe": [
            1899,
            1899,
            1899,
            1899,
            1899,
            1899,
            1899,
            1899,
            1899
          ],
          "conflicts": []
        }
      }
    }
  }
}