{
  "contract": "0x61295d07be235619b4963368779737e14be27b3a",
  "tool": "securify",
  "start": 1563602772.5175235,
  "end": 1563603332.4931774,
  "duration": 559.975653886795,
  "analysis": {
    "/unique_chucks/20/0x61295d07be235619b4963368779737e14be27b3a.sol:MexicoMatcher": {
      "results": {
        "TODReceiver": {
          "violations": [],
          "warnings": [],
          "safe": [
            202,
            104,
            169,
            167,
            196
          ],
          "conflicts": []
        },
        "UnhandledException": {
          "violations": [],
          "warnings": [
            202,
            102,
            104,
            151,
            156,
            169,
            167,
            196,
            201
          ],
          "safe": [],
          "conflicts": []
        },
        "TODTransfer": {
          "violations": [
            202,
            104,
            169,
            196
          ],
          "warnings": [
            202,
            169,
            167
          ],
          "safe": [],
          "conflicts": []
        },
        "DAO": {
          "violations": [],
          "warnings": [
            202,
            167
          ],
          "safe": [],
          "conflicts": []
        },
        "TODAmount": {
          "violations": [
            202,
            104,
            169,
            196
          ],
          "warnings": [],
          "safe": [
            202,
            169,
            167
          ],
          "conflicts": []
        },
        "MissingInputValidation": {
          "violations": [
            156,
            147
          ],
          "warnings": [
            0,
            105,
            147,
            130,
            201,
            104,
            156,
            154,
            227,
            102,
            252,
            165,
            180,
            136,
            194
          ],
          "safe": [],
          "conflicts": []
        },
        "DAOConstantGas": {
          "violations": [],
          "warnings": [
            202,
            104,
            169,
            196
          ],
          "safe": [],
          "conflicts": []
        },
        "UnrestrictedEtherFlow": {
          "violations": [],
          "warnings": [
            102,
            202,
            104,
            151,
            156,
            169,
            167,
            196,
            201
          ],
          "safe": [
            202,
            169,
            167
          ],
          "conflicts": []
        }
      }
    },
    "/unique_chucks/20/0x61295d07be235619b4963368779737e14be27b3a.sol:BasicToken": {
      "results": {
        "TODReceiver": {
          "violations": [],
          "warnings": [],
          "safe": [],
          "conflicts": []
        },
        "UnhandledException": {
          "violations": [],
          "warnings": [],
          "safe": [],
          "conflicts": []
        },
        "TODTransfer": {
          "violations": [],
          "warnings": [],
          "safe": [],
          "conflicts": []
        },
        "DAO": {
          "violations": [],
          "warnings": [],
          "safe": [],
          "conflicts": []
        },
        "TODAmount": {
          "violations": [],
          "warnings": [],
          "safe": [],
          "conflicts": []
        },
        "MissingInputValidation": {
          "violations": [],
          "warnings": [],
          "safe": [],
          "conflicts": []
        },
        "DAOConstantGas": {
          "violations": [],
          "warnings": [],
          "safe": [],
          "conflicts": []
        },
        "UnrestrictedEtherFlow": {
          "violations": [],
          "warnings": [],
          "safe": [],
          "conflicts": []
        }
      }
    },
    "/unique_chucks/20/0x61295d07be235619b4963368779737e14be27b3a.sol:ERC20Basic": {
      "results": {
        "TODReceiver": {
          "violations": [],
          "warnings": [],
          "safe": [],
          "conflicts": []
        },
        "UnhandledException": {
          "violations": [],
          "warnings": [],
          "safe": [],
          "conflicts": []
        },
        "TODTransfer": {
          "violations": [],
          "warnings": [],
          "safe": [],
          "conflicts": []
        },
        "DAO": {
          "violations": [],
          "warnings": [],
          "safe": [],
          "conflicts": []
        },
        "TODAmount": {
          "violations": [],
          "warnings": [],
          "safe": [],
          "conflicts": []
        },
        "MissingInputValidation": {
          "violations": [],
          "warnings": [],
          "safe": [],
          "conflicts": []
        },
        "DAOConstantGas": {
          "violations": [],
          "warnings": [],
          "safe": [],
          "conflicts": []
        },
        "UnrestrictedEtherFlow": {
          "violations": [],
          "warnings": [],
          "safe": [],
          "conflicts": []
        }
      }
    },
    "/unique_chucks/20/0x61295d07be235619b4963368779737e14be27b3a.sol:SafeMath": {
      "results": {
        "TODReceiver": {
          "violations": [],
          "warnings": [],
          "safe": [
            -1
          ],
          "conflicts": []
        },
        "UnhandledException": {
          "violations": [],
          "warnings": [
            -1
          ],
          "safe": [],
          "conflicts": []
        },
        "TODTransfer": {
          "violations": [
            -1
          ],
          "warnings": [
            -1
          ],
          "safe": [],
          "conflicts": []
        },
        "DAO": {
          "violations": [],
          "warnings": [
            -1
          ],
          "safe": [],
          "conflicts": []
        },
        "TODAmount": {
          "violations": [
            -1
          ],
          "warnings": [],
          "safe": [
            -1
          ],
          "conflicts": []
        },
        "MissingInputValidation": {
          "violations": [],
          "warnings": [],
          "safe": [],
          "conflicts": []
        },
        "DAOConstantGas": {
          "violations": [],
          "warnings": [
            -1
          ],
          "safe": [],
          "conflicts": []
        },
        "UnrestrictedEtherFlow": {
          "violations": [],
          "warnings": [
            -1
          ],
          "safe": [
            -1
          ],
          "conflicts": []
        }
      }
    },
    "/unique_chucks/20/0x61295d07be235619b4963368779737e14be27b3a.sol:Escapable": {
      "results": {
        "TODReceiver": {
          "violations": [],
          "warnings": [],
          "safe": [
            169,
            167,
            196
          ],
          "conflicts": []
        },
        "UnhandledException": {
          "violations": [],
          "warnings": [
            169,
            167,
            156,
            196,
            201
          ],
          "safe": [],
          "conflicts": []
        },
        "TODTransfer": {
          "violations": [
            169,
            196
          ],
          "warnings": [
            169,
            167
          ],
          "safe": [],
          "conflicts": []
        },
        "DAO": {
          "violations": [],
          "warnings": [
            167
          ],
          "safe": [],
          "conflicts": []
        },
        "TODAmount": {
          "violations": [
            169,
            196
          ],
          "warnings": [],
          "safe": [
            169,
            167
          ],
          "conflicts": []
        },
        "MissingInputValidation": {
          "violations": [
            147
          ],