{
  "contract": "0x23e9df412683993de3275ac04dd9714b118d808b",
  "tool": "securify",
  "start": 1563499176.328736,
  "end": 1563499469.0882046,
  "duration": 292.75946855545044,
  "analysis": {
    "0x23e9df412683993de3275ac04dd9714b118d808b": {
      "results": {
        "DAO": {
          "completed": true,
          "hasViolations": false,
          "hasWarnings": false,
          "hasSafe": false,
          "hasConflicts": false,
          "violations": [],
          "warnings": [],
          "safe": [],
          "conflicts": []
        },
        "DAOConstantGas": {
          "completed": true,
          "hasViolations": false,
          "hasWarnings": false,
          "hasSafe": true,
          "hasConflicts": false,
          "violations": [],
          "warnings": [],
          "safe": [
            1285,
            960,
            1285,
            960,
            1285,
            960,
            1285,
            960,
            1285,
            960,
            1285,
            960,
            1285,
            960,
            1285,
            960,
            1285,
            960
          ],
          "conflicts": []
        },
        "MissingInputValidation": {
          "completed": true,
          "hasViolations": true,
          "hasWarnings": false,
          "hasSafe": true,
          "hasConflicts": false,
          "violations": [
            1084,
            1084,
            1084,
            1084,
            1084,
            1084,
            1084,
            1084,
            1084
          ],
          "warnings": [],
          "safe": [
            612,
            1316,
            682,
            983,
            1118,
            1311,
            814,
            879,
            598,
            1065,
            617,
            584,
            997,
            747,
            1070,
            373,
            612,
            1316,
            682,
            983,
            1118,
            1311,
            814,
            879,
            598,
            1065,
            617,
            584,
            997,
            747,
            1070,
            373,
            649,
            612,
            1316,
            682,
            983,
            1118,
            1311,
            814,
            879,
            598,
            1065,
            617,
            584,
            997,
            747,
            1070,
            373,
            649,
            387,
            612,
            1316,
            682,
            983,
            1118,
            1311,
            814,
            879,
            598,
            1065,
            617,
            584,
            997,
            747,
            1070,
            373,
            649,
            387,
            731,
            612,
            1316,
            682,
            983,
            1118,
            1311,
            814,
            879,
            598,
            1065,
            617,
            584,
            997,
            747,
            1070,
            373,
            649,
            387,
            731,
            663,
            612,
            1316,
            682,
            983,
            1118,
            1311,
            814,
            879,
            598,
            1065,
            617,
            584,
            997,
            747,
            1070,
            373,
            649,
            387,
            731,
            663,
            452,
            612,
            1316,
            682,
            983,
            1118,
            1311,
            814,
            879,
            598,
            1065,
            617,
            584,
            997,
            747,
            1070,
            373,
            649,
            387,
            731,
            663,
            452,
            584,
            612,
            1316,
            682,
            983,
            1118,
            1311,
            814,
            879,
            598,
            1065,
            617,
            584,
            997,
            747,
            1070,
            373,
            649,
            387,
            731,
            663,
            452,
            584,
            359,
            612,
            1316,
            682,
            983,
            1118,
            1311,
            814,
            879,
            598,
            1065,
            617,
            584,
            997,
            747,
            1070,
            373,
            649,
            387,
            731,
            663,
            452,
            584,
            359,
            517
          ],
          "conflicts": []
        },
        "TODAmount": {
          "completed": true,
          "hasViolations": false,
          "hasWarnings": true,
          "hasSafe": false,
          "hasConflicts": true,
          "violations": [],
          "warnings": [
            1285,
            1285,
            1285,
            1285,
            1285,
            1285,
            1285,
            1285,
            1285
          ],
          "safe": [],
          "conflicts": [
            960,
            960,
            960,
            960,
            960,
            960,
            960,
            960,
            960
          ]
        },
        "TODReceiver": {
          "completed": true,
          "hasViolations": true,
          "hasWarnings": false,
          "hasSafe": true,
          "hasConflicts": false,
          "violations": [
            960,
            960,
            960,
            960,
            960,
            960,
            960,
            960,
            960
          ],
          "warnings": [],
          "safe": [
            1285,
            1285,
            1285,
            1285,
            1285,
            1285,
            1285,
            1285,
            1285
          ],
          "conflicts": []
        },
        "TODTransfer": {
          "completed": true,
          "hasViolations": true,
          "hasWarnings": false,
          "hasSafe": false,
          "hasConflicts": true,
          "violations": [
            960,
            960,
            960,
            960,
            960,
            960,
            960,
            960,
            960
          ],
          "warnings": [],
          "safe": [],
          "conflicts": [
            1285,
            1285,
            1285,
            1285,
            1285,
            1285,
            1285,
            1285,
            1285
          ]
        },
        "UnhandledException": {
          "completed": true,
          "hasViolations": false,
          "hasWarnings": false,
          "hasSafe": true,
          "hasConflicts": false,
          "violations": [],
          "warnings": [],
          "safe": [
            1285,
            960,
            1285,
            960,
            1285,
            960,
            1285,
            960,
            1285,
            960,
            1285,
            960,
            1285,
            960,
            1285,
            960,
            1285,
            960
          ],
          "conflicts": []
        },
        "UnrestrictedEtherFlow": {
          "completed": true,
          "hasViolations": false,
          "hasWarnings": false,
          "hasSafe": true,
          "hasConflicts": false,
          "violations": [],
          "warnings": [],
          "safe": [
            1285,
            960,
            1285,
            960,
            1285,
            960,
            1285,
            960,
            1285,
            960,
            1285,
            960,
            1285,
            960,
            1285,
            960,
            1285,
            960
          ],
          "conflicts": []
        }
      }
    }
  }
}