{
  "contract": "0x48b44a7a1ebb16fec72893fd86bb66bdefd3f3ef",
  "tool": "securify",
  "start": 1563423220.5456476,
  "end": 1563425021.784488,
  "duration": 1801.238840341568,
  "analysis": {
    "0x48b44a7a1ebb16fec72893fd86bb66bdefd3f3ef": {
      "results": {
        "DAO": {
          "completed": true,
          "hasViolations": false,
          "hasWarnings": false,
          "hasSafe": false,
          "hasConflicts": false,
          "violations": [],
          "warnings": [],
          "safe": [],
          "conflicts": []
        },
        "DAOConstantGas": {
          "completed": true,
          "hasViolations": false,
          "hasWarnings": false,
          "hasSafe": false,
          "hasConflicts": false,
          "violations": [],
          "warnings": [],
          "safe": [],
          "conflicts": []
        },
        "MissingInputValidation": {
          "completed": true,
          "hasViolations": true,
          "hasWarnings": true,
          "hasSafe": true,
          "hasConflicts": false,
          "violations": [
            1900,
            1472,
            1596,
            2108,
            2237,
            2135,
            1272,
            1454,
            1327,
            1877,
            1900,
            1472,
            1596,
            2108,
            2237,
            2135,
            1272,
            1454,
            1327,
            1877,
            1126,
            1900,
            1472,
            1596,
            2108,
            2237,
            2135,
            1272,
            1454,
            1327,
            1877,
            1126,
            1900,
            1472,
            1596,
            2108,
            2237,
            2135,
            1272,
            1454,
            1327,
            1877,
            1126,
            944,
            1900,
            1472,
            1596,
            2108,
            2237,
            2135,
            1272,
            1454,
            1327,
            1877,
            1126,
            944,
            1486,
            1900,
            1472,
            1596,
            2108,
            2237,
            2135,
            1272,
            1454,
            1327,
            1877,
            1126,
            944,
            1486,
            1900,
            1472,
            1596,
            2108,
            2237,
            2135,
            1272,
            1454,
            1327,
            1877,
            1126,
            944,
            1486,
            1900,
            1472,
            1596,
            2108,
            2237,
            2135,
            1272,
            1454,
            1327,
            1877,
            1126,
            944,
            1486,
            999
          ],
          "warnings": [
            1866,
            1866,
            1866,
            1866,
            1866,
            1866,
            1866,
            1866
          ],
          "safe": [
            1743,
            1440,
            2286,
            1322,
            1149,
            1729,
            994,
            1743,
            1440,
            2286,
            1322,
            1149,
            1729,
            994,
            1743,
            1440,
            2286,
            1322,
            1149,
            1729,
            994,
            821,
            1743,
            1440,
            2286,
            1322,
            1149,
            1729,
            994,
            821,
            1743,
            1440,
            2286,
            1322,
            1149,
            1729,
            994,
            821,
            1743,
            1440,
            2286,
            1322,
            1149,
            1729,
            994,
            821,
            1144,
            1743,
            1440,
            2286,
            1322,
            1149,
            1729,
            994,
            821,
            1144,
            1513,
            1743,
            1440,
            2286,
            1322,
            1149,
            1729,
            994,
            821,
            1144,
            1513
          ],
          "conflicts": []
        },
        "TODAmount": {
          "completed": true,
          "hasViolations": false,
          "hasWarnings": false,
          "hasSafe": false,
          "hasConflicts": false,
          "violations": [],
          "warnings": [],
          "safe": [],
          "conflicts": []
        },
        "TODReceiver": {
          "completed": true,
          "hasViolations": false,
          "hasWarnings": false,
          "hasSafe": false,
          "hasConflicts": false,
          "violations": [],
          "warnings": [],
          "safe": [],
          "conflicts": []
        },
        "TODTransfer": {
          "completed": true,
          "hasViolations": false,
          "hasWarnings": false,
          "hasSafe": false,
          "hasConflicts": false,
          "violations": [],
          "warnings": [],
          "safe": [],
          "conflicts": []
        },
        "UnhandledException": {
          "completed": true,
          "hasViolations": false,
          "hasWarnings": false,
          "hasSafe": true,
          "hasConflicts": false,
          "violations": [],
          "warnings": [],
          "safe": [
            2076,
            2076,
            2076,
            2076,
            2076,
            2076,
            2076,
            2076
          ],
          "conflicts": []
        },
        "UnrestrictedEtherFlow": {
          "completed": true,
          "hasViolations": false,
          "hasWarnings": false,
          "hasSafe": true,
          "hasConflicts": false,
          "violations": [],
          "warnings": [],
          "safe": [
            2076,
            2076,
            2076,
            2076,
            2076,
            2076,
            2076,
            2076
          ],
          "conflicts": []
        }
      }
    }
  }
}