{
  "contract": "0xd5e5ab3438c14a6c823886baa24d8f41636b1d34",
  "tool": "securify",
  "start": 1563671536.837303,
  "end": 1563671685.661215,
  "duration": 148.82391214370728,
  "analysis": {
    "/unique_chucks/35/0xd5e5ab3438c14a6c823886baa24d8f41636b1d34.sol:TokenERC20": {
      "results": {
        "TODReceiver": {
          "violations": [],
          "warnings": [
            106,
            149,
            155,
            236
          ],
          "safe": [
            134,
            213,
            129,
            208,
            139,
            218,
            124,
            203
          ],
          "conflicts": []
        },
        "UnhandledException": {
          "violations": [
            106,
            149,
            155,
            134,
            213,
            129,
            208,
            139,
            218,
            124,
            203,
            236
          ],
          "warnings": [],
          "safe": [],
          "conflicts": []
        },
        "TODTransfer": {
          "violations": [],
          "warnings": [
            106,
            149,
            155,
            134,
            213,
            129,
            208,
            139,
            218,
            124,
            203
          ],
          "safe": [],
          "conflicts": [
            236
          ]
        },
        "DAO": {
          "violations": [],
          "warnings": [],
          "safe": [],
          "conflicts": []
        },
        "TODAmount": {
          "violations": [],
          "warnings": [
            149
          ],
          "safe": [
            106,
            155,
            134,
            213,
            129,
            208,
            139,
            218,
            124,
            203,
            236
          ],
          "conflicts": []
        },
        "MissingInputValidation": {
          "violations": [],
          "warnings": [],
          "safe": [],
          "conflicts": []
        },
        "DAOConstantGas": {
          "violations": [
            106,
            155,
            134,
            213,
            129,
            208,
            139,
            218,
            124,
            203,
            236
          ],
          "warnings": [
            149
          ],
          "safe": [],
          "conflicts": []
        },
        "UnrestrictedEtherFlow": {
          "violations": [],
          "warnings": [
            149,
            155,
            236
          ],
          "safe": [
            106,
            134,
            213,
            129,
            208,
            139,
            218,
            124,
            203
          ],
          "conflicts": []
        }
      }
    },
    "/unique_chucks/35/0xd5e5ab3438c14a6c823886baa24d8f41636b1d34.sol:Fdatasets": {
      "results": {
        "TODReceiver": {
          "violations": [],
          "warnings": [],
          "safe": [],
          "conflicts": []
        },
        "UnhandledException": {
          "violations": [],
          "warnings": [],
          "safe": [],
          "conflicts": []
        },
        "TODTransfer": {
          "violations": [],
          "warnings": [],
          "safe": [],
          "conflicts": []
        },
        "DAO": {
          "violations": [],
          "warnings": [],
          "safe": [],
          "conflicts": []
        },
        "TODAmount": {
          "violations": [],
          "warnings": [],
          "safe": [],
          "conflicts": []
        },
        "MissingInputValidation": {
          "violations": [],
          "warnings": [],
          "safe": [],
          "conflicts": []
        },
        "DAOConstantGas": {
          "violations": [],
          "warnings": [],
          "safe": [],
          "conflicts": []
        },
        "UnrestrictedEtherFlow": {
          "violations": [],
          "warnings": [],
          "safe": [],
          "conflicts": []
        }
      }
    },
    "/unique_chucks/35/0xd5e5ab3438c14a6c823886baa24d8f41636b1d34.sol:SafeMath": {
      "results": {
        "TODReceiver": {
          "violations": [],
          "warnings": [],
          "safe": [],
          "conflicts": []
        },
        "UnhandledException": {
          "violations": [],
          "warnings": [],
          "safe": [],
          "conflicts": []
        },
        "TODTransfer": {
          "violations": [],
          "warnings": [],
          "safe": [],
          "conflicts": []
        },
        "DAO": {
          "violations": [],
          "warnings": [],
          "safe": [],
          "conflicts": []
        },
        "TODAmount": {
          "violations": [],
          "warnings": [],
          "safe": [],
          "conflicts": []
        },
        "MissingInputValidation": {
          "violations": [],
          "warnings": [],
          "safe": [],
          "conflicts": []
        },
        "DAOConstantGas": {
          "violations": [],
          "warnings": [],
          "safe": [],
          "conflicts": []
        },
        "UnrestrictedEtherFlow": {
          "violations": [],
          "warnings": [],
          "safe": [],
          "conflicts": []
        }
      }
    }
  }
}