{
  "contract": "0x01f2acf2914860331c1cb1a9acecda7475e06af8",
  "tool": "securify",
  "start": 1563411074.3878329,
  "end": 1563412875.9785466,
  "duration": 1801.5907137393951,
  "analysis": {
    "0x01f2acf2914860331c1cb1a9acecda7475e06af8": {
      "results": {
        "DAO": {
          "completed": true,
          "hasViolations": false,
          "hasWarnings": false,
          "hasSafe": false,
          "hasConflicts": false,
          "violations": [],
          "warnings": [],
          "safe": [],
          "conflicts": []
        },
        "DAOConstantGas": {
          "completed": true,
          "hasViolations": false,
          "hasWarnings": false,
          "hasSafe": false,
          "hasConflicts": false,
          "violations": [],
          "warnings": [],
          "safe": [],
          "conflicts": []
        },
        "MissingInputValidation": {
          "completed": true,
          "hasViolations": true,
          "hasWarnings": true,
          "hasSafe": true,
          "hasConflicts": false,
          "violations": [
            1155,
            577,
            911,
            1791,
            1155,
            577,
            911,
            1791,
            1155,
            577,
            911,
            1791,
            1155,
            577,
            911,
            1791,
            1155,
            577,
            911,
            1791,
            2200,
            1155,
            577,
            911,
            1791,
            2200,
            1155,
            577,
            911,
            1791,
            2200,
            1155,
            577,
            911,
            1791,
            2200,
            1043,
            1155,
            577,
            911,
            1791,
            2200,
            1043,
            1155,
            577,
            911,
            1791,
            2200,
            1043,
            1155,
            577,
            911,
            1791,
            2200,
            1043,
            962,
            1155,
            577,
            911,
            1791,
            2200,
            1043,
            962,
            2359,
            1155,
            577,
            911,
            1791,
            2200,
            1043,
            962,
            2359,
            1430
          ],
          "warnings": [
            1921,
            1921,
            1921,
            1921,
            1921,
            1921,
            1921,
            1921,
            1921,
            1921,
            1921,
            1921
          ],
          "safe": [
            763,
            1041,
            649,
            563,
            966,
            897,
            274,
            260,
            126,
            763,
            1041,
            649,
            563,
            966,
            897,
            274,
            260,
            126,
            763,
            1041,
            649,
            563,
            966,
            897,
            274,
            260,
            126,
            1416,
            763,
            1041,
            649,
            563,
            966,
            897,
            274,
            260,
            126,
            1416,
            1502,
            763,
            1041,
            649,
            563,
            966,
            897,
            274,
            260,
            126,
            1416,
            1502,
            763,
            1041,
            649,
            563,
            966,
            897,
            274,
            260,
            126,
            1416,
            1502,
            2245,
            763,
            1041,
            649,
            563,
            966,
            897,
            274,
            260,
            126,
            1416,
            1502,
            2245,
            1038,
            763,
            1041,
            649,
            563,
            966,
            897,
            274,
            260,
            126,
            1416,
            1502,
            2245,
            1038,
            763,
            1041,
            649,
            563,
            966,
            897,
            274,
            260,
            126,
            1416,
            1502,
            2245,
            1038,
            1777,
            763,
            1041,
            649,
            563,
            966,
            897,
            274,
            260,
            126,
            1416,
            1502,
            2245,
            1038,
            1777,
            1643,
            763,
            1041,
            649,
            563,
            966,
            897,
            274,
            260,
            126,
            1416,
            1502,
            2245,
            1038,
            1777,
            1643,
            763,
            1041,
            649,
            563,
            966,
            897,
            274,
            260,
            126,
            1416,
            1502,
            2245,
            1038,
            1777,
            1643,
            763,
            1041,
            649,
            563,
            966,
            897,
            274,
            260,
            126,
            1416,
            1502,
            2245,
            1038,
            1777,
            1643
          ],
          "conflicts": []
        },
        "TODAmount": {
          "completed": true,
          "hasViolations": false,
          "hasWarnings": false,
          "hasSafe": false,
          "hasConflicts": false,
          "violations": [],
          "warnings": [],
          "safe": [],
          "conflicts": []
        },
        "TODReceiver": {
          "completed": true,
          "hasViolations": false,
          "hasWarnings": false,
          "hasSafe": false,
          "hasConflicts": false,
          "violations": [],
          "warnings": [],
          "safe": [],
          "conflicts": []
        },
        "TODTransfer": {
          "completed": true,
          "hasViolations": false,
          "hasWarnings": false,
          "hasSafe": false,
          "hasConflicts": false,
          "violations": [],
          "warnings": [],
          "safe": [],
          "conflicts": []
        },
        "UnhandledException": {
          "completed": true,
          "hasViolations": false,
          "hasWarnings": false,
          "hasSafe": false,
          "hasConflicts": false,
          "violations": [],
          "warnings": [],
          "safe": [],
          "conflicts": []
        },
        "UnrestrictedEtherFlow": {
          "completed": true,
          "hasViolations": false,
          "hasWarnings": false,
          "hasSafe": false,
          "hasConflicts": false,
          "violations": [],
          "warnings": [],
          "safe": [],
          "conflicts": []
        }
      }
    }
  }
}