{
  "contract": "0x91e64f39c1fe14492e8fdf5a8b0f305bd218c8a1",
  "tool": "securify",
  "start": 1563266434.2126184,
  "end": 1563266453.9397073,
  "duration": 19.727088928222656,
  "analysis": {
    "0x91e64f39c1fe14492e8fdf5a8b0f305bd218c8a1": {
      "results": {
        "DAO": {
          "completed": true,
          "hasViolations": false,
          "hasWarnings": false,
          "hasSafe": false,
          "hasConflicts": false,
          "violations": [],
          "warnings": [],
          "safe": [],
          "conflicts": []
        },
        "DAOConstantGas": {
          "completed": true,
          "hasViolations": false,
          "hasWarnings": false,
          "hasSafe": false,
          "hasConflicts": false,
          "violations": [],
          "warnings": [],
          "safe": [],
          "conflicts": []
        },
        "LockedEther": {
          "completed": true,
          "hasViolations": true,
          "hasWarnings": false,
          "hasSafe": false,
          "hasConflicts": false,
          "violations": [
            1
          ],
          "warnings": [],
          "safe": [],
          "conflicts": []
        },
        "MissingInputValidation": {
          "completed": true,
          "hasViolations": true,
          "hasWarnings": false,
          "hasSafe": true,
          "hasConflicts": false,
          "violations": [
            1519,
            1519,
            1519,
            1767,
            1519,
            1767,
            1519,
            1767,
            2211,
            1519,
            1767,
            2211,
            1519,
            1767,
            2211,
            2524,
            1519,
            1767,
            2211,
            2524,
            1519,
            1767,
            2211,
            2524,
            3034,
            1519,
            1767,
            2211,
            2524,
            3034,
            3235,
            1519,
            1767,
            2211,
            2524,
            3034,
            3235,
            1519,
            1767,
            2211,
            2524,
            3034,
            3235,
            2140,
            1519,
            1767,
            2211,
            2524,
            3034,
            3235,
            2140,
            1519,
            1767,
            2211,
            2524,
            3034,
            3235,
            2140,
            1981,
            1519,
            1767,
            2211,
            2524,
            3034,
            3235,
            2140,
            1981,
            2875,
            1519,
            1767,
            2211,
            2524,
            3034,
            3235,
            2140,
            1981,
            2875,
            1519,
            1767,
            2211,
            2524,
            3034,
            3235,
            2140,
            1981,
            2875,
            2355,
            1519,
            1767,
            2211,
            2524,
            3034,
            3235,
            2140,
            1981,
            2875,
            2355,
            3079,
            1519,
            1767,
            2211,
            2524,
            3034,
            3235,
            2140,
            1981,
            2875,
            2355,
            3079
          ],
          "warnings": [],
          "safe": [
            2709,
            2709,
            2709,
            1393,
            2709,
            1393,
            2709,
            1393,
            1964,
            2709,
            1393,
            1964,
            2709,
            1393,
            1964,
            2463,
            2709,
            1393,
            1964,
            2463,
            2709,
            1393,
            1964,
            2463,
            2726,
            2709,
            1393,
            1964,
            2463,
            2726,
            2709,
            1393,
            1964,
            2463,
            2726,
            2709,
            1393,
            1964,
            2463,
            2726,
            2749,
            2709,
            1393,
            1964,
            2463,
            2726,
            2749,
            2709,
            1393,
            1964,
            2463,
            2726,
            2749,
            3375,
            2709,
            1393,
            1964,
            2463,
            2726,
            2749,
            3375,
            2709,
            1393,
            1964,
            2463,
            2726,
            2749,
            3375,
            2709,
            1393,
            1964,
            2463,
            2726,
            2749,
            3375,
            3355,
            2709,
            1393,
            1964,
            2463,
            2726,
            2749,
            3375,
            3355,
            2709,
            1393,
            1964,
            2463,
            2726,
            2749,
            3375,
            3355,
            2709,
            1393,
            1964,
            2463,
            2726,
            2749,
            3375,
            3355,
            1675
          ],
          "conflicts": []
        },
        "RepeatedCall": {
          "completed": true,
          "hasViolations": false,
          "hasWarnings": false,
          "hasSafe": true,
          "hasConflicts": false,
          "violations": [],
          "warnings": [],
          "safe": [
            1593,
            1593,
            1593,
            1853,
            1593,
            1853,
            1593,
            1853,
            2274,
            1593,
            1853,
            2274,
            1593,
            1853,
            2274,
            2599,
            1593,
            1853,
            2274,
            2599,
            1593,
            1853,
            2274,
            2599,
            1593,
            1853,
            2274,
            2599,
            3301,
            1593,
            1853,
            2274,
            2599,
            3301,
            1593,
            1853,
            2274,
            2599,
            3301,
            1593,
            1853,
            2274,
            2599,
            3301,
            1593,
            1853,
            2274,
            2599,
            3301,
            2056,
            1593,
            1853,
            2274,
            2599,
            3301,
            2056,
            2950,
            1593,
            1853,
            2274,
            2599,
            3301,
            2056,
            2950,
            1593,
            1853,
            2274,
            2599,
            3301,
            2056,
            2950,
            2410,
            1593,
            1853,
            2274,
            2599,
            3301,
            2056,
            2950,
            2410,
            3153,
            1593,
            1853,
            2274,
            2599,
            3301,
            2056,
            2950,
            2410,
            3153,
            1716
          ],
          "conflicts": []
        },
        "TODAmount": {
          "completed": true,
          "hasViolations": false,
          "hasWarnings": false,
          "hasSafe": false,
          "hasConflicts": false,
          "violations": [],
          "warnings": [],
          "safe": [],
          "conflicts": []
        },
        "TODReceiver": {
          "completed": true,
          "hasViolations": false,
          "hasWarnings": false,
          "hasSafe": false,
          "hasConflicts": false,
          "violations": [],
          "warnings": [],
          "safe": [],
          "conflicts": []
        },
        "UnhandledException": {
          "completed": true,
          "hasViolations": false,
          "hasWarnings": false,
          "hasSafe": true,
          "hasConflicts": false,