{
  "contract": "0xca7b9121bd8fb33dce0706ba99b063242a6cf8ac",
  "tool": "securify",
  "start": 1563637071.441317,
  "end": 1563638873.6410306,
  "duration": 1802.1997134685516,
  "analysis": {
    "0xca7b9121bd8fb33dce0706ba99b063242a6cf8ac": {
      "results": {
        "DAO": {
          "completed": true,
          "hasViolations": false,
          "hasWarnings": false,
          "hasSafe": false,
          "hasConflicts": false,
          "violations": [],
          "warnings": [],
          "safe": [],
          "conflicts": []
        },
        "DAOConstantGas": {
          "completed": true,
          "hasViolations": false,
          "hasWarnings": false,
          "hasSafe": true,
          "hasConflicts": false,
          "violations": [],
          "warnings": [],
          "safe": [
            1534,
            1534,
            1534,
            1534,
            1534,
            1534,
            1534,
            1534,
            1534,
            1534,
            1534,
            1534,
            1534,
            1534,
            1534,
            1534,
            1534
          ],
          "conflicts": []
        },
        "MissingInputValidation": {
          "completed": true,
          "hasViolations": false,
          "hasWarnings": false,
          "hasSafe": true,
          "hasConflicts": false,
          "violations": [],
          "warnings": [],
          "safe": [
            1771,
            1771,
            1075,
            1771,
            1075,
            3507,
            1771,
            1075,
            3507,
            10099,
            1771,
            1075,
            3507,
            10099,
            11889,
            1771,
            1075,
            3507,
            10099,
            11889,
            8451,
            1771,
            1075,
            3507,
            10099,
            11889,
            8451,
            11795,
            1771,
            1075,
            3507,
            10099,
            11889,
            8451,
            11795,
            1470,
            1771,
            1075,
            3507,
            10099,
            11889,
            8451,
            11795,
            1470,
            1859,
            1771,
            1075,
            3507,
            10099,
            11889,
            8451,
            11795,
            1470,
            1859,
            11829,
            1771,
            1075,
            3507,
            10099,
            11889,
            8451,
            11795,
            1470,
            1859,
            11829,
            11859,
            1771,
            1075,
            3507,
            10099,
            11889,
            8451,
            11795,
            1470,
            1859,
            11829,
            11859,
            828,
            1771,
            1075,
            3507,
            10099,
            11889,
            8451,
            11795,
            1470,
            1859,
            11829,
            11859,
            828,
            1851,
            1771,
            1075,
            3507,
            10099,
            11889,
            8451,
            11795,
            1470,
            1859,
            11829,
            11859,
            828,
            1851,
            6803,
            1771,
            1075,
            3507,
            10099,
            11889,
            8451,
            11795,
            1470,
            1859,
            11829,
            11859,
            828,
            1851,
            6803,
            5155,
            1771,
            1075,
            3507,
            10099,
            11889,
            8451,
            11795,
            1470,
            1859,
            11829,
            11859,
            828,
            1851,
            6803,
            5155,
            1810,
            1771,
            1075,
            3507,
            10099,
            11889,
            8451,
            11795,
            1470,
            1859,
            11829,
            11859,
            828,
            1851,
            6803,
            5155,
            1810,
            1443,
            1771,
            1075,
            3507,
            10099,
            11889,
            8451,
            11795,
            1470,
            1859,
            11829,
            11859,
            828,
            1851,
            6803,
            5155,
            1810,
            1443,
            1555,
            1771,
            1075,
            3507,
            10099,
            11889,
            8451,
            11795,
            1470,
            1859,
            11829,
            11859,
            828,
            1851,
            6803,
            5155,
            1810,
            1443,
            1555,
            1635,
            1771,
            1075,
            3507,
            10099,
            11889,
            8451,
            11795,
            1470,
            1859,
            11829,
            11859,
            828,
            1851,
            6803,
            5155,
            1810,
            1443,
            1555,
            1635,
            1453,
            1771,
            1075,
            3507,
            10099,
            11889,
            8451,
            11795,
            1470,
            1859,
            11829,
            11859,
            828,
            1851,
            6803,
            5155,
            1810,
            1443,
            1555,
            1635,
            1453,
            1824,
            1771,
            1075,
            3507,
            10099,
            11889,
            8451,
            11795,
            1470,
            1859,
            11829,
            11859,
            828,
            1851,
            6803,
            5155,
            1810,
            1443,
            1555,
            1635,
            1453,
            1824,
            10598,
            1771,
            1075,
            3507,
            10099,
            11889,
            8451,
            11795,
            1470,
            1859,
            11829,
            11859,
            828,
            1851,
            6803,
            5155,
            1810,
            1443,
            1555,
            1635,
            1453,
            1824,
            10598,
            1779,
            1771,
            1075,
            3507,
            10099,
            11889,
            8451,
            11795,
            1470,
            1859,
            11829,
            11859,
            828,
            1851,
            6803,
            5155,
            1810,
            1443,
            1555,
            1635,
            1453,
            1824,
            10598,
            1779,
            1796
          ],
          "conflicts": []
        },
        "TODAmount": {
          "completed": true,
          "hasViolations": true,
          "hasWarnings": false,
          "hasSafe": false,
          "hasConflicts": false,
          "violations": [
            1534,
            1534,
            1534,
            1534,
            1534,
            1534,
            1534,
            1534,
            1534,
            1534,
            1534,
            1534,
            1534,
            1534,
            1534,
            1534,
            1534
          ],
          "warnings": [],
          "safe": [],
          "conflicts": []
        },
        "TODReceiver": {
          "completed": true,
          "hasViolations": false,
          "hasWarnings": false,
          "hasSafe": true,
          "hasConflicts": false,
          "violations": [],
          "warnings": [],