{
  "contract": "0x883215b54c467865b3b3be8b8b90fee6d945bcc7",
  "tool": "securify",
  "start": 1563765998.0798242,
  "end": 1563766360.5459056,
  "duration": 362.4660813808441,
  "analysis": {
    "0x883215b54c467865b3b3be8b8b90fee6d945bcc7": {
      "results": {
        "DAO": {
          "completed": true,
          "hasViolations": false,
          "hasWarnings": false,
          "hasSafe": false,
          "hasConflicts": false,
          "violations": [],
          "warnings": [],
          "safe": [],
          "conflicts": []
        },
        "DAOConstantGas": {
          "completed": true,
          "hasViolations": false,
          "hasWarnings": false,
          "hasSafe": true,
          "hasConflicts": false,
          "violations": [],
          "warnings": [],
          "safe": [
            2676,
            2676,
            2676,
            2676,
            2676,
            2676,
            2676,
            2676,
            2676
          ],
          "conflicts": []
        },
        "MissingInputValidation": {
          "completed": true,
          "hasViolations": true,
          "hasWarnings": true,
          "hasSafe": true,
          "hasConflicts": false,
          "violations": [
            2390,
            2390,
            2390,
            1845,
            2390,
            1845,
            1863,
            2390,
            1845,
            1863,
            2390,
            1845,
            1863,
            1553,
            2390,
            1845,
            1863,
            1553,
            2390,
            1845,
            1863,
            1553,
            2800,
            2390,
            1845,
            1863,
            1553,
            2800,
            2390,
            1845,
            1863,
            1553,
            2800,
            2698,
            2390,
            1845,
            1863,
            1553,
            2800,
            2698,
            1389,
            2390,
            1845,
            1863,
            1553,
            2800,
            2698,
            1389,
            2367,
            2390,
            1845,
            1863,
            1553,
            2800,
            2698,
            1389,
            2367,
            2390,
            1845,
            1863,
            1553,
            2800,
            2698,
            1389,
            2367
          ],
          "warnings": [
            2356,
            2356,
            2356,
            2625,
            2356,
            2625,
            2356,
            2625,
            2356,
            2625,
            2356,
            2625,
            2356,
            2625,
            2356,
            2625,
            2356,
            2625
          ],
          "safe": [
            2849,
            2849,
            2849,
            2849,
            2849,
            2849,
            2849,
            2849,
            1603,
            2849,
            1603,
            2849,
            1603,
            2849,
            1603,
            2849,
            1603,
            1720,
            2849,
            1603,
            1720,
            1734
          ],
          "conflicts": []
        },
        "TODAmount": {
          "completed": true,
          "hasViolations": false,
          "hasWarnings": true,
          "hasSafe": false,
          "hasConflicts": false,
          "violations": [],
          "warnings": [
            2676,
            2676,
            2676,
            2676,
            2676,
            2676,
            2676,
            2676
          ],
          "safe": [],
          "conflicts": []
        },
        "TODReceiver": {
          "completed": true,
          "hasViolations": false,
          "hasWarnings": false,
          "hasSafe": true,
          "hasConflicts": false,
          "violations": [],
          "warnings": [],
          "safe": [
            2676,
            2676,
            2676,
            2676,
            2676,
            2676,
            2676,
            2676
          ],
          "conflicts": []
        },
        "TODTransfer": {
          "completed": true,
          "hasViolations": false,
          "hasWarnings": false,
          "hasSafe": true,
          "hasConflicts": false,
          "violations": [],
          "warnings": [],
          "safe": [
            2676,
            2676,
            2676,
            2676,
            2676,
            2676,
            2676,
            2676
          ],
          "conflicts": []
        },
        "UnhandledException": {
          "completed": true,
          "hasViolations": false,
          "hasWarnings": false,
          "hasSafe": true,
          "hasConflicts": false,
          "violations": [],
          "warnings": [],
          "safe": [
            2566,
            2566,
            2566,
            2566,
            2566,
            2566,
            2566,
            2676,
            2566,
            2676,
            2566,
            2676,
            2566,
            2676,
            2566,
            2676,
            2566,
            2676,
            2566,
            2676,
            2566,
            2676
          ],
          "conflicts": []
        },
        "UnrestrictedEtherFlow": {
          "completed": true,
          "hasViolations": false,
          "hasWarnings": true,
          "hasSafe": true,
          "hasConflicts": false,
          "violations": [],
          "warnings": [
            2676,
            2676,
            2676,
            2676,
            2676,
            2676,
            2676,
            2676
          ],
          "safe": [
            2566,
            2566,
            2566,
            2566,
            2566,
            2566,
            2566,
            2566,
            2566,
            2566,
            2566,
            2566,
            2566,
            2566
          ],
          "conflicts": []
        }
      }
    }
  }
}