{
  "contract": "0xb563b5b0e42c10af2b81bc0119fdddb658af31ea",
  "tool": "securify",
  "start": 1563578386.2842793,
  "end": 1563578909.3989084,
  "duration": 523.1146290302277,
  "analysis": {
    "0xb563b5b0e42c10af2b81bc0119fdddb658af31ea": {
      "results": {
        "DAO": {
          "completed": true,
          "hasViolations": false,
          "hasWarnings": false,
          "hasSafe": false,
          "hasConflicts": false,
          "violations": [],
          "warnings": [],
          "safe": [],
          "conflicts": []
        },
        "DAOConstantGas": {
          "completed": true,
          "hasViolations": false,
          "hasWarnings": false,
          "hasSafe": true,
          "hasConflicts": false,
          "violations": [],
          "warnings": [],
          "safe": [
            2678,
            2678,
            2678,
            2678,
            2678
          ],
          "conflicts": []
        },
        "MissingInputValidation": {
          "completed": true,
          "hasViolations": true,
          "hasWarnings": true,
          "hasSafe": true,
          "hasConflicts": false,
          "violations": [
            2392,
            2392,
            2392,
            1847,
            2392,
            1847,
            1865,
            2392,
            1847,
            1865,
            2392,
            1847,
            1865,
            1553,
            2392,
            1847,
            1865,
            1553,
            2392,
            1847,
            1865,
            1553,
            2802,
            2392,
            1847,
            1865,
            1553,
            2802,
            2392,
            1847,
            1865,
            1553,
            2802,
            2700
          ],
          "warnings": [
            2358,
            2358,
            2358,
            2627,
            2358,
            2627,
            2358,
            2627,
            2358,
            2627
          ],
          "safe": [
            2851,
            2851,
            2851,
            2851,
            2851,
            2851,
            2851,
            2851,
            1603,
            2851,
            1603
          ],
          "conflicts": []
        },
        "TODAmount": {
          "completed": true,
          "hasViolations": false,
          "hasWarnings": true,
          "hasSafe": false,
          "hasConflicts": false,
          "violations": [],
          "warnings": [
            2678,
            2678,
            2678,
            2678
          ],
          "safe": [],
          "conflicts": []
        },
        "TODReceiver": {
          "completed": true,
          "hasViolations": false,
          "hasWarnings": false,
          "hasSafe": true,
          "hasConflicts": false,
          "violations": [],
          "warnings": [],
          "safe": [
            2678,
            2678,
            2678,
            2678
          ],
          "conflicts": []
        },
        "TODTransfer": {
          "completed": true,
          "hasViolations": false,
          "hasWarnings": false,
          "hasSafe": true,
          "hasConflicts": false,
          "violations": [],
          "warnings": [],
          "safe": [
            2678,
            2678,
            2678,
            2678
          ],
          "conflicts": []
        },
        "UnhandledException": {
          "completed": true,
          "hasViolations": false,
          "hasWarnings": false,
          "hasSafe": true,
          "hasConflicts": false,
          "violations": [],
          "warnings": [],
          "safe": [
            2568,
            2568,
            2568,
            2568,
            2568,
            2568,
            2568,
            2678,
            2568,
            2678,
            2568,
            2678,
            2568,
            2678
          ],
          "conflicts": []
        },
        "UnrestrictedEtherFlow": {
          "completed": true,
          "hasViolations": false,
          "hasWarnings": true,
          "hasSafe": true,
          "hasConflicts": false,
          "violations": [],
          "warnings": [
            2678,
            2678,
            2678,
            2678
          ],
          "safe": [
            2568,
            2568,
            2568,
            2568,
            2568,
            2568,
            2568,
            2568,
            2568,
            2568
          ],
          "conflicts": []
        }
      }
    }
  }
}