{
  "contract": "0x655768bf19fb9c3d2eb37a3f8282be4421dbfac2",
  "tool": "securify",
  "start": 1563776301.241343,
  "end": 1563778103.7323205,
  "duration": 1802.490977525711,
  "analysis": {
    "0x655768bf19fb9c3d2eb37a3f8282be4421dbfac2": {
      "results": {
        "DAO": {
          "completed": true,
          "hasViolations": false,
          "hasWarnings": false,
          "hasSafe": true,
          "hasConflicts": false,
          "violations": [],
          "warnings": [],
          "safe": [
            1858,
            1858,
            4519,
            4519,
            3336,
            1678,
            1678,
            1858,
            1858,
            4519,
            4519,
            3336,
            1678,
            1678,
            1858,
            1858,
            4519,
            4519,
            3336,
            1678,
            1678,
            1597,
            1858,
            1858,
            4519,
            4519,
            3336,
            1678,
            1678,
            1597
          ],
          "conflicts": []
        },
        "DAOConstantGas": {
          "completed": true,
          "hasViolations": false,
          "hasWarnings": false,
          "hasSafe": false,
          "hasConflicts": false,
          "violations": [],
          "warnings": [],
          "safe": [],
          "conflicts": []
        },
        "MissingInputValidation": {
          "completed": true,
          "hasViolations": true,
          "hasWarnings": true,
          "hasSafe": true,
          "hasConflicts": false,
          "violations": [
            1231,
            920,
            1886,
            1931,
            1294,
            3009,
            3644,
            2474,
            2986,
            4940,
            4895,
            3730,
            3928,
            3955,
            837,
            1706,
            1051,
            1114,
            1751,
            1231,
            920,
            1886,
            1931,
            1294,
            3009,
            3644,
            2474,
            2986,
            4940,
            4895,
            3730,
            3928,
            3955,
            837,
            1706,
            1051,
            1114,
            1751,
            1682,
            1231,
            920,
            1886,
            1931,
            1294,
            3009,
            3644,
            2474,
            2986,
            4940,
            4895,
            3730,
            3928,
            3955,
            837,
            1706,
            1051,
            1114,
            1751,
            1682,
            1231,
            920,
            1886,
            1931,
            1294,
            3009,
            3644,
            2474,
            2986,
            4940,
            4895,
            3730,
            3928,
            3955,
            837,
            1706,
            1051,
            1114,
            1751,
            1682
          ],
          "warnings": [
            1134,
            783,
            1258,
            1468,
            3393,
            2889,
            4129,
            2275,
            2138,
            3892,
            2741,
            3129,
            1288,
            1078,
            700,
            1039,
            1134,
            783,
            1258,
            1468,
            3393,
            2889,
            4129,
            2275,
            2138,
            3892,
            2741,
            3129,
            1288,
            1078,
            700,
            1039,
            1134,
            783,
            1258,
            1468,
            3393,
            2889,
            4129,
            2275,
            2138,
            3892,
            2741,
            3129,
            1288,
            1078,
            700,
            1039,
            1390,
            1134,
            783,
            1258,
            1468,
            3393,
            2889,
            4129,
            2275,
            2138,
            3892,
            2741,
            3129,
            1288,
            1078,
            700,
            1039,
            1390
          ],
          "safe": [
            2214,
            2155,
            2234,
            2159,
            2194,
            915,
            5310,
            4547,
            5225,
            3885,
            5229,
            3630,
            2688,
            5365,
            3762,
            2001,
            2015,
            3748,
            3616,
            5164,
            2270,
            5290,
            3671,
            2693,
            5345,
            2010,
            832,
            1975,
            2050,
            2030,
            2214,
            2155,
            2234,
            2159,
            2194,
            915,
            5310,
            4547,
            5225,
            3885,
            5229,
            3630,
            2688,
            5365,
            3762,
            2001,
            2015,
            3748,
            3616,
            5164,
            2270,
            5290,
            3671,
            2693,
            5345,
            2010,
            832,
            1975,
            2050,
            2030,
            2214,
            2155,
            2234,
            2159,
            2194,
            915,
            5310,
            4547,
            5225,
            3885,
            5229,
            3630,
            2688,
            5365,
            3762,
            2001,
            2015,
            3748,
            3616,
            5164,
            2270,
            5290,
            3671,
            2693,
            5345,
            2010,
            832,
            1975,
            2050,
            2030,
            2214,
            2155,
            2234,
            2159,
            2194,
            915,
            5310,
            4547,
            5225,
            3885,
            5229,
            3630,
            2688,
            5365,
            3762,
            2001,
            2015,
            3748,
            3616,
            5164,
            2270,
            5290,
            3671,
            2693,
            5345,
            2010,
            832,
            1975,
            2050,
            2030,
            1768
          ],
          "conflicts": []
        },
        "TODAmount": {
          "completed": true,
          "hasViolations": false,
          "hasWarnings": true,
          "hasSafe": false,
          "hasConflicts": false,
          "violations": [],
          "warnings": [
            1858,
            1858,
            4519,
            4519,
            3336,
            1678,
            1678,
            1858,
            1858,
            4519,
            4519,
            3336,
            1678,
            1678,
            1858,
            1858,
            4519,
            4519,
            3336,
            1678,
            1678,
            1597,
            1858,
            1858,
            4519,
            4519,
            3336,
            1678,
            1678,
            1597
          ],
          "safe": [],
          "conflicts": []
        },
        "TODReceiver": {
          "completed": true,
          "hasViolations": false,
          "hasWarnings": true,
          "hasSafe": false,
          "hasConflicts": false,
          "violations": [],