{
  "contract": "0xd7cb65c907815d1852e246198aa7687e06d96e53",
  "tool": "securify",
  "start": 1563299423.168651,
  "end": 1563300951.5083082,
  "duration": 1528.3396570682526,
  "analysis": {
    "/unique_contracts/0xd7cb65c907815d1852e246198aa7687e06d96e53.sol:HonestisNetworkETHpreICO": {
      "results": {
        "TODReceiver": {
          "violations": [
            158,
            163
          ],
          "warnings": [
            181,
            210
          ],
          "safe": [],
          "conflicts": []
        },
        "UnhandledException": {
          "violations": [
            163
          ],
          "warnings": [
            158,
            195,
            181,
            210
          ],
          "safe": [],
          "conflicts": []
        },
        "TODTransfer": {
          "violations": [
            163,
            210
          ],
          "warnings": [
            158,
            181
          ],
          "safe": [],
          "conflicts": []
        },
        "DAO": {
          "violations": [],
          "warnings": [],
          "safe": [],
          "conflicts": []
        },
        "TODAmount": {
          "violations": [
            158,
            163,
            181
          ],
          "warnings": [],
          "safe": [
            210
          ],
          "conflicts": []
        },
        "MissingInputValidation": {
          "violations": [
            73,
            93,
            105
          ],
          "warnings": [
            157,
            20,
            165,
            10,
            183,
            33,
            27,
            161,
            51,
            34,
            38,
            25,
            169,
            52,
            29,
            213,
            14,
            11,
            12,
            17,
            19,
            176,
            18,
            89,
            199,
            39,
            41,
            23,
            35,
            24,
            16
          ],
          "safe": [],
          "conflicts": []
        },
        "DAOConstantGas": {
          "violations": [],
          "warnings": [
            158,
            163,
            181,
            210
          ],
          "safe": [],
          "conflicts": []
        },
        "UnrestrictedEtherFlow": {
          "violations": [],
          "warnings": [
            195,
            163
          ],
          "safe": [
            158,
            181,
            210
          ],
          "conflicts": []
        }
      }
    },
    "/unique_contracts/0xd7cb65c907815d1852e246198aa7687e06d96e53.sol:MigrationAgent": {
      "results": {
        "TODReceiver": {
          "violations": [
            -1
          ],
          "warnings": [
            -1
          ],
          "safe": [],
          "conflicts": []
        },
        "UnhandledException": {
          "violations": [
            -1
          ],
          "warnings": [
            -1
          ],
          "safe": [],
          "conflicts": []
        },
        "TODTransfer": {
          "violations": [
            -1
          ],
          "warnings": [
            -1
          ],
          "safe": [],
          "conflicts": []
        },
        "DAO": {
          "violations": [],
          "warnings": [],
          "safe": [],
          "conflicts": []
        },
        "TODAmount": {
          "violations": [
            -1
          ],
          "warnings": [],
          "safe": [
            -1
          ],
          "conflicts": []
        },
        "MissingInputValidation": {
          "violations": [],
          "warnings": [],
          "safe": [],
          "conflicts": []
        },
        "DAOConstantGas": {
          "violations": [],
          "warnings": [
            -1
          ],
          "safe": [],
          "conflicts": []
        },
        "UnrestrictedEtherFlow": {
          "violations": [],
          "warnings": [
            -1
          ],
          "safe": [
            -1
          ],
          "conflicts": []
        }
      }
    }
  }
}