{
  "contract": "0x9aa115cf9f3aff25c1daf571418ca34559a78ebd",
  "tool": "securify",
  "start": 1563622886.1038287,
  "end": 1563624689.1551225,
  "duration": 1803.051293849945,
  "analysis": {
    "0x9aa115cf9f3aff25c1daf571418ca34559a78ebd": {
      "results": {
        "DAO": {
          "completed": true,
          "hasViolations": false,
          "hasWarnings": false,
          "hasSafe": true,
          "hasConflicts": false,
          "violations": [],
          "warnings": [],
          "safe": [
            2372,
            2835,
            2835,
            2372,
            2835,
            2835,
            2372,
            2835,
            2835,
            2372,
            2835,
            2835,
            2372,
            2835,
            2835,
            2372,
            2835,
            2835,
            2372,
            2835,
            2835,
            2372,
            2835,
            2835,
            2372,
            2835,
            2835,
            2372,
            2835,
            2835
          ],
          "conflicts": []
        },
        "DAOConstantGas": {
          "completed": true,
          "hasViolations": false,
          "hasWarnings": false,
          "hasSafe": false,
          "hasConflicts": false,
          "violations": [],
          "warnings": [],
          "safe": [],
          "conflicts": []
        },
        "MissingInputValidation": {
          "completed": true,
          "hasViolations": true,
          "hasWarnings": true,
          "hasSafe": true,
          "hasConflicts": false,
          "violations": [
            1375,
            1684,
            2398,
            1711,
            2097,
            1456,
            129,
            168,
            1375,
            1684,
            2398,
            1711,
            2097,
            1456,
            129,
            168,
            1072,
            1375,
            1684,
            2398,
            1711,
            2097,
            1456,
            129,
            168,
            1072,
            1187,
            1375,
            1684,
            2398,
            1711,
            2097,
            1456,
            129,
            168,
            1072,
            1187,
            1375,
            1684,
            2398,
            1711,
            2097,
            1456,
            129,
            168,
            1072,
            1187,
            1210,
            1375,
            1684,
            2398,
            1711,
            2097,
            1456,
            129,
            168,
            1072,
            1187,
            1210,
            1375,
            1684,
            2398,
            1711,
            2097,
            1456,
            129,
            168,
            1072,
            1187,
            1210,
            762,
            1375,
            1684,
            2398,
            1711,
            2097,
            1456,
            129,
            168,
            1072,
            1187,
            1210,
            762,
            1375,
            1684,
            2398,
            1711,
            2097,
            1456,
            129,
            168,
            1072,
            1187,
            1210,
            762,
            798,
            1375,
            1684,
            2398,
            1711,
            2097,
            1456,
            129,
            168,
            1072,
            1187,
            1210,
            762,
            798,
            1322
          ],
          "warnings": [
            2037,
            2142,
            2057,
            2037,
            2142,
            2057,
            2037,
            2142,
            2057,
            2037,
            2142,
            2057,
            2037,
            2142,
            2057,
            2037,
            2142,
            2057,
            2037,
            2142,
            2057,
            2037,
            2142,
            2057,
            2037,
            2142,
            2057,
            2037,
            2142,
            2057
          ],
          "safe": [
            2654,
            1252,
            1577,
            2462,
            1914,
            2671,
            1451,
            1572,
            167,
            1345,
            2654,
            1252,
            1577,
            2462,
            1914,
            2671,
            1451,
            1572,
            167,
            1345,
            2654,
            1252,
            1577,
            2462,
            1914,
            2671,
            1451,
            1572,
            167,
            1345,
            2654,
            1252,
            1577,
            2462,
            1914,
            2671,
            1451,
            1572,
            167,
            1345,
            608,
            2654,
            1252,
            1577,
            2462,
            1914,
            2671,
            1451,
            1572,
            167,
            1345,
            608,
            2654,
            1252,
            1577,
            2462,
            1914,
            2671,
            1451,
            1572,
            167,
            1345,
            608,
            910,
            2654,
            1252,
            1577,
            2462,
            1914,
            2671,
            1451,
            1572,
            167,
            1345,
            608,
            910,
            2654,
            1252,
            1577,
            2462,
            1914,
            2671,
            1451,
            1572,
            167,
            1345,
            608,
            910,
            1173,
            2654,
            1252,
            1577,
            2462,
            1914,
            2671,
            1451,
            1572,
            167,
            1345,
            608,
            910,
            1173,
            2654,
            1252,
            1577,
            2462,
            1914,
            2671,
            1451,
            1572,
            167,
            1345,
            608,
            910,
            1173
          ],
          "conflicts": []
        },
        "TODAmount": {
          "completed": true,
          "hasViolations": false,
          "hasWarnings": true,
          "hasSafe": false,
          "hasConflicts": false,
          "violations": [],
          "warnings": [
            2372,
            2835,
            2835,
            2372,
            2835,
            2835,
            2372,
            2835,
            2835,
            2372,
            2835,
            2835,
            2372,
            2835,
            2835,
            2372,
            2835,
            2835,
            2372,
            2835,
            2835,
            2372,
            2835,
            2835,
            2372,
            2835,
            2835,
            2372,
            2835,
            2835
          ],
          "safe": [],
          "conflicts": []
        },
        "TODReceiver": {
          "completed": true,
          "hasViolations": false,
          "hasWarnings": true,
          "hasSafe": false,
          "hasConflicts": false,
          "violations": [],
          "warnings": [
            2372,
            2835,
            2835,
            2372,
            2835,
            2835,
            2372,
            2835,
            2835,
            2372,
            2835,
            2835,
            2372,
            2835,
            2835,
            2372,
            2835,
            2835,
            2372,
            2835,
            2835,
            2372,
            2835,
            2835,
            2372,
            2835,
            2835,
            2372,
            2835,
            2835
          ],
          "safe": [],
          "conflicts": []
        },