{
  "contract": "0xb8686de76034fd35330942125a300537395fbf5a",
  "tool": "securify",
  "start": 1563759366.8034148,
  "end": 1563760016.9008524,
  "duration": 650.097437620163,
  "analysis": {
    "0xb8686de76034fd35330942125a300537395fbf5a": {
      "results": {
        "DAO": {
          "completed": true,
          "hasViolations": false,
          "hasWarnings": false,
          "hasSafe": false,
          "hasConflicts": false,
          "violations": [],
          "warnings": [],
          "safe": [],
          "conflicts": []
        },
        "DAOConstantGas": {
          "completed": true,
          "hasViolations": false,
          "hasWarnings": false,
          "hasSafe": false,
          "hasConflicts": false,
          "violations": [],
          "warnings": [],
          "safe": [],
          "conflicts": []
        },
        "MissingInputValidation": {
          "completed": true,
          "hasViolations": true,
          "hasWarnings": true,
          "hasSafe": true,
          "hasConflicts": false,
          "violations": [
            1723,
            1134,
            1386,
            1368,
            1931,
            1079,
            1723,
            1134,
            1386,
            1368,
            1931,
            1079,
            1931,
            1723,
            1134,
            1386,
            1368,
            1931,
            1079,
            1931,
            1079,
            1723,
            1134,
            1386,
            1368,
            1931,
            1079,
            1931,
            1079,
            1723,
            1134,
            1386,
            1368,
            1931,
            1079,
            1931,
            1079,
            1723,
            1134,
            1386,
            1368,
            1931,
            1079,
            1931,
            1079,
            1723,
            1134,
            1386,
            1368,
            1931,
            1079,
            1931,
            1079,
            1723,
            1723,
            1134,
            1386,
            1368,
            1931,
            1079,
            1931,
            1079,
            1723,
            1723,
            1134,
            1386,
            1368,
            1931,
            1079,
            1931,
            1079,
            1723,
            1368,
            1723,
            1134,
            1386,
            1368,
            1931,
            1079,
            1931,
            1079,
            1723,
            1368,
            1386,
            1723,
            1134,
            1386,
            1368,
            1931,
            1079,
            1931,
            1079,
            1723,
            1368,
            1386
          ],
          "warnings": [
            1712,
            1712,
            1712,
            1712,
            1712,
            1712,
            1712,
            1712,
            1712,
            1712,
            1712,
            1712,
            1712,
            1712,
            1712,
            1712,
            1712,
            1712
          ],
          "safe": [
            1958,
            956,
            1129,
            1589,
            1261,
            1247,
            1589,
            1958,
            956,
            1129,
            1589,
            1261,
            1247,
            1589,
            1958,
            956,
            1129,
            1589,
            1261,
            1247,
            1589,
            1958,
            956,
            1129,
            1589,
            1261,
            1247,
            1589,
            1129,
            1958,
            956,
            1129,
            1589,
            1261,
            1247,
            1589,
            1129,
            1958,
            956,
            1129,
            1589,
            1261,
            1247,
            1589,
            1129,
            1261,
            1958,
            956,
            1129,
            1589,
            1261,
            1247,
            1589,
            1129,
            1261,
            1958,
            956,
            1129,
            1589,
            1261,
            1247,
            1589,
            1129,
            1261,
            1247,
            1958,
            956,
            1129,
            1589,
            1261,
            1247,
            1589,
            1129,
            1261,
            1247,
            1958,
            956,
            1129,
            1589,
            1261,
            1247,
            1589,
            1129,
            1261,
            1247,
            1958,
            956,
            1129,
            1589,
            1261,
            1247,
            1589,
            1129,
            1261,
            1247,
            1958
          ],
          "conflicts": []
        },
        "TODAmount": {
          "completed": true,
          "hasViolations": false,
          "hasWarnings": false,
          "hasSafe": false,
          "hasConflicts": false,
          "violations": [],
          "warnings": [],
          "safe": [],
          "conflicts": []
        },
        "TODReceiver": {
          "completed": true,
          "hasViolations": false,
          "hasWarnings": false,
          "hasSafe": false,
          "hasConflicts": false,
          "violations": [],
          "warnings": [],
          "safe": [],
          "conflicts": []
        },
        "TODTransfer": {
          "completed": true,
          "hasViolations": false,
          "hasWarnings": false,
          "hasSafe": false,
          "hasConflicts": false,
          "violations": [],
          "warnings": [],
          "safe": [],
          "conflicts": []
        },
        "UnhandledException": {
          "completed": true,
          "hasViolations": false,
          "hasWarnings": false,
          "hasSafe": true,
          "hasConflicts": false,
          "violations": [],
          "warnings": [],
          "safe": [
            1899,
            1899,
            1899,
            1899,
            1899,
            1899,
            1899,
            1899,
            1899,
            1899,
            1899,
            1899,
            1899,
            1899,
            1899,
            1899
          ],
          "conflicts": []
        },
        "UnrestrictedEtherFlow": {
          "completed": true,
          "hasViolations": false,
          "hasWarnings": false,
          "hasSafe": true,
          "hasConflicts": false,
          "violations": [],
          "warnings": [],
          "safe": [
            1899,
            1899,
            1899,
            1899,
            1899,
            1899,
            1899,
            1899,
            1899,
            1899,
            1899,
            1899,
            1899,
            1899,
            1899,
            1899
          ],
          "conflicts": []
        }
      }
    }
  }
}