{
  "contract": "0x91a094bc4ad86870589eac51a299db9843108e11",
  "tool": "securify",
  "start": 1563559327.8727677,
  "end": 1563560008.543523,
  "duration": 680.6707553863525,
  "analysis": {
    "0x91a094bc4ad86870589eac51a299db9843108e11": {
      "results": {
        "DAO": {
          "completed": true,
          "hasViolations": false,
          "hasWarnings": false,
          "hasSafe": false,
          "hasConflicts": false,
          "violations": [],
          "warnings": [],
          "safe": [],
          "conflicts": []
        },
        "DAOConstantGas": {
          "completed": true,
          "hasViolations": false,
          "hasWarnings": false,
          "hasSafe": false,
          "hasConflicts": false,
          "violations": [],
          "warnings": [],
          "safe": [],
          "conflicts": []
        },
        "MissingInputValidation": {
          "completed": true,
          "hasViolations": true,
          "hasWarnings": true,
          "hasSafe": true,
          "hasConflicts": false,
          "violations": [
            1280,
            1641,
            965,
            1298,
            1046,
            1280,
            1641,
            965,
            1298,
            1046,
            1280,
            1641,
            965,
            1298,
            1046,
            2417,
            1280,
            1641,
            965,
            1298,
            1046,
            2417,
            1903,
            1280,
            1641,
            965,
            1298,
            1046,
            2417,
            1903,
            1280,
            1641,
            965,
            1298,
            1046,
            2417,
            1903,
            1280,
            1641,
            965,
            1298,
            1046,
            2417,
            1903,
            1520,
            1280,
            1641,
            965,
            1298,
            1046,
            2417,
            1903,
            1520,
            1280,
            1641,
            965,
            1298,
            1046,
            2417,
            1903,
            1520,
            2289,
            1280,
            1641,
            965,
            1298,
            1046,
            2417,
            1903,
            1520,
            2289
          ],
          "warnings": [
            1624,
            2272,
            1624,
            2272,
            1624,
            2272,
            1624,
            2272,
            1624,
            2272,
            1624,
            2272,
            1624,
            2272,
            1624,
            2272,
            1624,
            2272,
            1624,
            2272
          ],
          "safe": [
            119,
            105,
            842,
            1668,
            1041,
            1159,
            1173,
            1501,
            119,
            105,
            842,
            1668,
            1041,
            1159,
            1173,
            1501,
            2125,
            119,
            105,
            842,
            1668,
            1041,
            1159,
            1173,
            1501,
            2125,
            119,
            105,
            842,
            1668,
            1041,
            1159,
            1173,
            1501,
            2125,
            119,
            105,
            842,
            1668,
            1041,
            1159,
            1173,
            1501,
            2125,
            2106,
            119,
            105,
            842,
            1668,
            1041,
            1159,
            1173,
            1501,
            2125,
            2106,
            1316,
            119,
            105,
            842,
            1668,
            1041,
            1159,
            1173,
            1501,
            2125,
            2106,
            1316,
            119,
            105,
            842,
            1668,
            1041,
            1159,
            1173,
            1501,
            2125,
            2106,
            1316,
            2519,
            119,
            105,
            842,
            1668,
            1041,
            1159,
            1173,
            1501,
            2125,
            2106,
            1316,
            2519,
            119,
            105,
            842,
            1668,
            1041,
            1159,
            1173,
            1501,
            2125,
            2106,
            1316,
            2519,
            1633
          ],
          "conflicts": []
        },
        "TODAmount": {
          "completed": true,
          "hasViolations": false,
          "hasWarnings": false,
          "hasSafe": false,
          "hasConflicts": false,
          "violations": [],
          "warnings": [],
          "safe": [],
          "conflicts": []
        },
        "TODReceiver": {
          "completed": true,
          "hasViolations": false,
          "hasWarnings": false,
          "hasSafe": false,
          "hasConflicts": false,
          "violations": [],
          "warnings": [],
          "safe": [],
          "conflicts": []
        },
        "TODTransfer": {
          "completed": true,
          "hasViolations": false,
          "hasWarnings": false,
          "hasSafe": false,
          "hasConflicts": false,
          "violations": [],
          "warnings": [],
          "safe": [],
          "conflicts": []
        },
        "UnhandledException": {
          "completed": true,
          "hasViolations": false,
          "hasWarnings": false,
          "hasSafe": false,
          "hasConflicts": false,
          "violations": [],
          "warnings": [],
          "safe": [],
          "conflicts": []
        },
        "UnrestrictedEtherFlow": {
          "completed": true,
          "hasViolations": false,
          "hasWarnings": false,
          "hasSafe": false,
          "hasConflicts": false,
          "violations": [],
          "warnings": [],
          "safe": [],
          "conflicts": []
        }
      }
    }
  }
}