{
  "contract": "0xd2bb16cf38ca086cab5128d5c25de9477ebd596b",
  "tool": "securify",
  "start": 1563511758.8346927,
  "end": 1563513561.2611115,
  "duration": 1802.4264187812805,
  "analysis": {
    "0xd2bb16cf38ca086cab5128d5c25de9477ebd596b": {
      "results": {
        "DAO": {
          "completed": true,
          "hasViolations": false,
          "hasWarnings": false,
          "hasSafe": false,
          "hasConflicts": false,
          "violations": [],
          "warnings": [],
          "safe": [],
          "conflicts": []
        },
        "DAOConstantGas": {
          "completed": true,
          "hasViolations": false,
          "hasWarnings": false,
          "hasSafe": false,
          "hasConflicts": false,
          "violations": [],
          "warnings": [],
          "safe": [],
          "conflicts": []
        },
        "MissingInputValidation": {
          "completed": true,
          "hasViolations": true,
          "hasWarnings": true,
          "hasSafe": true,
          "hasConflicts": false,
          "violations": [
            901,
            1266,
            2088,
            1289,
            1125,
            901,
            1266,
            2088,
            1289,
            1125,
            901,
            1266,
            2088,
            1289,
            1125,
            901,
            1266,
            2088,
            1289,
            1125,
            901,
            1266,
            2088,
            1289,
            1125
          ],
          "warnings": [
            1570,
            924,
            1316,
            532,
            838,
            1696,
            2880,
            897,
            1203,
            1357,
            2106,
            2360,
            1695,
            1949,
            616,
            1162,
            922,
            596,
            1570,
            924,
            1316,
            532,
            838,
            1696,
            2880,
            897,
            1203,
            1357,
            2106,
            2360,
            1695,
            1949,
            616,
            1162,
            922,
            596,
            1570,
            924,
            1316,
            532,
            838,
            1696,
            2880,
            897,
            1203,
            1357,
            2106,
            2360,
            1695,
            1949,
            616,
            1162,
            922,
            596,
            1648,
            1570,
            924,
            1316,
            532,
            838,
            1696,
            2880,
            897,
            1203,
            1357,
            2106,
            2360,
            1695,
            1949,
            616,
            1162,
            922,
            596,
            1648,
            1570,
            924,
            1316,
            532,
            838,
            1696,
            2880,
            897,
            1203,
            1357,
            2106,
            2360,
            1695,
            1949,
            616,
            1162,
            922,
            596,
            1648
          ],
          "safe": [
            1856,
            1823,
            1231,
            1302,
            3133,
            3166,
            2074,
            1343,
            2003,
            2735,
            1148,
            2202,
            2235,
            1681,
            1540,
            985,
            1469,
            211,
            126,
            244,
            197,
            1856,
            1823,
            1231,
            1302,
            3133,
            3166,
            2074,
            1343,
            2003,
            2735,
            1148,
            2202,
            2235,
            1681,
            1540,
            985,
            1469,
            211,
            126,
            244,
            197,
            1539,
            1856,
            1823,
            1231,
            1302,
            3133,
            3166,
            2074,
            1343,
            2003,
            2735,
            1148,
            2202,
            2235,
            1681,
            1540,
            985,
            1469,
            211,
            126,
            244,
            197,
            1539,
            1856,
            1823,
            1231,
            1302,
            3133,
            3166,
            2074,
            1343,
            2003,
            2735,
            1148,
            2202,
            2235,
            1681,
            1540,
            985,
            1469,
            211,
            126,
            244,
            197,
            1539,
            1468,
            1856,
            1823,
            1231,
            1302,
            3133,
            3166,
            2074,
            1343,
            2003,
            2735,
            1148,
            2202,
            2235,
            1681,
            1540,
            985,
            1469,
            211,
            126,
            244,
            197,
            1539,
            1468,
            2306
          ],
          "conflicts": []
        },
        "TODAmount": {
          "completed": true,
          "hasViolations": false,
          "hasWarnings": false,
          "hasSafe": false,
          "hasConflicts": false,
          "violations": [],
          "warnings": [],
          "safe": [],
          "conflicts": []
        },
        "TODReceiver": {
          "completed": true,
          "hasViolations": false,
          "hasWarnings": false,
          "hasSafe": false,
          "hasConflicts": false,
          "violations": [],
          "warnings": [],
          "safe": [],
          "conflicts": []
        },
        "TODTransfer": {
          "completed": true,
          "hasViolations": false,
          "hasWarnings": false,
          "hasSafe": false,
          "hasConflicts": false,
          "violations": [],
          "warnings": [],
          "safe": [],
          "conflicts": []
        },
        "UnhandledException": {
          "completed": true,
          "hasViolations": false,
          "hasWarnings": false,
          "hasSafe": false,
          "hasConflicts": false,
          "violations": [],
          "warnings": [],
          "safe": [],
          "conflicts": []
        },
        "UnrestrictedEtherFlow": {
          "completed": true,
          "hasViolations": false,
          "hasWarnings": false,
          "hasSafe": false,
          "hasConflicts": false,
          "violations": [],
          "warnings": [],
          "safe": [],
          "conflicts": []
        }
      }
    }
  }
}