{
  "contract": "0xaa57e849341a2899110ba676a49302c069251d19",
  "tool": "securify",
  "start": 1563593238.1821332,
  "end": 1563594329.557536,
  "duration": 1091.37540268898,
  "analysis": {
    "0xaa57e849341a2899110ba676a49302c069251d19": {
      "results": {
        "DAO": {
          "completed": true,
          "hasViolations": false,
          "hasWarnings": false,
          "hasSafe": false,
          "hasConflicts": false,
          "violations": [],
          "warnings": [],
          "safe": [],
          "conflicts": []
        },
        "DAOConstantGas": {
          "completed": true,
          "hasViolations": false,
          "hasWarnings": false,
          "hasSafe": false,
          "hasConflicts": false,
          "violations": [],
          "warnings": [],
          "safe": [],
          "conflicts": []
        },
        "MissingInputValidation": {
          "completed": true,
          "hasViolations": true,
          "hasWarnings": true,
          "hasSafe": true,
          "hasConflicts": false,
          "violations": [
            973,
            1373,
            1235,
            1115,
            1285,
            996,
            912,
            1749,
            973,
            1373,
            1235,
            1115,
            1285,
            996,
            912,
            1749,
            973,
            1373,
            1235,
            1115,
            1285,
            996,
            912,
            1749,
            973,
            1373,
            1235,
            1115,
            1285,
            996,
            912,
            1749,
            973,
            1373,
            1235,
            1115,
            1285,
            996,
            912,
            1749,
            3177,
            973,
            1373,
            1235,
            1115,
            1285,
            996,
            912,
            1749,
            3177,
            1683,
            973,
            1373,
            1235,
            1115,
            1285,
            996,
            912,
            1749,
            3177,
            1683,
            2949,
            973,
            1373,
            1235,
            1115,
            1285,
            996,
            912,
            1749,
            3177,
            1683,
            2949,
            973,
            1373,
            1235,
            1115,
            1285,
            996,
            912,
            1749,
            3177,
            1683,
            2949,
            973,
            1373,
            1235,
            1115,
            1285,
            996,
            912,
            1749,
            3177,
            1683,
            2949,
            973,
            1373,
            1235,
            1115,
            1285,
            996,
            912,
            1749,
            3177,
            1683,
            2949,
            2848,
            973,
            1373,
            1235,
            1115,
            1285,
            996,
            912,
            1749,
            3177,
            1683,
            2949,
            2848,
            973,
            1373,
            1235,
            1115,
            1285,
            996,
            912,
            1749,
            3177,
            1683,
            2949,
            2848,
            1460,
            973,
            1373,
            1235,
            1115,
            1285,
            996,
            912,
            1749,
            3177,
            1683,
            2949,
            2848,
            1460,
            2470,
            973,
            1373,
            1235,
            1115,
            1285,
            996,
            912,
            1749,
            3177,
            1683,
            2949,
            2848,
            1460,
            2470,
            1708,
            973,
            1373,
            1235,
            1115,
            1285,
            996,
            912,
            1749,
            3177,
            1683,
            2949,
            2848,
            1460,
            2470,
            1708,
            2434,
            973,
            1373,
            1235,
            1115,
            1285,
            996,
            912,
            1749,
            3177,
            1683,
            2949,
            2848,
            1460,
            2470,
            1708,
            2434,
            973,
            1373,
            1235,
            1115,
            1285,
            996,
            912,
            1749,
            3177,
            1683,
            2949,
            2848,
            1460,
            2470,
            1708,
            2434,
            2019,
            973,
            1373,
            1235,
            1115,
            1285,
            996,
            912,
            1749,
            3177,
            1683,
            2949,
            2848,
            1460,
            2470,
            1708,
            2434,
            2019,
            973,
            1373,
            1235,
            1115,
            1285,
            996,
            912,
            1749,
            3177,
            1683,
            2949,
            2848,
            1460,
            2470,
            1708,
            2434,
            2019,
            973,
            1373,
            1235,
            1115,
            1285,
            996,
            912,
            1749,
            3177,
            1683,
            2949,
            2848,
            1460,
            2470,
            1708,
            2434,
            2019,
            1444,
            973,
            1373,
            1235,
            1115,
            1285,
            996,
            912,
            1749,
            3177,
            1683,
            2949,
            2848,
            1460,
            2470,
            1708,
            2434,
            2019,
            1444
          ],
          "warnings": [
            2125,
            2125,
            2125,
            2125,
            2125,
            2125,
            2125,
            2125,
            2125,
            2125,
            2125,
            2125,
            2125,
            2125,
            2125,
            2125,
            2125,
            2125,
            2125,
            2125,
            2125
          ],