{
  "contract": "0x9aa6c2fbf1c610670ba575c76ecf37e3aa0ffed0",
  "tool": "securify",
  "start": 1563825502.5725675,
  "end": 1563826765.450507,
  "duration": 1262.8779394626617,
  "analysis": {
    "/unique_chucks/30/0x9aa6c2fbf1c610670ba575c76ecf37e3aa0ffed0.sol:PlayerBook": {
      "results": {
        "TODReceiver": {
          "violations": [],
          "warnings": [],
          "safe": [
            368,
            373,
            557,
            558,
            559,
            560
          ],
          "conflicts": []
        },
        "UnhandledException": {
          "violations": [],
          "warnings": [
            368,
            373,
            557,
            558,
            559,
            560,
            317,
            320,
            292,
            297
          ],
          "safe": [],
          "conflicts": []
        },
        "TODTransfer": {
          "violations": [],
          "warnings": [
            373
          ],
          "safe": [
            368,
            557,
            558,
            559,
            560
          ],
          "conflicts": []
        },
        "DAO": {
          "violations": [],
          "warnings": [
            373,
            557,
            558,
            559,
            560
          ],
          "safe": [],
          "conflicts": []
        },
        "TODAmount": {
          "violations": [
            368
          ],
          "warnings": [],
          "safe": [
            373,
            557,
            558,
            559,
            560
          ],
          "conflicts": []
        },
        "MissingInputValidation": {
          "violations": [
            24,
            27,
            25,
            26,
            547,
            506,
            402,
            23,
            410,
            563,
            19,
            20,
            424,
            18,
            438,
            417
          ],
          "warnings": [
            583,
            331,
            17,
            121,
            304,
            350,
            22,
            21,
            431,
            382
          ],
          "safe": [
            158,
            193,
            281,
            233,
            470
          ],
          "conflicts": []
        },
        "DAOConstantGas": {
          "violations": [],
          "warnings": [
            368
          ],
          "safe": [],
          "conflicts": []
        },
        "UnrestrictedEtherFlow": {
          "violations": [],
          "warnings": [
            317,
            320,
            292,
            297
          ],
          "safe": [
            368,
            373,
            557,
            558,
            559,
            560
          ],
          "conflicts": []
        }
      }
    },
    "/unique_chucks/30/0x9aa6c2fbf1c610670ba575c76ecf37e3aa0ffed0.sol:SafeMath": {
      "results": {
        "TODReceiver": {
          "violations": [],
          "warnings": [],
          "safe": [
            -1
          ],
          "conflicts": []
        },
        "UnhandledException": {
          "violations": [],
          "warnings": [
            -1
          ],
          "safe": [],
          "conflicts": []
        },
        "TODTransfer": {
          "violations": [],
          "warnings": [
            -1
          ],
          "safe": [
            -1
          ],
          "conflicts": []
        },
        "DAO": {
          "violations": [],
          "warnings": [
            -1
          ],
          "safe": [],
          "conflicts": []
        },
        "TODAmount": {
          "violations": [
            -1
          ],
          "warnings": [],
          "safe": [
            -1
          ],
          "conflicts": []
        },
        "MissingInputValidation": {
          "violations": [],
          "warnings": [],
          "safe": [],
          "conflicts": []
        },
        "DAOConstantGas": {
          "violations": [],
          "warnings": [
            -1
          ],
          "safe": [],
          "conflicts": []
        },
        "UnrestrictedEtherFlow": {
          "violations": [],
          "warnings": [
            -1
          ],
          "safe": [
            -1
          ],
          "conflicts": []
        }
      }
    },
    "/unique_chucks/30/0x9aa6c2fbf1c610670ba575c76ecf37e3aa0ffed0.sol:NameFilter": {
      "results": {
        "TODReceiver": {
          "violations": [],
          "warnings": [],
          "safe": [],
          "conflicts": []
        },
        "UnhandledException": {
          "violations": [],
          "warnings": [],
          "safe": [],
          "conflicts": []
        },
        "TODTransfer": {
          "violations": [],
          "warnings": [],
          "safe": [],
          "conflicts": []
        },
        "DAO": {
          "violations": [],
          "warnings": [],
          "safe": [],
          "conflicts": []
        },
        "TODAmount": {
          "violations": [],
          "warnings": [],
          "safe": [],
          "conflicts": []
        },
        "MissingInputValidation": {
          "violations": [],
          "warnings": [],
          "safe": [],
          "conflicts": []
        },
        "DAOConstantGas": {
          "violations": [],
          "warnings": [],
          "safe": [],
          "conflicts": []
        },
        "UnrestrictedEtherFlow": {
          "violations": [],
          "warnings": [],
          "safe": [],
          "conflicts": []
        }
      }
    },
    "/unique_chucks/30/0x9aa6c2fbf1c610670ba575c76ecf37e3aa0ffed0.sol:PlayerBookReceiverInterface": {
      "results": {
        "TODReceiver": {
          "violations": [],
          "warnings": [],
          "safe": [
            -1
          ],
          "conflicts": []
        },
        "UnhandledException": {
          "violations": [],
          "warnings": [
            -1
          ],
          "safe": [],
          "conflicts": []
        },
        "TODTransfer": {
          "violations": [],
          "warnings": [
            -1
          ],
          "safe": [
            -1
          ],
          "conflicts": []
        },
        "DAO": {
          "violations": [],
          "warnings": [
            -1
          ],
          "safe": [],
          "conflicts": []
        },
        "TODAmount": {
          "violations": [
            -1
          ],
          "warnings": [],
          "safe": [
            -1
          ],
          "conflicts": []
        },
        "MissingInputValidation": {
          "violations": [],
          "warnings": [],
          "safe": [],
          "conflicts": []
        },
        "DAOConstantGas": {
          "violations": [],
          "warnings": [
            -1
          ],
          "safe": [],
          "conflicts": []
        },
        "UnrestrictedEtherFlow": {
          "violations": [],
          "warnings": [
            -1
          ],
          "safe": [
            -1
          ],
          "conflicts": []
        }
      }
    }
  }
}