{
  "contract": "0x981930b9c44fc164084491ad3e1c8568ba3b0fb6",
  "tool": "securify",
  "start": 1563636888.2155886,
  "end": 1563637916.2461405,
  "duration": 1028.0305519104004,
  "analysis": {
    "/unique_chucks/25/0x981930b9c44fc164084491ad3e1c8568ba3b0fb6.sol:GameICO": {
      "results": {
        "TODReceiver": {
          "violations": [
            388,
            391,
            376,
            378
          ],
          "warnings": [],
          "safe": [
            345,
            337,
            353
          ],
          "conflicts": []
        },
        "UnhandledException": {
          "violations": [],
          "warnings": [
            388,
            391,
            345,
            337,
            353,
            376,
            378
          ],
          "safe": [],
          "conflicts": []
        },
        "TODTransfer": {
          "violations": [
            388,
            391,
            376,
            378
          ],
          "warnings": [],
          "safe": [
            345,
            337,
            353
          ],
          "conflicts": []
        },
        "DAO": {
          "violations": [],
          "warnings": [],
          "safe": [],
          "conflicts": []
        },
        "TODAmount": {
          "violations": [
            388,
            391
          ],
          "warnings": [
            376,
            378
          ],
          "safe": [
            345,
            337,
            353
          ],
          "conflicts": []
        },
        "MissingInputValidation": {
          "violations": [
            89,
            119,
            100,
            225,
            279,
            125,
            115,
            252,
            147,
            304,
            215,
            257,
            112,
            247,
            373,
            202,
            301,
            262,
            237,
            267,
            298,
            272
          ],
          "warnings": [
            382,
            175,
            178,
            162,
            68,
            138,
            161,
            177,
            163,
            399,
            361,
            170,
            160,
            148,
            153,
            154,
            322,
            143,
            165,
            140,
            176,
            159,
            42,
            164,
            172,
            169,
            54,
            156,
            395,
            139,
            144,
            136,
            158,
            181,
            151,
            155,
            180,
            171,
            168
          ],
          "safe": [
            286
          ],
          "conflicts": []
        },
        "DAOConstantGas": {
          "violations": [],
          "warnings": [
            388,
            391,
            345,
            337,
            353,
            376,
            378
          ],
          "safe": [],
          "conflicts": []
        },
        "UnrestrictedEtherFlow": {
          "violations": [],
          "warnings": [
            388,
            391,
            376,
            378
          ],
          "safe": [
            345,
            337,
            353
          ],
          "conflicts": []
        }
      }
    },
    "/unique_chucks/25/0x981930b9c44fc164084491ad3e1c8568ba3b0fb6.sol:SafeMath": {
      "results": {
        "TODReceiver": {
          "violations": [
            -1
          ],
          "warnings": [],
          "safe": [
            -1
          ],
          "conflicts": []
        },
        "UnhandledException": {
          "violations": [],
          "warnings": [
            -1
          ],
          "safe": [],
          "conflicts": []
        },
        "TODTransfer": {
          "violations": [
            -1
          ],
          "warnings": [],
          "safe": [
            -1
          ],
          "conflicts": []
        },
        "DAO": {
          "violations": [],
          "warnings": [],
          "safe": [],
          "conflicts": []
        },
        "TODAmount": {
          "violations": [
            -1
          ],
          "warnings": [
            -1
          ],
          "safe": [
            -1
          ],
          "conflicts": []
        },
        "MissingInputValidation": {
          "violations": [],
          "warnings": [],
          "safe": [],
          "conflicts": []
        },
        "DAOConstantGas": {
          "violations": [],
          "warnings": [
            -1
          ],
          "safe": [],
          "conflicts": []
        },
        "UnrestrictedEtherFlow": {
          "violations": [],
          "warnings": [
            -1
          ],
          "safe": [
            -1
          ],
          "conflicts": []
        }
      }
    },
    "/unique_chucks/25/0x981930b9c44fc164084491ad3e1c8568ba3b0fb6.sol:Token": {
      "results": {
        "TODReceiver": {
          "violations": [
            -1
          ],
          "warnings": [],
          "safe": [
            -1
          ],
          "conflicts": []
        },
        "UnhandledException": {
          "violations": [],
          "warnings": [
            -1
          ],
          "safe": [],
          "conflicts": []
        },
        "TODTransfer": {
          "violations": [
            -1
          ],
          "warnings": [],
          "safe": [
            -1
          ],
          "conflicts": []
        },
        "DAO": {
          "violations": [],
          "warnings": [],
          "safe": [],
          "conflicts": []
        },
        "TODAmount": {
          "violations": [
            -1
          ],
          "warnings": [
            -1
          ],
          "safe": [
            -1
          ],
          "conflicts": []
        },
        "MissingInputValidation": {
          "violations": [],
          "warnings": [],
          "safe": [],
          "conflicts": []
        },
        "DAOConstantGas": {
          "violations": [],
          "warnings": [
            -1
          ],
          "safe": [],
          "conflicts": []
        },
        "UnrestrictedEtherFlow": {
          "violations": [],
          "warnings": [
            -1
          ],
          "safe": [
            -1
          ],
          "conflicts": []
        }
      }
    },
    "/unique_chucks/25/0x981930b9c44fc164084491ad3e1c8568ba3b0fb6.sol:StandardToken": {
      "results": {
        "TODReceiver": {
          "violations": [
            -1
          ],
          "warnings": [],
          "safe": [
            -1
          ],
          "conflicts": []
        },
        "UnhandledException": {
          "violations": [],
          "warnings": [
            -1
          ],
          "safe": [],
          "conflicts": []
        },
        "TODTransfer": {
          "violations": [
            -1
          ],
          "warnings": [],
          "safe": [
            -1
          ],
          "conflicts": []
        },
        "DAO": {
          "violations": [],
          "warnings": [],
          "safe": [],
          "conflicts": []
        },
        "TODAmount": {
          "violations": [
            -1
          ],
          "warnings": [
            -1
          ],
          "safe": [
            -1
          ],
          "conflicts": []
        },
        "MissingInputValidation": {
          "violations": [
            -1,
            100,
            89,
            115,
            119,
            125,
            112
          ],
          "warnings": [
            -1,
            68
          ],
          "safe": [
            -1
          ],
          "conflicts": []
        },
        "DAOConstantGas": {
          "violations": [],
          "warnings": [
            -1
          ],
          "safe": [],
          "conflicts": []
        },
        "UnrestrictedEtherFlow": {
          "violations": [],