{
  "contract": "0x5ae8e1d6b38a7d05508d3806ffebbd0ed580ab32",
  "tool": "securify",
  "start": 1563541620.2230346,
  "end": 1563541854.0481725,
  "duration": 233.82513785362244,
  "analysis": {
    "0x5ae8e1d6b38a7d05508d3806ffebbd0ed580ab32": {
      "results": {
        "DAO": {
          "completed": true,
          "hasViolations": false,
          "hasWarnings": false,
          "hasSafe": false,
          "hasConflicts": false,
          "violations": [],
          "warnings": [],
          "safe": [],
          "conflicts": []
        },
        "DAOConstantGas": {
          "completed": true,
          "hasViolations": false,
          "hasWarnings": false,
          "hasSafe": true,
          "hasConflicts": false,
          "violations": [],
          "warnings": [],
          "safe": [
            1627,
            1627,
            1627,
            1627,
            1627,
            1627,
            1627,
            1627,
            1627
          ],
          "conflicts": []
        },
        "MissingInputValidation": {
          "completed": true,
          "hasViolations": true,
          "hasWarnings": true,
          "hasSafe": true,
          "hasConflicts": false,
          "violations": [
            2317,
            2317,
            2317,
            2498,
            2317,
            2498,
            1569,
            2317,
            2498,
            1569,
            2317,
            2498,
            1569,
            2317,
            2498,
            1569,
            2317,
            2498,
            1569,
            1941,
            2317,
            2498,
            1569,
            1941,
            2317,
            2498,
            1569,
            1941,
            2317,
            2498,
            1569,
            1941
          ],
          "warnings": [
            1649,
            1649,
            1649,
            1649,
            1649,
            1649,
            1649,
            1649,
            1778,
            1649,
            1778,
            1649,
            1778,
            1649,
            1778,
            1649,
            1778
          ],
          "safe": [
            2525,
            2525,
            2525,
            2525,
            1973,
            2525,
            1973,
            1013,
            2525,
            1973,
            1013,
            2525,
            1973,
            1013,
            2525,
            1973,
            1013,
            2580,
            2525,
            1973,
            1013,
            2580,
            1197,
            2525,
            1973,
            1013,
            2580,
            1197,
            1555
          ],
          "conflicts": []
        },
        "TODAmount": {
          "completed": true,
          "hasViolations": false,
          "hasWarnings": false,
          "hasSafe": true,
          "hasConflicts": false,
          "violations": [],
          "warnings": [],
          "safe": [
            1627,
            1627,
            1627,
            1627,
            1627,
            1627,
            1627,
            1627
          ],
          "conflicts": []
        },
        "TODReceiver": {
          "completed": true,
          "hasViolations": false,
          "hasWarnings": false,
          "hasSafe": true,
          "hasConflicts": false,
          "violations": [],
          "warnings": [],
          "safe": [
            1627,
            1627,
            1627,
            1627,
            1627,
            1627,
            1627,
            1627
          ],
          "conflicts": []
        },
        "TODTransfer": {
          "completed": true,
          "hasViolations": false,
          "hasWarnings": false,
          "hasSafe": true,
          "hasConflicts": false,
          "violations": [],
          "warnings": [],
          "safe": [
            1627,
            1627,
            1627,
            1627,
            1627,
            1627,
            1627,
            1627
          ],
          "conflicts": []
        },
        "UnhandledException": {
          "completed": true,
          "hasViolations": false,
          "hasWarnings": false,
          "hasSafe": true,
          "hasConflicts": false,
          "violations": [],
          "warnings": [],
          "safe": [
            1627,
            1627,
            1627,
            1627,
            1627,
            1627,
            1627,
            1627
          ],
          "conflicts": []
        },
        "UnrestrictedEtherFlow": {
          "completed": true,
          "hasViolations": false,
          "hasWarnings": false,
          "hasSafe": true,
          "hasConflicts": false,
          "violations": [],
          "warnings": [],
          "safe": [
            1627,
            1627,
            1627,
            1627,
            1627,
            1627,
            1627,
            1627
          ],
          "conflicts": []
        }
      }
    }
  }
}