{
  "contract": "0x818d6d533273c61bcefcd7b9b7096809065c591d",
  "tool": "securify",
  "start": 1563399112.0124345,
  "end": 1563400919.4902608,
  "duration": 1807.4778263568878,
  "analysis": {
    "0x818d6d533273c61bcefcd7b9b7096809065c591d": {
      "results": {
        "DAO": {
          "completed": true,
          "hasViolations": false,
          "hasWarnings": false,
          "hasSafe": false,
          "hasConflicts": false,
          "violations": [],
          "warnings": [],
          "safe": [],
          "conflicts": []
        },
        "DAOConstantGas": {
          "completed": true,
          "hasViolations": false,
          "hasWarnings": false,
          "hasSafe": false,
          "hasConflicts": false,
          "violations": [],
          "warnings": [],
          "safe": [],
          "conflicts": []
        },
        "MissingInputValidation": {
          "completed": true,
          "hasViolations": true,
          "hasWarnings": false,
          "hasSafe": true,
          "hasConflicts": false,
          "violations": [
            419,
            877,
            500,
            722,
            749,
            1678,
            419,
            877,
            500,
            722,
            749,
            1678,
            1806,
            419,
            877,
            500,
            722,
            749,
            1678,
            1806,
            419,
            877,
            500,
            722,
            749,
            1678,
            1806,
            1088,
            419,
            877,
            500,
            722,
            749,
            1678,
            1806,
            1088,
            419,
            877,
            500,
            722,
            749,
            1678,
            1806,
            1088,
            419,
            877,
            500,
            722,
            749,
            1678,
            1806,
            1088,
            419,
            877,
            500,
            722,
            749,
            1678,
            1806,
            1088,
            2053,
            419,
            877,
            500,
            722,
            749,
            1678,
            1806,
            1088,
            2053,
            1169,
            419,
            877,
            500,
            722,
            749,
            1678,
            1806,
            1088,
            2053,
            1169,
            1528,
            419,
            877,
            500,
            722,
            749,
            1678,
            1806,
            1088,
            2053,
            1169,
            1528
          ],
          "warnings": [],
          "safe": [
            495,
            495,
            495,
            965,
            495,
            965,
            495,
            965,
            1555,
            495,
            965,
            1555,
            1164,
            495,
            965,
            1555,
            1164,
            1405,
            495,
            965,
            1555,
            1164,
            1405,
            495,
            965,
            1555,
            1164,
            1405,
            495,
            965,
            1555,
            1164,
            1405,
            495,
            965,
            1555,
            1164,
            1405,
            1391
          ],
          "conflicts": []
        },
        "TODAmount": {
          "completed": true,
          "hasViolations": false,
          "hasWarnings": false,
          "hasSafe": false,
          "hasConflicts": false,
          "violations": [],
          "warnings": [],
          "safe": [],
          "conflicts": []
        },
        "TODReceiver": {
          "completed": true,
          "hasViolations": false,
          "hasWarnings": false,
          "hasSafe": false,
          "hasConflicts": false,
          "violations": [],
          "warnings": [],
          "safe": [],
          "conflicts": []
        },
        "TODTransfer": {
          "completed": true,
          "hasViolations": false,
          "hasWarnings": false,
          "hasSafe": false,
          "hasConflicts": false,
          "violations": [],
          "warnings": [],
          "safe": [],
          "conflicts": []
        },
        "UnhandledException": {
          "completed": true,
          "hasViolations": false,
          "hasWarnings": false,
          "hasSafe": true,
          "hasConflicts": false,
          "violations": [],
          "warnings": [],
          "safe": [
            2031,
            2031,
            2031,
            2031,
            2031,
            2031,
            2031,
            2031,
            2031,
            2031
          ],
          "conflicts": []
        },
        "UnrestrictedEtherFlow": {
          "completed": true,
          "hasViolations": false,
          "hasWarnings": false,
          "hasSafe": true,
          "hasConflicts": false,
          "violations": [],
          "warnings": [],
          "safe": [
            2031,
            2031,
            2031,
            2031,
            2031,
            2031,
            2031,
            2031,
            2031,
            2031
          ],
          "conflicts": []
        }
      }
    }
  }
}