{
  "contract": "0xd2d6158683aee4cc838067727209a0aaf4359de3",
  "tool": "securify",
  "start": 1563467496.4421394,
  "end": 1563469299.2566173,
  "duration": 1802.8144779205322,
  "analysis": {
    "0xd2d6158683aee4cc838067727209a0aaf4359de3": {
      "results": {
        "DAO": {
          "completed": true,
          "hasViolations": false,
          "hasWarnings": false,
          "hasSafe": true,
          "hasConflicts": false,
          "violations": [],
          "warnings": [],
          "safe": [
            232,
            232
          ],
          "conflicts": []
        },
        "DAOConstantGas": {
          "completed": true,
          "hasViolations": false,
          "hasWarnings": false,
          "hasSafe": true,
          "hasConflicts": false,
          "violations": [],
          "warnings": [],
          "safe": [
            2500,
            4746,
            2500,
            4746
          ],
          "conflicts": []
        },
        "MissingInputValidation": {
          "completed": true,
          "hasViolations": true,
          "hasWarnings": false,
          "hasSafe": true,
          "hasConflicts": false,
          "violations": [
            457,
            902,
            457,
            902,
            105
          ],
          "warnings": [],
          "safe": [
            888,
            925,
            690,
            493,
            998,
            657,
            705,
            675,
            665,
            661,
            994,
            1002,
            1009,
            689,
            1013,
            701,
            709,
            669,
            695,
            990,
            154,
            888,
            925,
            690,
            493,
            998,
            657,
            705,
            675,
            665,
            661,
            994,
            1002,
            1009,
            689,
            1013,
            701,
            709,
            669,
            695,
            990,
            154
          ],
          "conflicts": []
        },
        "TODAmount": {
          "completed": true,
          "hasViolations": true,
          "hasWarnings": true,
          "hasSafe": true,
          "hasConflicts": false,
          "violations": [
            4746,
            4746
          ],
          "warnings": [
            232,
            232
          ],
          "safe": [
            2500,
            2500
          ],
          "conflicts": []
        },
        "TODReceiver": {
          "completed": true,
          "hasViolations": true,
          "hasWarnings": false,
          "hasSafe": true,
          "hasConflicts": false,
          "violations": [
            4746,
            232,
            4746,
            232
          ],
          "warnings": [],
          "safe": [
            2500,
            2500
          ],
          "conflicts": []
        },
        "TODTransfer": {
          "completed": true,
          "hasViolations": false,
          "hasWarnings": false,
          "hasSafe": false,
          "hasConflicts": true,
          "violations": [],
          "warnings": [],
          "safe": [],
          "conflicts": [
            2500,
            4746,
            232,
            2500,
            4746,
            232
          ]
        },
        "UnhandledException": {
          "completed": true,
          "hasViolations": false,
          "hasWarnings": false,
          "hasSafe": true,
          "hasConflicts": false,
          "violations": [],
          "warnings": [],
          "safe": [
            2500,
            575,
            1435,
            4746,
            2435,
            5279,
            232,
            4823,
            3094,
            4168,
            3593,
            4470,
            2500,
            575,
            1435,
            4746,
            2435,
            5279,
            232,
            4823,
            3094,
            4168,
            3593,
            4470
          ],
          "conflicts": []
        },
        "UnrestrictedEtherFlow": {
          "completed": true,
          "hasViolations": false,
          "hasWarnings": false,
          "hasSafe": true,
          "hasConflicts": false,
          "violations": [],
          "warnings": [],
          "safe": [
            2500,
            575,
            1435,
            4746,
            2435,
            5279,
            232,
            4823,
            3094,
            4168,
            3593,
            4470,
            2500,
            575,
            1435,
            4746,
            2435,
            5279,
            232,
            4823,
            3094,
            4168,
            3593,
            4470
          ],
          "conflicts": []
        }
      }
    }
  }
}