{
  "contract": "0x3d8945dcfc11627a6a762f203be3b1b14db36c4c",
  "tool": "securify",
  "start": 1563422389.2362902,
  "end": 1563424190.6123269,
  "duration": 1801.376036643982,
  "analysis": {
    "0x3d8945dcfc11627a6a762f203be3b1b14db36c4c": {
      "results": {
        "DAO": {
          "completed": true,
          "hasViolations": false,
          "hasWarnings": false,
          "hasSafe": false,
          "hasConflicts": false,
          "violations": [],
          "warnings": [],
          "safe": [],
          "conflicts": []
        },
        "DAOConstantGas": {
          "completed": true,
          "hasViolations": false,
          "hasWarnings": false,
          "hasSafe": false,
          "hasConflicts": false,
          "violations": [],
          "warnings": [],
          "safe": [],
          "conflicts": []
        },
        "MissingInputValidation": {
          "completed": true,
          "hasViolations": true,
          "hasWarnings": true,
          "hasSafe": true,
          "hasConflicts": false,
          "violations": [
            1723,
            1134,
            1386,
            1368,
            1931,
            1079,
            1618,
            1723,
            1134,
            1386,
            1368,
            1931,
            1079,
            1618,
            1723,
            1134,
            1386,
            1368,
            1931,
            1079,
            1618,
            2806,
            1723,
            1134,
            1386,
            1368,
            1931,
            1079,
            1618,
            2806,
            1723,
            1134,
            1386,
            1368,
            1931,
            1079,
            1618,
            2806,
            1723,
            1134,
            1386,
            1368,
            1931,
            1079,
            1618,
            2806,
            1723,
            1134,
            1386,
            1368,
            1931,
            1079,
            1618,
            2806,
            1723,
            1134,
            1386,
            1368,
            1931,
            1079,
            1618,
            2806,
            1723,
            1134,
            1386,
            1368,
            1931,
            1079,
            1618,
            2806,
            2704,
            1723,
            1134,
            1386,
            1368,
            1931,
            1079,
            1618,
            2806,
            2704,
            2677
          ],
          "warnings": [
            1712,
            1712,
            1712,
            1712,
            1712,
            1712,
            2435,
            1712,
            2435,
            1712,
            2435,
            1712,
            2435,
            1712,
            2435
          ],
          "safe": [
            1958,
            956,
            1129,
            1589,
            1261,
            1247,
            1958,
            956,
            1129,
            1589,
            1261,
            1247,
            1804,
            1958,
            956,
            1129,
            1589,
            1261,
            1247,
            1804,
            1958,
            956,
            1129,
            1589,
            1261,
            1247,
            1804,
            1800,
            1958,
            956,
            1129,
            1589,
            1261,
            1247,
            1804,
            1800,
            1668,
            1958,
            956,
            1129,
            1589,
            1261,
            1247,
            1804,
            1800,
            1668,
            1958,
            956,
            1129,
            1589,
            1261,
            1247,
            1804,
            1800,
            1668,
            1495,
            1958,
            956,
            1129,
            1589,
            1261,
            1247,
            1804,
            1800,
            1668,
            1495,
            2312,
            1958,
            956,
            1129,
            1589,
            1261,
            1247,
            1804,
            1800,
            1668,
            1495,
            2312,
            1958,
            956,
            1129,
            1589,
            1261,
            1247,
            1804,
            1800,
            1668,
            1495,
            2312
          ],
          "conflicts": []
        },
        "TODAmount": {
          "completed": true,
          "hasViolations": false,
          "hasWarnings": false,
          "hasSafe": false,
          "hasConflicts": false,
          "violations": [],
          "warnings": [],
          "safe": [],
          "conflicts": []
        },
        "TODReceiver": {
          "completed": true,
          "hasViolations": false,
          "hasWarnings": false,
          "hasSafe": false,
          "hasConflicts": false,
          "violations": [],
          "warnings": [],
          "safe": [],
          "conflicts": []
        },
        "TODTransfer": {
          "completed": true,
          "hasViolations": false,
          "hasWarnings": false,
          "hasSafe": false,
          "hasConflicts": false,
          "violations": [],
          "warnings": [],
          "safe": [],
          "conflicts": []
        },
        "UnhandledException": {
          "completed": true,
          "hasViolations": false,
          "hasWarnings": false,
          "hasSafe": true,
          "hasConflicts": false,
          "violations": [],
          "warnings": [],
          "safe": [
            1899,
            1899,
            1899,
            1899,
            1899,
            1899,
            1899,
            1899,
            1899,
            1899
          ],
          "conflicts": []
        },
        "UnrestrictedEtherFlow": {
          "completed": true,
          "hasViolations": false,
          "hasWarnings": false,
          "hasSafe": true,
          "hasConflicts": false,
          "violations": [],
          "warnings": [],
          "safe": [
            1899,
            1899,
            1899,
            1899,
            1899,
            1899,
            1899,
            1899,
            1899,
            1899
          ],
          "conflicts": []
        }
      }
    }
  }
}