{
  "contract": "0x4e2e54ca64b690b106364e7df7167fef516f3cb9",
  "tool": "securify",
  "start": 1563493249.138378,
  "end": 1563493483.6641085,
  "duration": 234.5257306098938,
  "analysis": {
    "0x4e2e54ca64b690b106364e7df7167fef516f3cb9": {
      "results": {
        "DAO": {
          "completed": true,
          "hasViolations": false,
          "hasWarnings": false,
          "hasSafe": false,
          "hasConflicts": false,
          "violations": [],
          "warnings": [],
          "safe": [],
          "conflicts": []
        },
        "DAOConstantGas": {
          "completed": true,
          "hasViolations": false,
          "hasWarnings": true,
          "hasSafe": true,
          "hasConflicts": false,
          "violations": [],
          "warnings": [
            225,
            225,
            225,
            225,
            225,
            225
          ],
          "safe": [
            1785,
            1785,
            1785,
            1785,
            1785,
            1785
          ],
          "conflicts": []
        },
        "MissingInputValidation": {
          "completed": true,
          "hasViolations": true,
          "hasWarnings": false,
          "hasSafe": true,
          "hasConflicts": false,
          "violations": [
            624,
            601,
            569,
            1325,
            624,
            601,
            569,
            1325,
            1783,
            624,
            601,
            569,
            1325,
            1783,
            2197,
            624,
            601,
            569,
            1325,
            1783,
            2197,
            1810,
            624,
            601,
            569,
            1325,
            1783,
            2197,
            1810,
            624,
            601,
            569,
            1325,
            1783,
            2197,
            1810
          ],
          "warnings": [],
          "safe": [
            587,
            564,
            587,
            564,
            587,
            564,
            587,
            564,
            587,
            564,
            1828,
            587,
            564,
            1828,
            1668
          ],
          "conflicts": []
        },
        "TODAmount": {
          "completed": true,
          "hasViolations": true,
          "hasWarnings": true,
          "hasSafe": false,
          "hasConflicts": false,
          "violations": [
            1785,
            1785,
            1785,
            1785,
            1785,
            1785
          ],
          "warnings": [
            225,
            225,
            225,
            225,
            225,
            225
          ],
          "safe": [],
          "conflicts": []
        },
        "TODReceiver": {
          "completed": true,
          "hasViolations": true,
          "hasWarnings": false,
          "hasSafe": true,
          "hasConflicts": false,
          "violations": [
            1785,
            1785,
            1785,
            1785,
            1785,
            1785
          ],
          "warnings": [],
          "safe": [
            225,
            225,
            225,
            225,
            225,
            225
          ],
          "conflicts": []
        },
        "TODTransfer": {
          "completed": true,
          "hasViolations": false,
          "hasWarnings": false,
          "hasSafe": true,
          "hasConflicts": true,
          "violations": [],
          "warnings": [],
          "safe": [
            225,
            225,
            225,
            225,
            225,
            225
          ],
          "conflicts": [
            1785,
            1785,
            1785,
            1785,
            1785,
            1785
          ]
        },
        "UnhandledException": {
          "completed": true,
          "hasViolations": false,
          "hasWarnings": false,
          "hasSafe": true,
          "hasConflicts": false,
          "violations": [],
          "warnings": [],
          "safe": [
            1785,
            225,
            1785,
            225,
            1785,
            225,
            1785,
            225,
            1785,
            225,
            1785,
            225
          ],
          "conflicts": []
        },
        "UnrestrictedEtherFlow": {
          "completed": true,
          "hasViolations": false,
          "hasWarnings": true,
          "hasSafe": true,
          "hasConflicts": false,
          "violations": [],
          "warnings": [
            225,
            225,
            225,
            225,
            225,
            225
          ],
          "safe": [
            1785,
            1785,
            1785,
            1785,
            1785,
            1785
          ],
          "conflicts": []
        }
      }
    }
  }
}