{
  "contract": "0x8996d663596dd1315fd799ce51b0f3405d20fe02",
  "tool": "securify",
  "start": 1563670335.251388,
  "end": 1563670614.069278,
  "duration": 278.81788992881775,
  "analysis": {
    "0x8996d663596dd1315fd799ce51b0f3405d20fe02": {
      "results": {
        "DAO": {
          "completed": true,
          "hasViolations": false,
          "hasWarnings": false,
          "hasSafe": false,
          "hasConflicts": false,
          "violations": [],
          "warnings": [],
          "safe": [],
          "conflicts": []
        },
        "DAOConstantGas": {
          "completed": true,
          "hasViolations": false,
          "hasWarnings": false,
          "hasSafe": false,
          "hasConflicts": false,
          "violations": [],
          "warnings": [],
          "safe": [],
          "conflicts": []
        },
        "MissingInputValidation": {
          "completed": true,
          "hasViolations": true,
          "hasWarnings": false,
          "hasSafe": true,
          "hasConflicts": false,
          "violations": [
            1179,
            1179,
            1549,
            1179,
            1549,
            2085,
            1179,
            1549,
            2085,
            1179,
            1549,
            2085,
            1179,
            1549,
            2085,
            1098,
            1179,
            1549,
            2085,
            1098,
            1179,
            1549,
            2085,
            1098,
            1838,
            1179,
            1549,
            2085,
            1098,
            1838,
            1699,
            1179,
            1549,
            2085,
            1098,
            1838,
            1699,
            1179,
            1549,
            2085,
            1098,
            1838,
            1699
          ],
          "warnings": [],
          "safe": [
            1426,
            1426,
            1412,
            1426,
            1412,
            1426,
            1412,
            975,
            1426,
            1412,
            975,
            1426,
            1412,
            975,
            1426,
            1412,
            975,
            1174,
            1426,
            1412,
            975,
            1174,
            1576
          ],
          "conflicts": []
        },
        "TODAmount": {
          "completed": true,
          "hasViolations": false,
          "hasWarnings": false,
          "hasSafe": false,
          "hasConflicts": false,
          "violations": [],
          "warnings": [],
          "safe": [],
          "conflicts": []
        },
        "TODReceiver": {
          "completed": true,
          "hasViolations": false,
          "hasWarnings": false,
          "hasSafe": false,
          "hasConflicts": false,
          "violations": [],
          "warnings": [],
          "safe": [],
          "conflicts": []
        },
        "TODTransfer": {
          "completed": true,
          "hasViolations": false,
          "hasWarnings": false,
          "hasSafe": false,
          "hasConflicts": false,
          "violations": [],
          "warnings": [],
          "safe": [],
          "conflicts": []
        },
        "UnhandledException": {
          "completed": true,
          "hasViolations": false,
          "hasWarnings": false,
          "hasSafe": true,
          "hasConflicts": false,
          "violations": [],
          "warnings": [],
          "safe": [
            2063,
            2063,
            2063,
            2063
          ],
          "conflicts": []
        },
        "UnrestrictedEtherFlow": {
          "completed": true,
          "hasViolations": false,
          "hasWarnings": false,
          "hasSafe": true,
          "hasConflicts": false,
          "violations": [],
          "warnings": [],
          "safe": [
            2063,
            2063,
            2063,
            2063
          ],
          "conflicts": []
        }
      }
    }
  }
}