{
  "contract": "0x1d9e20e581a5468644fe74ccb6a46278ef377f9e",
  "tool": "securify",
  "start": 1563520962.8147738,
  "end": 1563521424.564523,
  "duration": 461.7497491836548,
  "analysis": {
    "0x1d9e20e581a5468644fe74ccb6a46278ef377f9e": {
      "results": {
        "DAO": {
          "completed": true,
          "hasViolations": false,
          "hasWarnings": false,
          "hasSafe": false,
          "hasConflicts": false,
          "violations": [],
          "warnings": [],
          "safe": [],
          "conflicts": []
        },
        "DAOConstantGas": {
          "completed": true,
          "hasViolations": true,
          "hasWarnings": false,
          "hasSafe": false,
          "hasConflicts": false,
          "violations": [
            3051,
            3051,
            3051,
            3051,
            3051,
            3051,
            3051,
            3051,
            3051,
            3051,
            3051,
            3051,
            3051,
            3051,
            3051
          ],
          "warnings": [],
          "safe": [],
          "conflicts": []
        },
        "MissingInputValidation": {
          "completed": true,
          "hasViolations": true,
          "hasWarnings": true,
          "hasSafe": true,
          "hasConflicts": false,
          "violations": [
            1689,
            1689,
            3479,
            1689,
            3479,
            1689,
            3479,
            3302,
            1689,
            3479,
            3302,
            2908,
            1689,
            3479,
            3302,
            2908,
            1752,
            1689,
            3479,
            3302,
            2908,
            1752,
            1689,
            3479,
            3302,
            2908,
            1752,
            2696,
            1689,
            3479,
            3302,
            2908,
            1752,
            2696,
            1689,
            3479,
            3302,
            2908,
            1752,
            2696,
            1991,
            1689,
            3479,
            3302,
            2908,
            1752,
            2696,
            1991,
            3094,
            1689,
            3479,
            3302,
            2908,
            1752,
            2696,
            1991,
            3094,
            1689,
            3479,
            3302,
            2908,
            1752,
            2696,
            1991,
            3094
          ],
          "warnings": [
            1884,
            1884,
            1884,
            1884,
            1884,
            1884,
            1884,
            2864,
            1884,
            2864,
            1884,
            2864,
            1884,
            2864,
            1884,
            2864
          ],
          "safe": [
            2926,
            2926,
            2926,
            2926,
            2926,
            2926,
            2926,
            2926,
            3329,
            2926,
            3329,
            2926,
            3329,
            2926,
            3329,
            2926,
            3329,
            2926,
            3329,
            1870,
            2926,
            3329,
            1870,
            1739
          ],
          "conflicts": []
        },
        "TODAmount": {
          "completed": true,
          "hasViolations": false,
          "hasWarnings": false,
          "hasSafe": false,
          "hasConflicts": true,
          "violations": [],
          "warnings": [],
          "safe": [],
          "conflicts": [
            3051,
            3051,
            3051,
            3051,
            3051,
            3051,
            3051,
            3051,
            3051,
            3051,
            3051,
            3051,
            3051,
            3051
          ]
        },
        "TODReceiver": {
          "completed": true,
          "hasViolations": false,
          "hasWarnings": false,
          "hasSafe": true,
          "hasConflicts": false,
          "violations": [],
          "warnings": [],
          "safe": [
            3051,
            3051,
            3051,
            3051,
            3051,
            3051,
            3051,
            3051,
            3051,
            3051,
            3051,
            3051,
            3051,
            3051
          ],
          "conflicts": []
        },
        "TODTransfer": {
          "completed": true,
          "hasViolations": false,
          "hasWarnings": false,
          "hasSafe": false,
          "hasConflicts": true,
          "violations": [],
          "warnings": [],
          "safe": [],
          "conflicts": [
            3051,
            3051,
            3051,
            3051,
            3051,
            3051,
            3051,
            3051,
            3051,
            3051,
            3051,
            3051,
            3051,
            3051
          ]
        },
        "UnhandledException": {
          "completed": true,
          "hasViolations": false,
          "hasWarnings": false,
          "hasSafe": true,
          "hasConflicts": false,
          "violations": [],
          "warnings": [],
          "safe": [
            3051,
            3051,
            3051,
            3051,
            3051,
            3051,
            3051,
            3051,
            3051,
            3051,
            3051,
            3051,
            3270,
            3051,
            3270,
            3051,
            3270
          ],
          "conflicts": []
        },
        "UnrestrictedEtherFlow": {
          "completed": true,
          "hasViolations": false,
          "hasWarnings": true,
          "hasSafe": true,
          "hasConflicts": false,
          "violations": [],
          "warnings": [
            3051,
            3051,
            3051,
            3051,
            3051,
            3051,
            3051,
            3051,
            3051,
            3051,
            3051,
            3051,
            3051,
            3051
          ],
          "safe": [
            3270,
            3270,
            3270
          ],
          "conflicts": []
        }
      }
    }
  }
}