{
  "contract": "0x974bc71358d5d342229bf12d13d8cd14d4f8b85c",
  "tool": "securify",
  "start": 1563810939.333376,
  "end": 1563811250.7002823,
  "duration": 311.36690640449524,
  "analysis": {
    "0x974bc71358d5d342229bf12d13d8cd14d4f8b85c": {
      "results": {
        "DAO": {
          "completed": true,
          "hasViolations": false,
          "hasWarnings": false,
          "hasSafe": false,
          "hasConflicts": false,
          "violations": [],
          "warnings": [],
          "safe": [],
          "conflicts": []
        },
        "DAOConstantGas": {
          "completed": true,
          "hasViolations": false,
          "hasWarnings": false,
          "hasSafe": false,
          "hasConflicts": false,
          "violations": [],
          "warnings": [],
          "safe": [],
          "conflicts": []
        },
        "MissingInputValidation": {
          "completed": true,
          "hasViolations": true,
          "hasWarnings": true,
          "hasSafe": true,
          "hasConflicts": false,
          "violations": [
            999,
            999,
            1233,
            999,
            1233,
            999,
            1233,
            1251,
            999,
            1233,
            1251,
            999,
            1233,
            1251,
            999,
            1233,
            1251,
            999,
            1233,
            1251,
            999,
            1233,
            1251,
            999,
            1233,
            1251,
            1588,
            999,
            1233,
            1251,
            1588,
            999,
            1233,
            1251,
            1588,
            944
          ],
          "warnings": [
            1577,
            1577
          ],
          "safe": [
            994,
            994,
            994,
            821,
            994,
            821,
            1454,
            994,
            821,
            1454,
            1615,
            994,
            821,
            1454,
            1615,
            1112,
            994,
            821,
            1454,
            1615,
            1112,
            1126,
            994,
            821,
            1454,
            1615,
            1112,
            1126,
            994,
            821,
            1454,
            1615,
            1112,
            1126,
            994,
            821,
            1454,
            1615,
            1112,
            1126
          ],
          "conflicts": []
        },
        "TODAmount": {
          "completed": true,
          "hasViolations": false,
          "hasWarnings": false,
          "hasSafe": false,
          "hasConflicts": false,
          "violations": [],
          "warnings": [],
          "safe": [],
          "conflicts": []
        },
        "TODReceiver": {
          "completed": true,
          "hasViolations": false,
          "hasWarnings": false,
          "hasSafe": false,
          "hasConflicts": false,
          "violations": [],
          "warnings": [],
          "safe": [],
          "conflicts": []
        },
        "TODTransfer": {
          "completed": true,
          "hasViolations": false,
          "hasWarnings": false,
          "hasSafe": false,
          "hasConflicts": false,
          "violations": [],
          "warnings": [],
          "safe": [],
          "conflicts": []
        },
        "UnhandledException": {
          "completed": true,
          "hasViolations": false,
          "hasWarnings": false,
          "hasSafe": false,
          "hasConflicts": false,
          "violations": [],
          "warnings": [],
          "safe": [],
          "conflicts": []
        },
        "UnrestrictedEtherFlow": {
          "completed": true,
          "hasViolations": false,
          "hasWarnings": false,
          "hasSafe": false,
          "hasConflicts": false,
          "violations": [],
          "warnings": [],
          "safe": [],
          "conflicts": []
        }
      }
    }
  }
}