{
  "contract": "0x3839416bd0095d97be9b354cbfb0f6807d4d609e",
  "tool": "securify",
  "start": 1563461196.4803092,
  "end": 1563461386.0395832,
  "duration": 189.55927395820618,
  "analysis": {
    "0x3839416bd0095d97be9b354cbfb0f6807d4d609e": {
      "results": {
        "DAO": {
          "completed": true,
          "hasViolations": false,
          "hasWarnings": false,
          "hasSafe": false,
          "hasConflicts": false,
          "violations": [],
          "warnings": [],
          "safe": [],
          "conflicts": []
        },
        "DAOConstantGas": {
          "completed": true,
          "hasViolations": false,
          "hasWarnings": false,
          "hasSafe": false,
          "hasConflicts": false,
          "violations": [],
          "warnings": [],
          "safe": [],
          "conflicts": []
        },
        "MissingInputValidation": {
          "completed": true,
          "hasViolations": false,
          "hasWarnings": false,
          "hasSafe": true,
          "hasConflicts": false,
          "violations": [],
          "warnings": [],
          "safe": [
            336,
            348,
            344,
            340,
            332,
            352,
            328,
            58,
            602,
            336,
            348,
            344,
            340,
            332,
            352,
            328,
            58,
            602,
            330,
            336,
            348,
            344,
            340,
            332,
            352,
            328,
            58,
            602,
            330,
            473,
            336,
            348,
            344,
            340,
            332,
            352,
            328,
            58,
            602,
            330,
            473,
            699,
            336,
            348,
            344,
            340,
            332,
            352,
            328,
            58,
            602,
            330,
            473,
            699,
            344,
            336,
            348,
            344,
            340,
            332,
            352,
            328,
            58,
            602,
            330,
            473,
            699,
            344,
            588,
            336,
            348,
            344,
            340,
            332,
            352,
            328,
            58,
            602,
            330,
            473,
            699,
            344,
            588,
            316,
            336,
            348,
            344,
            340,
            332,
            352,
            328,
            58,
            602,
            330,
            473,
            699,
            344,
            588,
            316,
            459
          ],
          "conflicts": []
        },
        "TODAmount": {
          "completed": true,
          "hasViolations": false,
          "hasWarnings": false,
          "hasSafe": false,
          "hasConflicts": false,
          "violations": [],
          "warnings": [],
          "safe": [],
          "conflicts": []
        },
        "TODReceiver": {
          "completed": true,
          "hasViolations": false,
          "hasWarnings": false,
          "hasSafe": false,
          "hasConflicts": false,
          "violations": [],
          "warnings": [],
          "safe": [],
          "conflicts": []
        },
        "TODTransfer": {
          "completed": true,
          "hasViolations": false,
          "hasWarnings": false,
          "hasSafe": false,
          "hasConflicts": false,
          "violations": [],
          "warnings": [],
          "safe": [],
          "conflicts": []
        },
        "UnhandledException": {
          "completed": true,
          "hasViolations": false,
          "hasWarnings": false,
          "hasSafe": false,
          "hasConflicts": false,
          "violations": [],
          "warnings": [],
          "safe": [],
          "conflicts": []
        },
        "UnrestrictedEtherFlow": {
          "completed": true,
          "hasViolations": false,
          "hasWarnings": false,
          "hasSafe": false,
          "hasConflicts": false,
          "violations": [],
          "warnings": [],
          "safe": [],
          "conflicts": []
        }
      }
    }
  }
}