{
  "contract": "0xa97ff44cff7101fac76af172f088f400f28cb4e9",
  "tool": "securify",
  "start": 1563493831.951652,
  "end": 1563494470.786342,
  "duration": 638.8346898555756,
  "analysis": {
    "/unique_chucks/4/0xa97ff44cff7101fac76af172f088f400f28cb4e9.sol:CollectibleToken": {
      "results": {
        "TODReceiver": {
          "violations": [
            342
          ],
          "warnings": [
            344,
            239
          ],
          "safe": [
            342,
            344,
            235
          ],
          "conflicts": []
        },
        "UnhandledException": {
          "violations": [],
          "warnings": [
            342,
            344,
            235,
            239
          ],
          "safe": [],
          "conflicts": []
        },
        "TODTransfer": {
          "violations": [
            342,
            344
          ],
          "warnings": [
            342,
            344
          ],
          "safe": [
            235,
            239
          ],
          "conflicts": []
        },
        "DAO": {
          "violations": [],
          "warnings": [],
          "safe": [],
          "conflicts": []
        },
        "TODAmount": {
          "violations": [
            342,
            344
          ],
          "warnings": [],
          "safe": [
            235,
            239
          ],
          "conflicts": []
        },
        "MissingInputValidation": {
          "violations": [
            304,
            153,
            289,
            56,
            272,
            125,
            185,
            242,
            65,
            130,
            110,
            199
          ],
          "warnings": [
            328,
            340,
            349,
            393,
            14,
            318,
            383,
            250,
            178,
            45,
            194,
            265,
            173,
            258,
            72,
            74,
            44,
            335,
            71,
            371,
            323
          ],
          "safe": [],
          "conflicts": []
        },
        "DAOConstantGas": {
          "violations": [],
          "warnings": [
            342,
            344,
            235,
            239
          ],
          "safe": [],
          "conflicts": []
        },
        "UnrestrictedEtherFlow": {
          "violations": [],
          "warnings": [
            342,
            344
          ],
          "safe": [
            342,
            344,
            235,
            239
          ],
          "conflicts": []
        }
      }
    },
    "/unique_chucks/4/0xa97ff44cff7101fac76af172f088f400f28cb4e9.sol:ERC721": {
      "results": {
        "TODReceiver": {
          "violations": [
            -1
          ],
          "warnings": [
            -1
          ],
          "safe": [
            -1
          ],
          "conflicts": []
        },
        "UnhandledException": {
          "violations": [],
          "warnings": [
            -1
          ],
          "safe": [],
          "conflicts": []
        },
        "TODTransfer": {
          "violations": [
            -1
          ],
          "warnings": [
            -1
          ],
          "safe": [
            -1
          ],
          "conflicts": []
        },
        "DAO": {
          "violations": [],
          "warnings": [],
          "safe": [],
          "conflicts": []
        },
        "TODAmount": {
          "violations": [
            -1
          ],
          "warnings": [],
          "safe": [
            -1
          ],
          "conflicts": []
        },
        "MissingInputValidation": {
          "violations": [],
          "warnings": [],
          "safe": [],
          "conflicts": []
        },
        "DAOConstantGas": {
          "violations": [],
          "warnings": [
            -1
          ],
          "safe": [],
          "conflicts": []
        },
        "UnrestrictedEtherFlow": {
          "violations": [],
          "warnings": [
            -1
          ],
          "safe": [
            -1
          ],
          "conflicts": []
        }
      }
    },
    "/unique_chucks/4/0xa97ff44cff7101fac76af172f088f400f28cb4e9.sol:SafeMath": {
      "results": {
        "TODReceiver": {
          "violations": [
            -1
          ],
          "warnings": [
            -1
          ],
          "safe": [
            -1
          ],
          "conflicts": []
        },
        "UnhandledException": {
          "violations": [],
          "warnings": [
            -1
          ],
          "safe": [],
          "conflicts": []
        },
        "TODTransfer": {
          "violations": [
            -1
          ],
          "warnings": [
            -1
          ],
          "safe": [
            -1
          ],
          "conflicts": []
        },
        "DAO": {
          "violations": [],
          "warnings": [],
          "safe": [],
          "conflicts": []
        },
        "TODAmount": {
          "violations": [
            -1
          ],
          "warnings": [],
          "safe": [
            -1
          ],
          "conflicts": []
        },
        "MissingInputValidation": {
          "violations": [],
          "warnings": [],
          "safe": [],
          "conflicts": []
        },
        "DAOConstantGas": {
          "violations": [],
          "warnings": [
            -1
          ],
          "safe": [],
          "conflicts": []
        },
        "UnrestrictedEtherFlow": {
          "violations": [],
          "warnings": [
            -1
          ],
          "safe": [
            -1
          ],
          "conflicts": []
        }
      }
    }
  }
}