{
  "contract": "0xd6e3e2393664efe22766e9e58fd13d8d13438984",
  "tool": "securify",
  "start": 1563626529.9382496,
  "end": 1563627323.776144,
  "duration": 793.8378944396973,
  "analysis": {
    "0xd6e3e2393664efe22766e9e58fd13d8d13438984": {
      "results": {
        "DAO": {
          "completed": true,
          "hasViolations": false,
          "hasWarnings": false,
          "hasSafe": false,
          "hasConflicts": false,
          "violations": [],
          "warnings": [],
          "safe": [],
          "conflicts": []
        },
        "DAOConstantGas": {
          "completed": true,
          "hasViolations": false,
          "hasWarnings": false,
          "hasSafe": true,
          "hasConflicts": false,
          "violations": [],
          "warnings": [],
          "safe": [
            2737,
            2737,
            2737,
            2737,
            2737,
            2737,
            2737
          ],
          "conflicts": []
        },
        "MissingInputValidation": {
          "completed": true,
          "hasViolations": true,
          "hasWarnings": true,
          "hasSafe": true,
          "hasConflicts": false,
          "violations": [
            2655,
            2447,
            2760,
            1894,
            2862,
            1912,
            1574,
            1410,
            2038,
            2424,
            1655,
            2655,
            2447,
            2760,
            1894,
            2862,
            1912,
            1574,
            1410,
            2038,
            2424,
            1655,
            1984,
            2655,
            2447,
            2760,
            1894,
            2862,
            1912,
            1574,
            1410,
            2038,
            2424,
            1655,
            1984,
            2655,
            2447,
            2760,
            1894,
            2862,
            1912,
            1574,
            1410,
            2038,
            2424,
            1655,
            1984,
            1100,
            2655,
            2447,
            2760,
            1894,
            2862,
            1912,
            1574,
            1410,
            2038,
            2424,
            1655,
            1984,
            1100,
            2655,
            2447,
            2760,
            1894,
            2862,
            1912,
            1574,
            1410,
            2038,
            2424,
            1655,
            1984,
            1100,
            1415
          ],
          "warnings": [
            2407,
            2682,
            2407,
            2682,
            2407,
            2682,
            2407,
            2682,
            2407,
            2682,
            2407,
            2682
          ],
          "safe": [
            1768,
            1782,
            2246,
            2241,
            2260,
            1451,
            2911,
            2383,
            1650,
            1889,
            1294,
            1768,
            1782,
            2246,
            2241,
            2260,
            1451,
            2911,
            2383,
            1650,
            1889,
            1294,
            1768,
            1782,
            2246,
            2241,
            2260,
            1451,
            2911,
            2383,
            1650,
            1889,
            1294,
            1176,
            1768,
            1782,
            2246,
            2241,
            2260,
            1451,
            2911,
            2383,
            1650,
            1889,
            1294,
            1176,
            1768,
            1782,
            2246,
            2241,
            2260,
            1451,
            2911,
            2383,
            1650,
            1889,
            1294,
            1176,
            1308,
            1768,
            1782,
            2246,
            2241,
            2260,
            1451,
            2911,
            2383,
            1650,
            1889,
            1294,
            1176,
            1308
          ],
          "conflicts": []
        },
        "TODAmount": {
          "completed": true,
          "hasViolations": false,
          "hasWarnings": true,
          "hasSafe": false,
          "hasConflicts": false,
          "violations": [],
          "warnings": [
            2737,
            2737,
            2737,
            2737,
            2737,
            2737
          ],
          "safe": [],
          "conflicts": []
        },
        "TODReceiver": {
          "completed": true,
          "hasViolations": false,
          "hasWarnings": false,
          "hasSafe": true,
          "hasConflicts": false,
          "violations": [],
          "warnings": [],
          "safe": [
            2737,
            2737,
            2737,
            2737,
            2737,
            2737
          ],
          "conflicts": []
        },
        "TODTransfer": {
          "completed": true,
          "hasViolations": false,
          "hasWarnings": false,
          "hasSafe": true,
          "hasConflicts": false,
          "violations": [],
          "warnings": [],
          "safe": [
            2737,
            2737,
            2737,
            2737,
            2737,
            2737
          ],
          "conflicts": []
        },
        "UnhandledException": {
          "completed": true,
          "hasViolations": false,
          "hasWarnings": false,
          "hasSafe": true,
          "hasConflicts": false,
          "violations": [],
          "warnings": [],
          "safe": [
            2623,
            2737,
            2623,
            2737,
            2623,
            2737,
            2623,
            2737,
            2623,
            2737,
            2623,
            2737
          ],
          "conflicts": []
        },
        "UnrestrictedEtherFlow": {
          "completed": true,
          "hasViolations": false,
          "hasWarnings": true,
          "hasSafe": true,
          "hasConflicts": false,
          "violations": [],
          "warnings": [
            2737,
            2737,
            2737,
            2737,
            2737,
            2737
          ],
          "safe": [
            2623,
            2623,
            2623,
            2623,
            2623,
            2623
          ],
          "conflicts": []
        }
      }
    }
  }
}