{
  "contract": "0x9ece55a903b9376f676f9c8fa30a23ec6c361b87",
  "tool": "securify",
  "start": 1563533740.6074398,
  "end": 1563534023.7319095,
  "duration": 283.1244697570801,
  "analysis": {
    "0x9ece55a903b9376f676f9c8fa30a23ec6c361b87": {
      "results": {
        "DAO": {
          "completed": true,
          "hasViolations": false,
          "hasWarnings": false,
          "hasSafe": false,
          "hasConflicts": false,
          "violations": [],
          "warnings": [],
          "safe": [],
          "conflicts": []
        },
        "DAOConstantGas": {
          "completed": true,
          "hasViolations": false,
          "hasWarnings": false,
          "hasSafe": false,
          "hasConflicts": false,
          "violations": [],
          "warnings": [],
          "safe": [],
          "conflicts": []
        },
        "MissingInputValidation": {
          "completed": true,
          "hasViolations": true,
          "hasWarnings": true,
          "hasSafe": true,
          "hasConflicts": false,
          "violations": [
            3557,
            3557,
            2397,
            3557,
            2397,
            3557,
            2397,
            3557,
            2397,
            2013,
            3557,
            2397,
            2013,
            3557,
            2397,
            2013,
            3557,
            2397,
            2013,
            3557,
            2397,
            2013,
            3003,
            3557,
            2397,
            2013,
            3003
          ],
          "warnings": [
            2782,
            2782,
            2782,
            2782,
            2782
          ],
          "safe": [
            1328,
            1328,
            1328,
            1328,
            1512,
            1328,
            1512,
            2645,
            1328,
            1512,
            2645,
            1328,
            1512,
            2645,
            1328,
            1512,
            2645,
            3639,
            1328,
            1512,
            2645,
            3639,
            2659,
            1328,
            1512,
            2645,
            3639,
            2659,
            1328,
            1512,
            2645,
            3639,
            2659,
            3584
          ],
          "conflicts": []
        },
        "TODAmount": {
          "completed": true,
          "hasViolations": false,
          "hasWarnings": false,
          "hasSafe": false,
          "hasConflicts": false,
          "violations": [],
          "warnings": [],
          "safe": [],
          "conflicts": []
        },
        "TODReceiver": {
          "completed": true,
          "hasViolations": false,
          "hasWarnings": false,
          "hasSafe": false,
          "hasConflicts": false,
          "violations": [],
          "warnings": [],
          "safe": [],
          "conflicts": []
        },
        "TODTransfer": {
          "completed": true,
          "hasViolations": false,
          "hasWarnings": false,
          "hasSafe": false,
          "hasConflicts": false,
          "violations": [],
          "warnings": [],
          "safe": [],
          "conflicts": []
        },
        "UnhandledException": {
          "completed": true,
          "hasViolations": false,
          "hasWarnings": false,
          "hasSafe": true,
          "hasConflicts": false,
          "violations": [],
          "warnings": [],
          "safe": [
            3179,
            3179
          ],
          "conflicts": []
        },
        "UnrestrictedEtherFlow": {
          "completed": true,
          "hasViolations": false,
          "hasWarnings": false,
          "hasSafe": true,
          "hasConflicts": false,
          "violations": [],
          "warnings": [],
          "safe": [
            3179,
            3179
          ],
          "conflicts": []
        }
      }
    }
  }
}