{
  "contract": "0x37b99aabab9e6d8fd70b4255623b2aa7eb92ec12",
  "tool": "securify",
  "start": 1563533892.6744416,
  "end": 1563535336.7980626,
  "duration": 1444.1236209869385,
  "analysis": {
    "/unique_chucks/10/0x37b99aabab9e6d8fd70b4255623b2aa7eb92ec12.sol:RocsOwnership": {
      "results": {
        "TODReceiver": {
          "violations": [
            -1
          ],
          "warnings": [
            85,
            120,
            -1,
            211,
            199,
            171
          ],
          "safe": [
            -1,
            37
          ],
          "conflicts": []
        },
        "UnhandledException": {
          "violations": [],
          "warnings": [
            85,
            120,
            -1,
            211,
            199,
            171,
            37
          ],
          "safe": [],
          "conflicts": []
        },
        "TODTransfer": {
          "violations": [],
          "warnings": [],
          "safe": [],
          "conflicts": [
            85,
            120,
            -1,
            211,
            199,
            171,
            37
          ]
        },
        "DAO": {
          "violations": [],
          "warnings": [],
          "safe": [],
          "conflicts": []
        },
        "TODAmount": {
          "violations": [
            120,
            -1,
            37
          ],
          "warnings": [],
          "safe": [
            85,
            -1,
            211,
            199,
            171
          ],
          "conflicts": [
            -1
          ]
        },
        "MissingInputValidation": {
          "violations": [
            123,
            99,
            130,
            75,
            2,
            1,
            132,
            232,
            134,
            125,
            94,
            243,
            221,
            215,
            261
          ],
          "warnings": [
            167,
            232,
            170,
            123,
            221,
            34,
            8,
            171,
            93,
            205,
            50,
            84,
            210,
            188,
            137,
            98,
            255,
            198,
            75
          ],
          "safe": [
            132,
            120
          ],
          "conflicts": []
        },
        "DAOConstantGas": {
          "violations": [
            -1,
            199
          ],
          "warnings": [
            85,
            120,
            -1,
            211,
            171
          ],
          "safe": [
            -1,
            37
          ],
          "conflicts": []
        },
        "UnrestrictedEtherFlow": {
          "violations": [],
          "warnings": [
            85,
            120,
            -1,
            211,
            199,
            171,
            37
          ],
          "safe": [],
          "conflicts": []
        }
      }
    },
    "/unique_chucks/10/0x37b99aabab9e6d8fd70b4255623b2aa7eb92ec12.sol:ERC721": {
      "results": {
        "TODReceiver": {
          "violations": [],
          "warnings": [],
          "safe": [],
          "conflicts": []
        },
        "UnhandledException": {
          "violations": [],
          "warnings": [],
          "safe": [],
          "conflicts": []
        },
        "TODTransfer": {
          "violations": [],
          "warnings": [],
          "safe": [],
          "conflicts": []
        },
        "DAO": {
          "violations": [],
          "warnings": [],
          "safe": [],
          "conflicts": []
        },
        "TODAmount": {
          "violations": [],
          "warnings": [],
          "safe": [],
          "conflicts": []
        },
        "MissingInputValidation": {
          "violations": [],
          "warnings": [],
          "safe": [],
          "conflicts": []
        },
        "DAOConstantGas": {
          "violations": [],
          "warnings": [],
          "safe": [],
          "conflicts": []
        },
        "UnrestrictedEtherFlow": {
          "violations": [],
          "warnings": [],
          "safe": [],
          "conflicts": []
        }
      }
    },
    "/unique_chucks/10/0x37b99aabab9e6d8fd70b4255623b2aa7eb92ec12.sol:Pausable": {
      "results": {
        "TODReceiver": {
          "violations": [],
          "warnings": [],
          "safe": [],
          "conflicts": []
        },
        "UnhandledException": {
          "violations": [],
          "warnings": [],
          "safe": [],
          "conflicts": []
        },
        "TODTransfer": {
          "violations": [],
          "warnings": [],
          "safe": [],
          "conflicts": []
        },
        "DAO": {
          "violations": [],
          "warnings": [],
          "safe": [],
          "conflicts": []
        },
        "TODAmount": {
          "violations": [],
          "warnings": [],
          "safe": [],
          "conflicts": []
        },
        "MissingInputValidation": {
          "violations": [],
          "warnings": [
            0,
            1,
            34,
            75,
            8,
            84,
            50
          ],
          "safe": [],
          "conflicts": []
        },
        "DAOConstantGas": {
          "violations": [],
          "warnings": [],
          "safe": [],
          "conflicts": []
        },
        "UnrestrictedEtherFlow": {
          "violations": [],
          "warnings": [],
          "safe": [],
          "conflicts": []
        }
      }
    },
    "/unique_chucks/10/0x37b99aabab9e6d8fd70b4255623b2aa7eb92ec12.sol:RocsBreeding": {
      "results": {
        "TODReceiver": {
          "violations": [],
          "warnings": [
            356,
            332
          ],
          "safe": [],
          "conflicts": []
        },
        "UnhandledException": {
          "violations": [],
          "warnings": [
            356,
            332
          ],
          "safe": [],
          "conflicts": []
        },
        "TODTransfer": {
          "violations": [],
          "warnings": [],
          "safe": [],
          "conflicts": [
            356,
            332
          ]
        },
        "DAO": {
          "violations": [],
          "warnings": [],
          "safe": [],
          "conflicts": []
        },
        "TODAmount": {
          "violations": [
            332
          ],
          "warnings": [],
          "safe": [
            356
          ],
          "conflicts": []
        },
        "MissingInputValidation": {
          "violations": [],
          "warnings": [],
          "safe": [],
          "conflicts": []
        },
        "DAOConstantGas": {
          "violations": [],
          "warnings": [
            356,
            332
          ],
          "safe": [],
          "conflicts": []
        },
        "UnrestrictedEtherFlow": {
          "violations": [],
          "warnings": [
            356,
            332
          ],
          "safe": [],
          "conflicts": []
        }
      }
    },
    "/unique_chucks/10/0x37b99aabab9e6d8fd70b4255623b2aa7eb92ec12.sol:Ownable": {
      "results": {
        "TODReceiver": {
          "violations": [],
          "warnings": [],
          "safe": [],
          "conflicts": []
        },
        "UnhandledException": {
          "violations": [],
          "warnings": [],
          "safe": [],
          "conflicts": []
        },
        "TODTransfer": {
          "violations": [],
          "warnings": [],
          "safe": [],
          "conflicts": []
        },
        "DAO": {
          "violations": [],
          "warnings": [],
          "safe": [],
          "conflicts": []
        },
        "TODAmount": {
          "violations": [],
          "warnings": [],
          "safe": [],
          "conflicts": []
        },
        "MissingInputValidation": {
          "violations": [],