{
  "contract": "0x303014ce11eed977b3fb26fe9ca9d2afe1ddcff7",
  "tool": "securify",
  "start": 1563579089.83418,
  "end": 1563580892.2773798,
  "duration": 1802.443199634552,
  "analysis": {
    "0x303014ce11eed977b3fb26fe9ca9d2afe1ddcff7": {
      "results": {
        "DAO": {
          "completed": true,
          "hasViolations": false,
          "hasWarnings": false,
          "hasSafe": false,
          "hasConflicts": false,
          "violations": [],
          "warnings": [],
          "safe": [],
          "conflicts": []
        },
        "DAOConstantGas": {
          "completed": true,
          "hasViolations": false,
          "hasWarnings": false,
          "hasSafe": false,
          "hasConflicts": false,
          "violations": [],
          "warnings": [],
          "safe": [],
          "conflicts": []
        },
        "MissingInputValidation": {
          "completed": true,
          "hasViolations": true,
          "hasWarnings": true,
          "hasSafe": true,
          "hasConflicts": false,
          "violations": [
            199,
            249,
            2062,
            1537,
            1241,
            1829,
            943,
            859,
            1333,
            905,
            1354,
            2083,
            1558,
            1850,
            821,
            1198,
            734,
            799,
            1226,
            1283,
            971,
            1028,
            199,
            249,
            2062,
            1537,
            1241,
            1829,
            943,
            859,
            1333,
            905,
            1354,
            2083,
            1558,
            1850,
            821,
            1198,
            734,
            799,
            1226,
            1283,
            971,
            1028,
            199,
            249,
            2062,
            1537,
            1241,
            1829,
            943,
            859,
            1333,
            905,
            1354,
            2083,
            1558,
            1850,
            821,
            1198,
            734,
            799,
            1226,
            1283,
            971,
            1028,
            199,
            249,
            2062,
            1537,
            1241,
            1829,
            943,
            859,
            1333,
            905,
            1354,
            2083,
            1558,
            1850,
            821,
            1198,
            734,
            799,
            1226,
            1283,
            971,
            1028,
            199,
            249,
            2062,
            1537,
            1241,
            1829,
            943,
            859,
            1333,
            905,
            1354,
            2083,
            1558,
            1850,
            821,
            1198,
            734,
            799,
            1226,
            1283,
            971,
            1028,
            199,
            249,
            2062,
            1537,
            1241,
            1829,
            943,
            859,
            1333,
            905,
            1354,
            2083,
            1558,
            1850,
            821,
            1198,
            734,
            799,
            1226,
            1283,
            971,
            1028,
            1804,
            199,
            249,
            2062,
            1537,
            1241,
            1829,
            943,
            859,
            1333,
            905,
            1354,
            2083,
            1558,
            1850,
            821,
            1198,
            734,
            799,
            1226,
            1283,
            971,
            1028,
            1804
          ],
          "warnings": [
            1781,
            1781,
            1781
          ],
          "safe": [
            226,
            191,
            444,
            276,
            240,
            232,
            1564,
            845,
            1647,
            935,
            2107,
            2198,
            1661,
            1236,
            1682,
            807,
            2128,
            1668,
            897,
            1585,
            105,
            119,
            416,
            302,
            402,
            288,
            189,
            1495,
            858,
            1419,
            2160,
            1055,
            957,
            1155,
            1169,
            791,
            1328,
            1992,
            1788,
            3456,
            226,
            191,
            444,
            276,
            240,
            232,
            1564,
            845,
            1647,
            935,
            2107,
            2198,
            1661,
            1236,
            1682,
            807,
            2128,
            1668,
            897,
            1585,
            105,
            119,
            416,
            302,
            402,
            288,
            189,
            1495,
            858,
            1419,
            2160,
            1055,
            957,
            1155,
            1169,
            791,
            1328,
            1992,
            1788,
            3456,
            1585,
            226,
            191,
            444,
            276,
            240,
            232,
            1564,
            845,
            1647,
            935,
            2107,
            2198,
            1661,
            1236,
            1682,
            807,
            2128,
            1668,
            897,
            1585,
            105,
            119,
            416,
            302,
            402,
            288,
            189,
            1495,
            858,
            1419,
            2160,
            1055,
            957,
            1155,
            1169,
            791,
            1328,
            1992,
            1788,
            3456,
            1585,
            2205,
            226,
            191,
            444,
            276,
            240,
            232,
            1564,
            845,
            1647,
            935,
            2107,
            2198,
            1661,
            1236,
            1682,
            807,
            2128,
            1668,
            897,
            1585,
            105,
            119,
            416,
            302,
            402,
            288,
            189,
            1495,
            858,
            1419,
            2160,
            1055,
            957,
            1155,
            1169,
            791,
            1328,
            1992,
            1788,
            3456,
            1585,
            2205,
            3624,
            226,
            191,
            444,
            276,
            240,
            232,
            1564,
            845,
            1647,
            935,
            2107,
            2198,
            1661,
            1236,
            1682,
            807,
            2128,
            1668,
            897,
            1585,
            105,
            119,
            416,
            302,
            402,
            288,
            189,
            1495,
            858,
            1419,
            2160,
            1055,
            957,
            1155,
            1169,
            791,
            1328,
            1992,
            1788,
            3456,
            1585,
            2205,
            3624,
            226,
            191,
            444,
            276,
            240,
            232,
            1564,
            845,
            1647,
            935,
            2107,
            2198,
            1661,
            1236,
            1682,
            807,
            2128,
            1668,
            897,
            1585,
            105,
            119,
            416,
