{
  "contract": "0x9636f9ac371ca0965b7c2b4ad13c4cc64d0ff2dc",
  "tool": "securify",
  "start": 1563539752.2766306,
  "end": 1563541556.674685,
  "duration": 1804.3980543613434,
  "analysis": {
    "0x9636f9ac371ca0965b7c2b4ad13c4cc64d0ff2dc": {
      "results": {
        "DAO": {
          "completed": true,
          "hasViolations": true,
          "hasWarnings": false,
          "hasSafe": false,
          "hasConflicts": false,
          "violations": [
            1942,
            1942,
            1942,
            1942,
            1942,
            1942,
            1942,
            1942
          ],
          "warnings": [],
          "safe": [],
          "conflicts": []
        },
        "DAOConstantGas": {
          "completed": true,
          "hasViolations": false,
          "hasWarnings": false,
          "hasSafe": false,
          "hasConflicts": false,
          "violations": [],
          "warnings": [],
          "safe": [],
          "conflicts": []
        },
        "MissingInputValidation": {
          "completed": true,
          "hasViolations": true,
          "hasWarnings": false,
          "hasSafe": true,
          "hasConflicts": false,
          "violations": [
            2144,
            1613,
            2477,
            1590,
            4630,
            2375,
            3221,
            2416,
            2508,
            2238,
            1233,
            2144,
            1613,
            2477,
            1590,
            4630,
            2375,
            3221,
            2416,
            2508,
            2238,
            1233,
            691,
            2144,
            1613,
            2477,
            1590,
            4630,
            2375,
            3221,
            2416,
            2508,
            2238,
            1233,
            691,
            2144,
            1613,
            2477,
            1590,
            4630,
            2375,
            3221,
            2416,
            2508,
            2238,
            1233,
            691,
            2144,
            1613,
            2477,
            1590,
            4630,
            2375,
            3221,
            2416,
            2508,
            2238,
            1233,
            691,
            2144,
            1613,
            2477,
            1590,
            4630,
            2375,
            3221,
            2416,
            2508,
            2238,
            1233,
            691,
            2144,
            1613,
            2477,
            1590,
            4630,
            2375,
            3221,
            2416,
            2508,
            2238,
            1233,
            691,
            2144,
            1613,
            2477,
            1590,
            4630,
            2375,
            3221,
            2416,
            2508,
            2238,
            1233,
            691,
            441
          ],
          "warnings": [],
          "safe": [
            55,
            126,
            211,
            244,
            197,
            464,
            287,
            372,
            497,
            210,
            301,
            450,
            3207,
            1707,
            1721,
            7014,
            2300,
            2304,
            2504,
            5920,
            3321,
            2412,
            8456,
            4602,
            8347,
            2398,
            4616,
            8219,
            8387,
            4724,
            8302,
            6769,
            7530,
            55,
            126,
            211,
            244,
            197,
            464,
            287,
            372,
            497,
            210,
            301,
            450,
            3207,
            1707,
            1721,
            7014,
            2300,
            2304,
            2504,
            5920,
            3321,
            2412,
            8456,
            4602,
            8347,
            2398,
            4616,
            8219,
            8387,
            4724,
            8302,
            6769,
            7530,
            55,
            126,
            211,
            244,
            197,
            464,
            287,
            372,
            497,
            210,
            301,
            450,
            3207,
            1707,
            1721,
            7014,
            2300,
            2304,
            2504,
            5920,
            3321,
            2412,
            8456,
            4602,
            8347,
            2398,
            4616,
            8219,
            8387,
            4724,
            8302,
            6769,
            7530,
            1416,
            55,
            126,
            211,
            244,
            197,
            464,
            287,
            372,
            497,
            210,
            301,
            450,
            3207,
            1707,
            1721,
            7014,
            2300,
            2304,
            2504,
            5920,
            3321,
            2412,
            8456,
            4602,
            8347,
            2398,
            4616,
            8219,
            8387,
            4724,
            8302,
            6769,
            7530,
            1416,
            1200,
            55,
            126,
            211,
            244,
            197,
            464,
            287,
            372,
            497,
            210,
            301,
            450,
            3207,
            1707,
            1721,
            7014,
            2300,
            2304,
            2504,
            5920,
            3321,
            2412,
            8456,
            4602,
            8347,
            2398,
            4616,
            8219,
            8387,
            4724,
            8302,
            6769,
            7530,
            1416,
            1200,
            606,
            55,
            126,
            211,
            244,
            197,
            464,
            287,
            372,
            497,
            210,
            301,
            450,
            3207,
            1707,
            1721,
            7014,
            2300,
            2304,
            2504,
            5920,
            3321,
            2412,
            8456,
            4602,
            8347,
            2398,
            4616,
            8219,
            8387,
            4724,
            8302,
            6769,
            7530,
            1416,
            1200,
            606,
            677,
            55,
            126,
            211,
            244,
            197,
            464,
            287,
            372,
            497,
            210,
            301,
            450,
            3207,
            1707,
            1721,
            7014,
            2300,
            2304,
            2504,
            5920,
            3321,
            2412,
            8456,
            4602,
            8347,
            2398,
            4616,
            8219,
            8387,
            4724,
            8302,
            6769,
            7530,
            1416,
            1200,
            606,
            677,
            1293,
            55,
            126,
            211,
            244,
            197,
            464,
            287,
            372,
            497,
            210,
            301,
            450,
            3207,
            1707,
            1721,
            7014,
            2300,
            2304,
            2504,
            5920,
            3321,
            2412,
            8456,
            4602,
            8347,
            2398,
            4616,
            8219,
            8387,
            4724,
            8302,
            6769,
            7530,
            1416,
            1200,
            606,
            677,
            1293
