{
  "contract": "0xab02f8275ddf77a2a99b5c72c88c39767fbda59e",
  "tool": "securify",
  "start": 1563637450.3602612,
  "end": 1563639252.3342328,
  "duration": 1801.973971605301,
  "analysis": {
    "0xab02f8275ddf77a2a99b5c72c88c39767fbda59e": {
      "results": {
        "DAO": {
          "completed": true,
          "hasViolations": false,
          "hasWarnings": false,
          "hasSafe": false,
          "hasConflicts": false,
          "violations": [],
          "warnings": [],
          "safe": [],
          "conflicts": []
        },
        "DAOConstantGas": {
          "completed": true,
          "hasViolations": false,
          "hasWarnings": false,
          "hasSafe": true,
          "hasConflicts": false,
          "violations": [],
          "warnings": [],
          "safe": [
            1657,
            1308,
            1657,
            1308,
            1657,
            1308,
            1657,
            1308,
            1657,
            1308,
            1657,
            1308,
            1657,
            1308,
            1657,
            1308,
            1657,
            1308
          ],
          "conflicts": []
        },
        "MissingInputValidation": {
          "completed": true,
          "hasViolations": true,
          "hasWarnings": true,
          "hasSafe": true,
          "hasConflicts": false,
          "violations": [
            830,
            911,
            1038,
            1196,
            1298,
            1280,
            1046,
            1641,
            965,
            1822,
            1409,
            2235,
            2180,
            1490,
            1840,
            1060,
            1141,
            1512,
            1694,
            830,
            911,
            1038,
            1196,
            1298,
            1280,
            1046,
            1641,
            965,
            1822,
            1409,
            2235,
            2180,
            1490,
            1840,
            1060,
            1141,
            1512,
            1694,
            830,
            911,
            1038,
            1196,
            1298,
            1280,
            1046,
            1641,
            965,
            1822,
            1409,
            2235,
            2180,
            1490,
            1840,
            1060,
            1141,
            1512,
            1694,
            830,
            911,
            1038,
            1196,
            1298,
            1280,
            1046,
            1641,
            965,
            1822,
            1409,
            2235,
            2180,
            1490,
            1840,
            1060,
            1141,
            1512,
            1694,
            896,
            830,
            911,
            1038,
            1196,
            1298,
            1280,
            1046,
            1641,
            965,
            1822,
            1409,
            2235,
            2180,
            1490,
            1840,
            1060,
            1141,
            1512,
            1694,
            896,
            1104,
            830,
            911,
            1038,
            1196,
            1298,
            1280,
            1046,
            1641,
            965,
            1822,
            1409,
            2235,
            2180,
            1490,
            1840,
            1060,
            1141,
            1512,
            1694,
            896,
            1104,
            1290,
            830,
            911,
            1038,
            1196,
            1298,
            1280,
            1046,
            1641,
            965,
            1822,
            1409,
            2235,
            2180,
            1490,
            1840,
            1060,
            1141,
            1512,
            1694,
            896,
            1104,
            1290,
            1245,
            830,
            911,
            1038,
            1196,
            1298,
            1280,
            1046,
            1641,
            965,
            1822,
            1409,
            2235,
            2180,
            1490,
            1840,
            1060,
            1141,
            1512,
            1694,
            896,
            1104,
            1290,
            1245,
            830,
            911,
            1038,
            1196,
            1298,
            1280,
            1046,
            1641,
            965,
            1822,
            1409,
            2235,
            2180,
            1490,
            1840,
            1060,
            1141,
            1512,
            1694,
            896,
            1104,
            1290,
            1245
          ],
          "warnings": [
            1179,
            1624,
            2208,
            1667,
            1179,
            1624,
            2208,
            1667,
            1179,
            1624,
            2208,
            1667,
            1179,
            1624,
            2208,
            1667,
            1179,
            1624,
            2208,
            1667,
            1179,
            1624,
            2208,
            1667,
            1179,
            1624,
            2208,
            1667,
            1179,
            1624,
            2208,
            1667,
            1273,
            1179,
            1624,
            2208,
            1667,
            1273
          ],