{
  "contract": "0x00c8decc1ca373a99f1c2a341be50f03d35e03e7",
  "tool": "securify",
  "start": 1563510624.7668343,
  "end": 1563512426.8487184,
  "duration": 1802.0818841457367,
  "analysis": {
    "0x00c8decc1ca373a99f1c2a341be50f03d35e03e7": {
      "results": {
        "DAO": {
          "completed": true,
          "hasViolations": false,
          "hasWarnings": false,
          "hasSafe": false,
          "hasConflicts": false,
          "violations": [],
          "warnings": [],
          "safe": [],
          "conflicts": []
        },
        "DAOConstantGas": {
          "completed": true,
          "hasViolations": false,
          "hasWarnings": false,
          "hasSafe": false,
          "hasConflicts": false,
          "violations": [],
          "warnings": [],
          "safe": [],
          "conflicts": []
        },
        "MissingInputValidation": {
          "completed": true,
          "hasViolations": true,
          "hasWarnings": true,
          "hasSafe": true,
          "hasConflicts": false,
          "violations": [
            1751,
            1551,
            1108,
            1706,
            1189,
            1196,
            1038,
            830,
            911,
            1298,
            965,
            1046,
            1280,
            1641,
            1861,
            2242,
            2292,
            1546,
            1879,
            2219,
            1627,
            896,
            1751,
            1551,
            1108,
            1706,
            1189,
            1196,
            1038,
            830,
            911,
            1298,
            965,
            1046,
            1280,
            1641,
            1861,
            2242,
            2292,
            1546,
            1879,
            2219,
            1627,
            896,
            1751,
            1551,
            1108,
            1706,
            1189,
            1196,
            1038,
            830,
            911,
            1298,
            965,
            1046,
            1280,
            1641,
            1861,
            2242,
            2292,
            1546,
            1879,
            2219,
            1627,
            896,
            1751,
            1551,
            1108,
            1706,
            1189,
            1196,
            1038,
            830,
            911,
            1298,
            965,
            1046,
            1280,
            1641,
            1861,
            2242,
            2292,
            1546,
            1879,
            2219,
            1627,
            896,
            1104,
            1751,
            1551,
            1108,
            1706,
            1189,
            1196,
            1038,
            830,
            911,
            1298,
            965,
            1046,
            1280,
            1641,
            1861,
            2242,
            2292,
            1546,
            1879,
            2219,
            1627,
            896,
            1104,
            1245,
            1751,
            1551,
            1108,
            1706,
            1189,
            1196,
            1038,
            830,
            911,
            1298,
            965,
            1046,
            1280,
            1641,
            1861,
            2242,
            2292,
            1546,
            1879,
            2219,
            1627,
            896,
            1104,
            1245,
            1290,
            1751,
            1551,
            1108,
            1706,
            1189,
            1196,
            1038,
            830,
            911,
            1298,
            965,
            1046,
            1280,
            1641,
            1861,
            2242,
            2292,
            1546,
            1879,
            2219,
            1627,
            896,
            1104,
            1245,
            1290,
            1751,
            1551,
            1108,
            1706,
            1189,
            1196,
            1038,
            830,
            911,
            1298,
            965,
            1046,
            1280,
            1641,
            1861,
            2242,
            2292,
            1546,
            1879,
            2219,
            1627,
            896,
            1104,
            1245,
            1290,
            1751,
            1551,
            1108,
            1706,
            1189,
            1196,
            1038,
            830,
            911,
            1298,
            965,
            1046,
            1280,
            1641,
            1861,
            2242,
            2292,
            1546,
            1879,
            2219,
            1627,
            896,
            1104,
            1245,
            1290,
            977,
            1751,
            1551,
            1108,
            1706,
            1189,
            1196,
            1038,
            830,
            911,
            1298,
            965,
            1046,
            1280,
            1641,
            1861,
            2242,
            2292,
            1546,
            1879,
            2219,
            1627,
            896,
            1104,
            1245,
            1290,
            977
          ],
          "warnings": [
            1729,
            1179,
            1624,
            2270,
            1729,
            1179,
            1624,
            2270,
            1729,
            1179,
            1624,
            2270,
            1729,
            1179,
            1624,
            2270,
            1729,
            1179,
            1624,
            2270,
            1729,
            1179,
            1624,
            2270,
            1729,
            1179,
            1624,
            2270,
            1273,
            1729,
            1179,
            1624,
            2270,
            1273,
            1729,
            1179,
            1624,
            2270,
            1273,
            1729,
            1179,
            1624,
            2270,
            1273
          ],