{
  "contract": "0xe3f64dc522a66405c51d96aae234217a03502bb4",
  "tool": "securify",
  "start": 1563482117.769736,
  "end": 1563482491.7272093,
  "duration": 373.95747327804565,
  "analysis": {
    "0xe3f64dc522a66405c51d96aae234217a03502bb4": {
      "results": {
        "DAO": {
          "completed": true,
          "hasViolations": false,
          "hasWarnings": false,
          "hasSafe": false,
          "hasConflicts": false,
          "violations": [],
          "warnings": [],
          "safe": [],
          "conflicts": []
        },
        "DAOConstantGas": {
          "completed": true,
          "hasViolations": false,
          "hasWarnings": false,
          "hasSafe": true,
          "hasConflicts": false,
          "violations": [],
          "warnings": [],
          "safe": [
            1909,
            1431,
            1909,
            1431,
            1909,
            1431,
            1909,
            1431,
            1909,
            1431
          ],
          "conflicts": []
        },
        "MissingInputValidation": {
          "completed": true,
          "hasViolations": true,
          "hasWarnings": true,
          "hasSafe": true,
          "hasConflicts": false,
          "violations": [
            978,
            1489,
            1059,
            1937,
            978,
            1489,
            1059,
            1937,
            419,
            978,
            1489,
            1059,
            1937,
            419,
            500,
            978,
            1489,
            1059,
            1937,
            419,
            500,
            771
          ],
          "warnings": [
            1542,
            1542,
            1542,
            1542
          ],
          "safe": [
            1516,
            1054,
            1475,
            957,
            1719,
            1466,
            1982,
            1470,
            1521,
            1330,
            495,
            1516,
            1054,
            1475,
            957,
            1719,
            1466,
            1982,
            1470,
            1521,
            1330,
            495,
            1516,
            1054,
            1475,
            957,
            1719,
            1466,
            1982,
            1470,
            1521,
            1330,
            495,
            1516,
            1054,
            1475,
            957,
            1719,
            1466,
            1982,
            1470,
            1521,
            1330,
            495
          ],
          "conflicts": []
        },
        "TODAmount": {
          "completed": true,
          "hasViolations": true,
          "hasWarnings": false,
          "hasSafe": false,
          "hasConflicts": true,
          "violations": [
            1909,
            1909,
            1909,
            1909
          ],
          "warnings": [],
          "safe": [],
          "conflicts": [
            1431,
            1431,
            1431,
            1431
          ]
        },
        "TODReceiver": {
          "completed": true,
          "hasViolations": false,
          "hasWarnings": false,
          "hasSafe": true,
          "hasConflicts": false,
          "violations": [],
          "warnings": [],
          "safe": [
            1909,
            1431,
            1909,
            1431,
            1909,
            1431,
            1909,
            1431
          ],
          "conflicts": []
        },
        "TODTransfer": {
          "completed": true,
          "hasViolations": true,
          "hasWarnings": true,
          "hasSafe": false,
          "hasConflicts": false,
          "violations": [
            1909,
            1909,
            1909,
            1909
          ],
          "warnings": [
            1431,
            1431,
            1431,
            1431
          ],
          "safe": [],
          "conflicts": []
        },
        "UnhandledException": {
          "completed": true,
          "hasViolations": false,
          "hasWarnings": false,
          "hasSafe": true,
          "hasConflicts": false,
          "violations": [],
          "warnings": [],
          "safe": [
            1909,
            1431,
            1909,
            1431,
            1909,
            1431,
            1909,
            1431
          ],
          "conflicts": []
        },
        "UnrestrictedEtherFlow": {
          "completed": true,
          "hasViolations": false,
          "hasWarnings": true,
          "hasSafe": false,
          "hasConflicts": false,
          "violations": [],
          "warnings": [
            1909,
            1431,
            1909,
            1431,
            1909,
            1431,
            1909,
            1431
          ],
          "safe": [],
          "conflicts": []
        }
      }
    }
  }
}