{
  "contract": "0x76dc101cf28c5268f9562a281e9b720b7b7d6e2d",
  "tool": "securify",
  "start": 1563770741.902338,
  "end": 1563771483.1671638,
  "duration": 741.2648258209229,
  "analysis": {
    "/unique_chucks/44/0x76dc101cf28c5268f9562a281e9b720b7b7d6e2d.sol:ShortOrder": {
      "results": {
        "TODReceiver": {
          "violations": [],
          "warnings": [
            169,
            259,
            284,
            198
          ],
          "safe": [],
          "conflicts": [
            232,
            207
          ]
        },
        "UnhandledException": {
          "violations": [],
          "warnings": [
            336,
            328,
            165,
            169,
            123,
            96,
            255,
            146,
            189,
            279,
            229,
            259,
            232,
            207,
            284,
            103,
            233,
            198,
            199
          ],
          "safe": [],
          "conflicts": []
        },
        "TODTransfer": {
          "violations": [],
          "warnings": [
            169,
            259,
            284,
            198
          ],
          "safe": [],
          "conflicts": [
            232,
            207
          ]
        },
        "DAO": {
          "violations": [],
          "warnings": [],
          "safe": [],
          "conflicts": []
        },
        "TODAmount": {
          "violations": [],
          "warnings": [
            169,
            232,
            207,
            198
          ],
          "safe": [
            259,
            284
          ],
          "conflicts": []
        },
        "MissingInputValidation": {
          "violations": [],
          "warnings": [],
          "safe": [],
          "conflicts": []
        },
        "DAOConstantGas": {
          "violations": [
            169,
            259,
            207,
            284
          ],
          "warnings": [
            232,
            198
          ],
          "safe": [],
          "conflicts": []
        },
        "UnrestrictedEtherFlow": {
          "violations": [],
          "warnings": [
            336,
            328,
            165,
            123,
            96,
            255,
            146,
            189,
            279,
            229,
            259,
            232,
            207,
            103,
            233,
            199
          ],
          "safe": [
            169,
            284,
            198
          ],
          "conflicts": []
        }
      }
    },
    "/unique_chucks/44/0x76dc101cf28c5268f9562a281e9b720b7b7d6e2d.sol:SafeMath": {
      "results": {
        "TODReceiver": {
          "violations": [],
          "warnings": [],
          "safe": [],
          "conflicts": []
        },
        "UnhandledException": {
          "violations": [],
          "warnings": [],
          "safe": [],
          "conflicts": []
        },
        "TODTransfer": {
          "violations": [],
          "warnings": [],
          "safe": [],
          "conflicts": []
        },
        "DAO": {
          "violations": [],
          "warnings": [],
          "safe": [],
          "conflicts": []
        },
        "TODAmount": {
          "violations": [],
          "warnings": [],
          "safe": [],
          "conflicts": []
        },
        "MissingInputValidation": {
          "violations": [],
          "warnings": [],
          "safe": [],
          "conflicts": []
        },
        "DAOConstantGas": {
          "violations": [],
          "warnings": [],
          "safe": [],
          "conflicts": []
        },
        "UnrestrictedEtherFlow": {
          "violations": [],
          "warnings": [],
          "safe": [],
          "conflicts": []
        }
      }
    },
    "/unique_chucks/44/0x76dc101cf28c5268f9562a281e9b720b7b7d6e2d.sol:Token": {
      "results": {
        "TODReceiver": {
          "violations": [],
          "warnings": [
            -1
          ],
          "safe": [],
          "conflicts": [
            -1
          ]
        },
        "UnhandledException": {
          "violations": [],
          "warnings": [
            -1
          ],
          "safe": [],
          "conflicts": []
        },
        "TODTransfer": {
          "violations": [],
          "warnings": [
            -1
          ],
          "safe": [],
          "conflicts": [
            -1
          ]
        },
        "DAO": {
          "violations": [],
          "warnings": [],
          "safe": [],
          "conflicts": []
        },
        "TODAmount": {
          "violations": [],
          "warnings": [
            -1
          ],
          "safe": [
            -1
          ],
          "conflicts": []
        },
        "MissingInputValidation": {
          "violations": [],
          "warnings": [],
          "safe": [],
          "conflicts": []
        },
        "DAOConstantGas": {
          "violations": [
            -1
          ],
          "warnings": [
            -1
          ],
          "safe": [],
          "conflicts": []
        },
        "UnrestrictedEtherFlow": {
          "violations": [],
          "warnings": [
            -1
          ],
          "safe": [
            -1
          ],
          "conflicts": []
        }
      }
    }
  }
}