{
  "contract": "0x2197ecc5fa5cdbd0dc0280e6a6d7d4ea4f5453f8",
  "tool": "securify",
  "start": 1563642790.5009406,
  "end": 1563643051.0426905,
  "duration": 260.54174995422363,
  "analysis": {
    "0x2197ecc5fa5cdbd0dc0280e6a6d7d4ea4f5453f8": {
      "results": {
        "DAO": {
          "completed": true,
          "hasViolations": false,
          "hasWarnings": false,
          "hasSafe": false,
          "hasConflicts": false,
          "violations": [],
          "warnings": [],
          "safe": [],
          "conflicts": []
        },
        "DAOConstantGas": {
          "completed": true,
          "hasViolations": false,
          "hasWarnings": false,
          "hasSafe": false,
          "hasConflicts": false,
          "violations": [],
          "warnings": [],
          "safe": [],
          "conflicts": []
        },
        "MissingInputValidation": {
          "completed": true,
          "hasViolations": true,
          "hasWarnings": false,
          "hasSafe": true,
          "hasConflicts": false,
          "violations": [
            2078,
            2078,
            2078,
            1453,
            2078,
            1453,
            2217
          ],
          "warnings": [],
          "safe": [
            1330,
            1330,
            1950,
            1330,
            1950,
            1955,
            1330,
            1950,
            1955,
            1529,
            1330,
            1950,
            1955,
            1529,
            1534,
            1330,
            1950,
            1955,
            1529,
            1534,
            1795,
            1330,
            1950,
            1955,
            1529,
            1534,
            1795,
            1330,
            1950,
            1955,
            1529,
            1534,
            1795,
            1781,
            1330,
            1950,
            1955,
            1529,
            1534,
            1795,
            1781,
            1330,
            1950,
            1955,
            1529,
            1534,
            1795,
            1781
          ],
          "conflicts": []
        },
        "TODAmount": {
          "completed": true,
          "hasViolations": false,
          "hasWarnings": false,
          "hasSafe": false,
          "hasConflicts": false,
          "violations": [],
          "warnings": [],
          "safe": [],
          "conflicts": []
        },
        "TODReceiver": {
          "completed": true,
          "hasViolations": false,
          "hasWarnings": false,
          "hasSafe": false,
          "hasConflicts": false,
          "violations": [],
          "warnings": [],
          "safe": [],
          "conflicts": []
        },
        "TODTransfer": {
          "completed": true,
          "hasViolations": false,
          "hasWarnings": false,
          "hasSafe": false,
          "hasConflicts": false,
          "violations": [],
          "warnings": [],
          "safe": [],
          "conflicts": []
        },
        "UnhandledException": {
          "completed": true,
          "hasViolations": false,
          "hasWarnings": false,
          "hasSafe": true,
          "hasConflicts": false,
          "violations": [],
          "warnings": [],
          "safe": [
            2442
          ],
          "conflicts": []
        },
        "UnrestrictedEtherFlow": {
          "completed": true,
          "hasViolations": false,
          "hasWarnings": false,
          "hasSafe": true,
          "hasConflicts": false,
          "violations": [],
          "warnings": [],
          "safe": [
            2442
          ],
          "conflicts": []
        }
      }
    }
  }
}