{
  "contract": "0xd71e21055f4b0ff413f5fa826b79c511a10bae6c",
  "tool": "securify",
  "start": 1563578880.9308195,
  "end": 1563579556.9307559,
  "duration": 675.9999363422394,
  "analysis": {
    "0xd71e21055f4b0ff413f5fa826b79c511a10bae6c": {
      "results": {
        "DAO": {
          "completed": true,
          "hasViolations": false,
          "hasWarnings": false,
          "hasSafe": false,
          "hasConflicts": false,
          "violations": [],
          "warnings": [],
          "safe": [],
          "conflicts": []
        },
        "DAOConstantGas": {
          "completed": true,
          "hasViolations": false,
          "hasWarnings": false,
          "hasSafe": false,
          "hasConflicts": false,
          "violations": [],
          "warnings": [],
          "safe": [],
          "conflicts": []
        },
        "MissingInputValidation": {
          "completed": true,
          "hasViolations": true,
          "hasWarnings": true,
          "hasSafe": true,
          "hasConflicts": false,
          "violations": [
            2524,
            2524,
            2524,
            2524,
            2524,
            2524,
            2316,
            2524,
            2316,
            1316,
            2524,
            2316,
            1316,
            2524,
            2316,
            1316,
            1605,
            2524,
            2316,
            1316,
            1605,
            1767,
            2524,
            2316,
            1316,
            1605,
            1767,
            1371,
            2524,
            2316,
            1316,
            1605,
            1767,
            1371,
            2524,
            2316,
            1316,
            1605,
            1767,
            1371
          ],
          "warnings": [
            2107,
            2107,
            2107,
            2107,
            2107,
            2107,
            2107,
            2107,
            2107
          ],
          "safe": [
            1970,
            1970,
            1984,
            1970,
            1984,
            2600,
            1970,
            1984,
            2600,
            1970,
            1984,
            2600,
            1970,
            1984,
            2600,
            1970,
            1984,
            2600,
            1193,
            1970,
            1984,
            2600,
            1193,
            1970,
            1984,
            2600,
            1193,
            1970,
            1984,
            2600,
            1193,
            1970,
            1984,
            2600,
            1193,
            1498,
            1970,
            1984,
            2600,
            1193,
            1498,
            1366
          ],
          "conflicts": []
        },
        "TODAmount": {
          "completed": true,
          "hasViolations": false,
          "hasWarnings": false,
          "hasSafe": false,
          "hasConflicts": false,
          "violations": [],
          "warnings": [],
          "safe": [],
          "conflicts": []
        },
        "TODReceiver": {
          "completed": true,
          "hasViolations": false,
          "hasWarnings": false,
          "hasSafe": false,
          "hasConflicts": false,
          "violations": [],
          "warnings": [],
          "safe": [],
          "conflicts": []
        },
        "TODTransfer": {
          "completed": true,
          "hasViolations": false,
          "hasWarnings": false,
          "hasSafe": false,
          "hasConflicts": false,
          "violations": [],
          "warnings": [],
          "safe": [],
          "conflicts": []
        },
        "UnhandledException": {
          "completed": true,
          "hasViolations": false,
          "hasWarnings": false,
          "hasSafe": true,
          "hasConflicts": false,
          "violations": [],
          "warnings": [],
          "safe": [
            2492,
            2492,
            2492,
            2492,
            2492,
            2492,
            2492,
            2492
          ],
          "conflicts": []
        },
        "UnrestrictedEtherFlow": {
          "completed": true,
          "hasViolations": false,
          "hasWarnings": false,
          "hasSafe": true,
          "hasConflicts": false,
          "violations": [],
          "warnings": [],
          "safe": [
            2492,
            2492,
            2492,
            2492,
            2492,
            2492,
            2492,
            2492
          ],
          "conflicts": []
        }
      }
    }
  }
}