{
  "contract": "0xd2f81cd7a20d60c0d558496c7169a20968389b40",
  "tool": "securify",
  "start": 1563463683.8131292,
  "end": 1563465488.9813147,
  "duration": 1805.1681854724884,
  "analysis": {
    "0xd2f81cd7a20d60c0d558496c7169a20968389b40": {
      "results": {
        "DAO": {
          "completed": true,
          "hasViolations": false,
          "hasWarnings": false,
          "hasSafe": true,
          "hasConflicts": false,
          "violations": [],
          "warnings": [],
          "safe": [
            3606,
            2759,
            3606,
            3606,
            3606,
            2759,
            3606,
            3606,
            3606,
            2759,
            3606,
            3606,
            3606,
            2759,
            3606,
            3606,
            3606,
            2759,
            3606,
            3606
          ],
          "conflicts": []
        },
        "DAOConstantGas": {
          "completed": true,
          "hasViolations": false,
          "hasWarnings": false,
          "hasSafe": true,
          "hasConflicts": false,
          "violations": [],
          "warnings": [],
          "safe": [
            3365,
            3465,
            3365,
            3465,
            1502,
            3365,
            3465,
            3365,
            3465,
            1502,
            3365,
            3465,
            3365,
            3465,
            1502,
            3365,
            3465,
            3365,
            3465,
            1502,
            3365,
            3465,
            3365,
            3465,
            1502
          ],
          "conflicts": []
        },
        "MissingInputValidation": {
          "completed": true,
          "hasViolations": true,
          "hasWarnings": false,
          "hasSafe": true,
          "hasConflicts": false,
          "violations": [
            2404,
            2041,
            1842,
            1066,
            1529,
            2335,
            964,
            2202,
            817,
            1407,
            780,
            1384,
            759,
            469,
            2404,
            2041,
            1842,
            1066,
            1529,
            2335,
            964,
            2202,
            817,
            1407,
            780,
            1384,
            759,
            469,
            2404,
            2041,
            1842,
            1066,
            1529,
            2335,
            964,
            2202,
            817,
            1407,
            780,
            1384,
            759,
            469,
            2404,
            2041,
            1842,
            1066,
            1529,
            2335,
            964,
            2202,
            817,
            1407,
            780,
            1384,
            759,
            469,
            2404,
            2041,
            1842,
            1066,
            1529,
            2335,
            964,
            2202,
            817,
            1407,
            780,
            1384,
            759,
            469
          ],
          "warnings": [],
          "safe": [
            2610,
            2780,
            3108,
            3000,
            1411,
            2701,
            3016,
            1524,
            1392,
            2027,
            2390,
            2369,
            1735,
            3537,
            998,
            1425,
            3051,
            3794,
            1406,
            3627,
            1730,
            1286,
            3704,
            3773,
            1263,
            803,
            1453,
            1544,
            1574,
            674,
            1370,
            962,
            472,
            231,
            351,
            458,
            337,
            638,
            503,
            609,
            807,
            614,
            745,
            633,
            793,
            628,
            105,
            119,
            351,
            2610,
            2780,
            3108,
            3000,
            1411,
            2701,
            3016,
            1524,
            1392,
            2027,
            2390,
            2369,
            1735,
            3537,
            998,
            1425,
            3051,
            3794,
            1406,
            3627,
            1730,
            1286,
            3704,
            3773,
            1263,
            803,
            1453,
            1544,
            1574,
            674,
            1370,
            962,
            472,
            231,
            351,
            458,
            337,
            638,
            503,
            609,
            807,
            614,
            745,
            633,
            793,
            628,
            105,
            119,
            351,
            231,
            2610,
            2780,
            3108,
            3000,
            1411,
            2701,
            3016,
            1524,
            1392,
            2027,
            2390,
            2369,
            1735,
            3537,
            998,
            1425,
            3051,
            3794,
            1406,
            3627,
            1730,
            1286,
            3704,
            3773,
            1263,
            803,
            1453,
            1544,
            1574,
            674,
            1370,
            962,
            472,
            231,
            351,
            458,
            337,
            638,
            503,
            609,
            807,
            614,
            745,
            633,
            793,
            628,
            105,
            119,
            351,
            231,
            337,
            2610,
            2780,
            3108,
            3000,
            1411,
            2701,
            3016,
            1524,
            1392,
            2027,
            2390,
            2369,
            1735,
            3537,
            998,
            1425,
            3051,
            3794,
            1406,
            3627,
            1730,
            1286,
            3704,
            3773,
            1263,
            803,
            1453,
            1544,
            1574,
            674,
            1370,
            962,
            472,
            231,
            351,
            458,
            337,
            638,
            503,
            609,
            807,
            614,
            745,
            633,
            793,
            628,
            105,
            119,
            351,
            231,
            337,
            458,
            2610,
            2780,
            3108,
            3000,
            1411,
            2701,
            3016,
            1524,
            1392,
            2027,
            2390,
            2369,
            1735,
            3537,
            998,
            1425,
            3051,
            3794,
            1406,
            3627,
            1730,
            1286,
            3704,
            3773,
            1263,
            803,
            1453,
            1544,
            1574,
            674,
            1370,
            962,
            472,
            231,
            351,
            458,
            337,
            638,
            503,
            609,
            807,
            614,
            745,
            633,
            793,
            628,
            105,
            119,
            351,
            231,
            337,
            458,
            472
          ],
          "conflicts": []
        },
        "TODAmount": {
          "completed": true,
          "hasViolations": true,
          "hasWarnings": true,
          "hasSafe": false,
          "hasConflicts": false,