{
  "contract": "0x5d034d0d0d98fb76192ef2ef27e197fcfd9386ec",
  "tool": "securify",
  "start": 1563475513.7081718,
  "end": 1563476087.472385,
  "duration": 573.7642130851746,
  "analysis": {
    "0x5d034d0d0d98fb76192ef2ef27e197fcfd9386ec": {
      "results": {
        "DAO": {
          "completed": true,
          "hasViolations": false,
          "hasWarnings": false,
          "hasSafe": false,
          "hasConflicts": false,
          "violations": [],
          "warnings": [],
          "safe": [],
          "conflicts": []
        },
        "DAOConstantGas": {
          "completed": true,
          "hasViolations": false,
          "hasWarnings": false,
          "hasSafe": false,
          "hasConflicts": false,
          "violations": [],
          "warnings": [],
          "safe": [],
          "conflicts": []
        },
        "MissingInputValidation": {
          "completed": true,
          "hasViolations": true,
          "hasWarnings": true,
          "hasSafe": true,
          "hasConflicts": false,
          "violations": [
            2533,
            2288,
            1473,
            1767,
            1528,
            2560,
            1909,
            2662,
            2265,
            1785,
            2533,
            2288,
            1473,
            1767,
            1528,
            2560,
            1909,
            2662,
            2265,
            1785,
            1079,
            2533,
            2288,
            1473,
            1767,
            1528,
            2560,
            1909,
            2662,
            2265,
            1785,
            1079,
            2533,
            2288,
            1473,
            1767,
            1528,
            2560,
            1909,
            2662,
            2265,
            1785,
            1079
          ],
          "warnings": [
            2496,
            2254,
            1712,
            2496,
            2254,
            1712,
            2496,
            2254,
            1712,
            2496,
            2254,
            1712
          ],
          "safe": [
            2131,
            1641,
            1762,
            1523,
            1350,
            2112,
            1655,
            2117,
            2711,
            2131,
            1641,
            1762,
            1523,
            1350,
            2112,
            1655,
            2117,
            2711,
            2131,
            1641,
            1762,
            1523,
            1350,
            2112,
            1655,
            2117,
            2711,
            956,
            2131,
            1641,
            1762,
            1523,
            1350,
            2112,
            1655,
            2117,
            2711,
            956,
            1247
          ],
          "conflicts": []
        },
        "TODAmount": {
          "completed": true,
          "hasViolations": false,
          "hasWarnings": false,
          "hasSafe": false,
          "hasConflicts": false,
          "violations": [],
          "warnings": [],
          "safe": [],
          "conflicts": []
        },
        "TODReceiver": {
          "completed": true,
          "hasViolations": false,
          "hasWarnings": false,
          "hasSafe": false,
          "hasConflicts": false,
          "violations": [],
          "warnings": [],
          "safe": [],
          "conflicts": []
        },
        "TODTransfer": {
          "completed": true,
          "hasViolations": false,
          "hasWarnings": false,
          "hasSafe": false,
          "hasConflicts": false,
          "violations": [],
          "warnings": [],
          "safe": [],
          "conflicts": []
        },
        "UnhandledException": {
          "completed": true,
          "hasViolations": false,
          "hasWarnings": false,
          "hasSafe": true,
          "hasConflicts": false,
          "violations": [],
          "warnings": [],
          "safe": [
            2464,
            2464,
            2464,
            2464
          ],
          "conflicts": []
        },
        "UnrestrictedEtherFlow": {
          "completed": true,
          "hasViolations": false,
          "hasWarnings": false,
          "hasSafe": true,
          "hasConflicts": false,
          "violations": [],
          "warnings": [],
          "safe": [
            2464,
            2464,
            2464,
            2464
          ],
          "conflicts": []
        }
      }
    }
  }
}