{
  "contract": "0xc14971b19a39327c032ccffbd1b714c0f886dc76",
  "tool": "securify",
  "start": 1563744143.4028058,
  "end": 1563744240.6231735,
  "duration": 97.2203676700592,
  "analysis": {
    "/unique_chucks/41/0xc14971b19a39327c032ccffbd1b714c0f886dc76.sol:Artwork": {
      "results": {
        "TODReceiver": {
          "violations": [
            328,
            295,
            296,
            350
          ],
          "warnings": [
            370,
            351
          ],
          "safe": [
            297,
            352
          ],
          "conflicts": []
        },
        "UnhandledException": {
          "violations": [],
          "warnings": [
            328,
            370,
            295,
            296,
            297,
            350,
            351,
            352,
            301,
            356
          ],
          "safe": [],
          "conflicts": []
        },
        "TODTransfer": {
          "violations": [],
          "warnings": [],
          "safe": [],
          "conflicts": [
            328,
            370,
            295,
            296,
            297,
            350,
            351,
            352
          ]
        },
        "DAO": {
          "violations": [],
          "warnings": [],
          "safe": [],
          "conflicts": []
        },
        "TODAmount": {
          "violations": [
            328,
            370,
            350,
            351,
            352
          ],
          "warnings": [],
          "safe": [
            295,
            296,
            297
          ],
          "conflicts": []
        },
        "MissingInputValidation": {
          "violations": [],
          "warnings": [],
          "safe": [],
          "conflicts": []
        },
        "DAOConstantGas": {
          "violations": [
            370,
            295,
            296,
            297,
            350,
            351,
            352
          ],
          "warnings": [],
          "safe": [
            328
          ],
          "conflicts": []
        },
        "UnrestrictedEtherFlow": {
          "violations": [],
          "warnings": [
            370,
            350,
            351,
            352,
            301,
            356
          ],
          "safe": [
            328,
            295,
            296,
            297
          ],
          "conflicts": []
        }
      }
    },
    "/unique_chucks/41/0xc14971b19a39327c032ccffbd1b714c0f886dc76.sol:Interface": {
      "results": {
        "TODReceiver": {
          "violations": [
            -1
          ],
          "warnings": [
            -1
          ],
          "safe": [
            -1
          ],
          "conflicts": []
        },
        "UnhandledException": {
          "violations": [],
          "warnings": [
            -1
          ],
          "safe": [],
          "conflicts": []
        },
        "TODTransfer": {
          "violations": [],
          "warnings": [],
          "safe": [],
          "conflicts": [
            -1
          ]
        },
        "DAO": {
          "violations": [],
          "warnings": [],
          "safe": [],
          "conflicts": []
        },
        "TODAmount": {
          "violations": [
            -1
          ],
          "warnings": [],
          "safe": [
            -1
          ],
          "conflicts": []
        },
        "MissingInputValidation": {
          "violations": [],
          "warnings": [],
          "safe": [],
          "conflicts": []
        },
        "DAOConstantGas": {
          "violations": [
            -1
          ],
          "warnings": [],
          "safe": [
            -1
          ],
          "conflicts": []
        },
        "UnrestrictedEtherFlow": {
          "violations": [],
          "warnings": [
            -1
          ],
          "safe": [
            -1
          ],
          "conflicts": []
        }
      }
    }
  }
}