{
  "contract": "0x88b4cb056467cdd50e1760d309b18139ce31b3c5",
  "tool": "securify",
  "start": 1563649761.1808875,
  "end": 1563650511.7730837,
  "duration": 750.59219622612,
  "analysis": {
    "/unique_chucks/27/0x88b4cb056467cdd50e1760d309b18139ce31b3c5.sol:ReserveToken": {
      "results": {
        "TODReceiver": {
          "violations": [
            162,
            181,
            308
          ],
          "warnings": [
            109,
            134
          ],
          "safe": [],
          "conflicts": []
        },
        "UnhandledException": {
          "violations": [],
          "warnings": [
            109,
            162,
            181,
            308,
            134
          ],
          "safe": [],
          "conflicts": []
        },
        "TODTransfer": {
          "violations": [
            109,
            162,
            181,
            308,
            134
          ],
          "warnings": [],
          "safe": [],
          "conflicts": []
        },
        "DAO": {
          "violations": [],
          "warnings": [],
          "safe": [],
          "conflicts": []
        },
        "TODAmount": {
          "violations": [
            109,
            181,
            308
          ],
          "warnings": [
            162
          ],
          "safe": [],
          "conflicts": [
            134
          ]
        },
        "MissingInputValidation": {
          "violations": [
            289,
            35,
            379,
            337,
            331,
            343,
            367,
            325,
            355,
            313,
            226,
            34,
            361,
            373,
            297,
            349,
            319,
            212,
            260
          ],
          "warnings": [
            189,
            18,
            12,
            11,
            30,
            15,
            216,
            21,
            10,
            29,
            27,
            24,
            90,
            9,
            14,
            13,
            31,
            28,
            25,
            22,
            19,
            26,
            167,
            56,
            17,
            20,
            23,
            140,
            301,
            115
          ],
          "safe": [
            148
          ],
          "conflicts": []
        },
        "DAOConstantGas": {
          "violations": [
            109,
            134
          ],
          "warnings": [
            162,
            181,
            308
          ],
          "safe": [],
          "conflicts": []
        },
        "UnrestrictedEtherFlow": {
          "violations": [],
          "warnings": [
            162,
            181,
            308
          ],
          "safe": [
            109,
            134
          ],
          "conflicts": []
        }
      }
    }
  }
}