{
  "contract": "0x2f69f3fad0031f6b666d87ca357031a93496652b",
  "tool": "securify",
  "start": 1563751365.3899693,
  "end": 1563751763.0679903,
  "duration": 397.6780209541321,
  "analysis": {
    "0x2f69f3fad0031f6b666d87ca357031a93496652b": {
      "results": {
        "DAO": {
          "completed": true,
          "hasViolations": false,
          "hasWarnings": false,
          "hasSafe": false,
          "hasConflicts": false,
          "violations": [],
          "warnings": [],
          "safe": [],
          "conflicts": []
        },
        "DAOConstantGas": {
          "completed": true,
          "hasViolations": false,
          "hasWarnings": false,
          "hasSafe": false,
          "hasConflicts": false,
          "violations": [],
          "warnings": [],
          "safe": [],
          "conflicts": []
        },
        "MissingInputValidation": {
          "completed": true,
          "hasViolations": true,
          "hasWarnings": true,
          "hasSafe": true,
          "hasConflicts": false,
          "violations": [
            3180,
            3180,
            2203,
            3180,
            2203,
            3180,
            2203,
            3138,
            3180,
            2203,
            3138,
            3180,
            2203,
            3138,
            3180,
            2203,
            3138,
            3180,
            2203,
            3138,
            3180,
            2203,
            3138,
            3180,
            2203,
            3138,
            3180,
            2203,
            3138,
            3180,
            2203,
            3138,
            2912,
            3180,
            2203,
            3138,
            2912,
            3180,
            2203,
            3138,
            2912,
            3180,
            2203,
            3138,
            2912,
            3180,
            2203,
            3138,
            2912,
            3229,
            3180,
            2203,
            3138,
            2912,
            3229,
            3180,
            2203,
            3138,
            2912,
            3229,
            3180,
            2203,
            3138,
            2912,
            3229,
            3180,
            2203,
            3138,
            2912,
            3229
          ],
          "warnings": [
            1999,
            1999,
            1999,
            1999,
            1999,
            1999,
            1999,
            1999,
            1999,
            2891,
            1999,
            2891,
            1999,
            2891
          ],
          "safe": [
            3175,
            3175,
            4162,
            3175,
            4162,
            3175,
            4162,
            3175,
            4162,
            2721,
            3175,
            4162,
            2721,
            3175,
            4162,
            2721,
            2716,
            3175,
            4162,
            2721,
            2716,
            2758,
            3175,
            4162,
            2721,
            2716,
            2758,
            3252,
            3175,
            4162,
            2721,
            2716,
            2758,
            3252,
            2711,
            3175,
            4162,
            2721,
            2716,
            2758,
            3252,
            2711,
            2740,
            3175,
            4162,
            2721,
            2716,
            2758,
            3252,
            2711,
            2740,
            3175,
            4162,
            2721,
            2716,
            2758,
            3252,
            2711,
            2740,
            2907,
            3175,
            4162,
            2721,
            2716,
            2758,
            3252,
            2711,
            2740,
            2907,
            3175,
            4162,
            2721,
            2716,
            2758,
            3252,
            2711,
            2740,
            2907,
            3579,
            3175,
            4162,
            2721,
            2716,
            2758,
            3252,
            2711,
            2740,
            2907,
            3579,
            2316,
            3175,
            4162,
            2721,
            2716,
            2758,
            3252,
            2711,
            2740,
            2907,
            3579,
            2316,
            3247,
            3175,
            4162,
            2721,
            2716,
            2758,
            3252,
            2711,
            2740,
            2907,
            3579,
            2316,
            3247,
            3175,
            4162,
            2721,
            2716,
            2758,
            3252,
            2711,
            2740,
            2907,
            3579,
            2316,
            3247,
            2335,
            3175,
            4162,
            2721,
            2716,
            2758,
            3252,
            2711,
            2740,
            2907,
            3579,
            2316,
            3247,
            2335,
            3175,
            4162,
            2721,
            2716,
            2758,
            3252,
            2711,
            2740,
            2907,
            3579,
            2316,
            3247,
            2335,
            1821,
            3175,
            4162,
            2721,
            2716,
            2758,
            3252,
            2711,
            2740,
            2907,
            3579,
            2316,
            3247,
            2335,
            1821,
            2330
          ],
          "conflicts": []
        },
        "TODAmount": {
          "completed": true,
          "hasViolations": false,
          "hasWarnings": false,
          "hasSafe": false,
          "hasConflicts": false,
          "violations": [],
          "warnings": [],
          "safe": [],
          "conflicts": []
        },
        "TODReceiver": {
          "completed": true,
          "hasViolations": false,
          "hasWarnings": false,
          "hasSafe": false,
          "hasConflicts": false,
          "violations": [],
          "warnings": [],
          "safe": [],
          "conflicts": []
        },
        "TODTransfer": {
          "completed": true,
          "hasViolations": false,
          "hasWarnings": false,
          "hasSafe": false,
          "hasConflicts": false,
          "violations": [],
          "warnings": [],
          "safe": [],
          "conflicts": []
        },
        "UnhandledException": {
          "completed": true,
          "hasViolations": false,
          "hasWarnings": false,
          "hasSafe": true,
          "hasConflicts": false,
          "violations": [],
          "warnings": [],
          "safe": [
            3088,
            3088,
            3088,
            3088,
            3088,
            3088,
            3088,
            3088,
            3088
          ],
          "conflicts": []
        },
        "UnrestrictedEtherFlow": {
          "completed": true,
          "hasViolations": false,
          "hasWarnings": false,
          "hasSafe": true,
          "hasConflicts": false,
          "violations": [],
          "warnings": [],
          "safe": [
            3088,
            3088,
            3088,
            3088,
            3088,
            3088,
            3088,
            3088,
            3088
          ],
          "conflicts": []
        }
      }
    }
  }
}