{
  "contract": "0x1e49ff77c355a3e38d6651ce8404af0e48c5395f",
  "tool": "securify",
  "start": 1563482572.3684003,
  "end": 1563484374.5106792,
  "duration": 1802.1422789096832,
  "analysis": {
    "0x1e49ff77c355a3e38d6651ce8404af0e48c5395f": {
      "results": {
        "DAO": {
          "completed": true,
          "hasViolations": false,
          "hasWarnings": false,
          "hasSafe": true,
          "hasConflicts": false,
          "violations": [],
          "warnings": [],
          "safe": [
            1858,
            1858,
            4519,
            3336,
            4519,
            1678,
            1678,
            1858,
            1858,
            4519,
            3336,
            4519,
            1678,
            1678,
            1858,
            1858,
            4519,
            3336,
            4519,
            1678,
            1678,
            1858,
            1858,
            4519,
            3336,
            4519,
            1678,
            1678,
            2375,
            1858,
            1858,
            4519,
            3336,
            4519,
            1678,
            1678,
            2375
          ],
          "conflicts": []
        },
        "DAOConstantGas": {
          "completed": true,
          "hasViolations": false,
          "hasWarnings": false,
          "hasSafe": false,
          "hasConflicts": false,
          "violations": [],
          "warnings": [],
          "safe": [],
          "conflicts": []
        },
        "MissingInputValidation": {
          "completed": true,
          "hasViolations": true,
          "hasWarnings": true,
          "hasSafe": true,
          "hasConflicts": false,
          "violations": [
            1231,
            920,
            1886,
            1931,
            1294,
            3955,
            4895,
            3730,
            3009,
            2986,
            3928,
            4940,
            2474,
            3644,
            1751,
            1706,
            1114,
            1051,
            837,
            1231,
            920,
            1886,
            1931,
            1294,
            3955,
            4895,
            3730,
            3009,
            2986,
            3928,
            4940,
            2474,
            3644,
            1751,
            1706,
            1114,
            1051,
            837,
            1682,
            1231,
            920,
            1886,
            1931,
            1294,
            3955,
            4895,
            3730,
            3009,
            2986,
            3928,
            4940,
            2474,
            3644,
            1751,
            1706,
            1114,
            1051,
            837,
            1682,
            1231,
            920,
            1886,
            1931,
            1294,
            3955,
            4895,
            3730,
            3009,
            2986,
            3928,
            4940,
            2474,
            3644,
            1751,
            1706,
            1114,
            1051,
            837,
            1682,
            1231,
            920,
            1886,
            1931,
            1294,
            3955,
            4895,
            3730,
            3009,
            2986,
            3928,
            4940,
            2474,
            3644,
            1751,
            1706,
            1114,
            1051,
            837,
            1682
          ],
          "warnings": [
            1134,
            783,
            1258,
            1468,
            2275,
            4129,
            3129,
            3892,
            2138,
            2741,
            3393,
            2889,
            1078,
            700,
            1288,
            1134,
            783,
            1258,
            1468,
            2275,
            4129,
            3129,
            3892,
            2138,
            2741,
            3393,
            2889,
            1078,
            700,
            1288,
            1134,
            783,
            1258,
            1468,
            2275,
            4129,
            3129,
            3892,
            2138,
            2741,
            3393,
            2889,
            1078,
            700,
            1288,
            1134,
            783,
            1258,
            1468,
            2275,
            4129,
            3129,
            3892,
            2138,
            2741,
            3393,
            2889,
            1078,
            700,
            1288,
            1985,
            1134,
            783,
            1258,
            1468,
            2275,
            4129,
            3129,
            3892,
            2138,
            2741,
            3393,
            2889,
            1078,
            700,
            1288,
            1985
          ],
          "safe": [
            2214,
            2155,
            2234,
            2159,
            2194,
            915,
            2693,
            5229,
            5290,
            2015,
            3616,
            5225,
            3762,
            2688,
            5164,
            5365,
            3748,
            3630,
            5310,
            2270,
            4547,
            2001,
            5345,
            3671,
            3885,
            832,
            2010,
            2030,
            1975,
            2050,
            1654,
            2214,
            2155,
            2234,
            2159,
            2194,
            915,
            2693,
            5229,
            5290,
            2015,
            3616,
            5225,
            3762,
            2688,
            5164,
            5365,
            3748,
            3630,
            5310,
            2270,
            4547,
            2001,
            5345,
            3671,
            3885,
            832,
            2010,
            2030,
            1975,
            2050,
            1654,
            2214,
            2155,
            2234,
            2159,
            2194,
            915,
            2693,
            5229,
            5290,
            2015,
            3616,
            5225,
            3762,
            2688,
            5164,
            5365,
            3748,
            3630,
            5310,
            2270,
            4547,
            2001,
            5345,
            3671,
            3885,
            832,
            2010,
            2030,
            1975,
            2050,
            1654,
            1709,
            2214,
            2155,
            2234,
            2159,
            2194,
            915,
            2693,
            5229,
            5290,
            2015,
            3616,
            5225,
            3762,
            2688,
            5164,
            5365,
            3748,
            3630,
            5310,
            2270,
            4547,
            2001,
            5345,
            3671,
            3885,
            832,
            2010,
            2030,
            1975,
            2050,
            1654,
            1709,
            2214,
            2155,
            2234,
            2159,
            2194,
            915,
            2693,
            5229,
            5290,
            2015,
            3616,
            5225,
            3762,
            2688,
            5164,
            5365,
            3748,
            3630,
            5310,
            2270,
            4547,
            2001,
            5345,
            3671,
            3885,
            832,
            2010,
            2030,
            1975,
            2050,
            1654,
            1709,
            1171
          ],
          "conflicts": []
        },
        "TODAmount": {
          "completed": true,
          "hasViolations": false,
          "hasWarnings": true,
          "hasSafe": false,