{
  "contract": "0x5a3a766aac57b47ff0576cf7289fe28864c2c776",
  "tool": "securify",
  "start": 1563628621.4838214,
  "end": 1563629265.6837487,
  "duration": 644.1999273300171,
  "analysis": {
    "0x5a3a766aac57b47ff0576cf7289fe28864c2c776": {
      "results": {
        "DAO": {
          "completed": true,
          "hasViolations": false,
          "hasWarnings": false,
          "hasSafe": false,
          "hasConflicts": false,
          "violations": [],
          "warnings": [],
          "safe": [],
          "conflicts": []
        },
        "DAOConstantGas": {
          "completed": true,
          "hasViolations": false,
          "hasWarnings": false,
          "hasSafe": false,
          "hasConflicts": false,
          "violations": [],
          "warnings": [],
          "safe": [],
          "conflicts": []
        },
        "MissingInputValidation": {
          "completed": true,
          "hasViolations": true,
          "hasWarnings": true,
          "hasSafe": true,
          "hasConflicts": false,
          "violations": [
            1723,
            1134,
            1386,
            1368,
            1931,
            1079,
            1723,
            1723,
            1134,
            1386,
            1368,
            1931,
            1079,
            1723,
            1723,
            1134,
            1386,
            1368,
            1931,
            1079,
            1723,
            1368,
            1723,
            1134,
            1386,
            1368,
            1931,
            1079,
            1723,
            1368,
            1386,
            1723,
            1134,
            1386,
            1368,
            1931,
            1079,
            1723,
            1368,
            1386,
            1723,
            1134,
            1386,
            1368,
            1931,
            1079,
            1723,
            1368,
            1386,
            1723,
            1134,
            1386,
            1368,
            1931,
            1079,
            1723,
            1368,
            1386,
            1079,
            1723,
            1134,
            1386,
            1368,
            1931,
            1079,
            1723,
            1368,
            1386,
            1079
          ],
          "warnings": [
            1712,
            1712,
            1712,
            1712,
            1712,
            1712,
            1712,
            1712,
            1712,
            1712,
            1712
          ],
          "safe": [
            1958,
            956,
            1129,
            1589,
            1261,
            1247,
            1958,
            956,
            1129,
            1589,
            1261,
            1247,
            1589,
            1958,
            956,
            1129,
            1589,
            1261,
            1247,
            1589,
            1958,
            956,
            1129,
            1589,
            1261,
            1247,
            1589,
            1958,
            956,
            1129,
            1589,
            1261,
            1247,
            1589,
            1129,
            1958,
            956,
            1129,
            1589,
            1261,
            1247,
            1589,
            1129,
            1958,
            956,
            1129,
            1589,
            1261,
            1247,
            1589,
            1129,
            1958,
            956,
            1129,
            1589,
            1261,
            1247,
            1589,
            1129,
            1261
          ],
          "conflicts": []
        },
        "TODAmount": {
          "completed": true,
          "hasViolations": false,
          "hasWarnings": false,
          "hasSafe": false,
          "hasConflicts": false,
          "violations": [],
          "warnings": [],
          "safe": [],
          "conflicts": []
        },
        "TODReceiver": {
          "completed": true,
          "hasViolations": false,
          "hasWarnings": false,
          "hasSafe": false,
          "hasConflicts": false,
          "violations": [],
          "warnings": [],
          "safe": [],
          "conflicts": []
        },
        "TODTransfer": {
          "completed": true,
          "hasViolations": false,
          "hasWarnings": false,
          "hasSafe": false,
          "hasConflicts": false,
          "violations": [],
          "warnings": [],
          "safe": [],
          "conflicts": []
        },
        "UnhandledException": {
          "completed": true,
          "hasViolations": false,
          "hasWarnings": false,
          "hasSafe": true,
          "hasConflicts": false,
          "violations": [],
          "warnings": [],
          "safe": [
            1899,
            1899,
            1899,
            1899,
            1899,
            1899,
            1899,
            1899,
            1899,
            1899,
            1899,
            1899,
            1899,
            1899,
            1899,
            1899
          ],
          "conflicts": []
        },
        "UnrestrictedEtherFlow": {
          "completed": true,
          "hasViolations": false,
          "hasWarnings": false,
          "hasSafe": true,
          "hasConflicts": false,
          "violations": [],
          "warnings": [],
          "safe": [
            1899,
            1899,
            1899,
            1899,
            1899,
            1899,
            1899,
            1899,
            1899,
            1899,
            1899,
            1899,
            1899,
            1899,
            1899,
            1899
          ],
          "conflicts": []
        }
      }
    }
  }
}