{
  "contract": "0x63560da5125e3ed7ee856455977f43740b066a90",
  "tool": "securify",
  "start": 1563514918.6179001,
  "end": 1563516721.0283296,
  "duration": 1802.4104294776917,
  "analysis": {
    "0x63560da5125e3ed7ee856455977f43740b066a90": {
      "results": {
        "DAO": {
          "completed": true,
          "hasViolations": false,
          "hasWarnings": false,
          "hasSafe": false,
          "hasConflicts": false,
          "violations": [],
          "warnings": [],
          "safe": [],
          "conflicts": []
        },
        "DAOConstantGas": {
          "completed": true,
          "hasViolations": false,
          "hasWarnings": false,
          "hasSafe": false,
          "hasConflicts": false,
          "violations": [],
          "warnings": [],
          "safe": [],
          "conflicts": []
        },
        "MissingInputValidation": {
          "completed": true,
          "hasViolations": true,
          "hasWarnings": true,
          "hasSafe": true,
          "hasConflicts": false,
          "violations": [
            199,
            249,
            1241,
            859,
            1961,
            943,
            1813,
            1317,
            1521,
            1198,
            1558,
            1850,
            1998,
            1354,
            905,
            821,
            1728,
            199,
            249,
            1241,
            859,
            1961,
            943,
            1813,
            1317,
            1521,
            1198,
            1558,
            1850,
            1998,
            1354,
            905,
            821,
            1728,
            199,
            249,
            1241,
            859,
            1961,
            943,
            1813,
            1317,
            1521,
            1198,
            1558,
            1850,
            1998,
            1354,
            905,
            821,
            1728,
            199,
            249,
            1241,
            859,
            1961,
            943,
            1813,
            1317,
            1521,
            1198,
            1558,
            1850,
            1998,
            1354,
            905,
            821,
            1728,
            199,
            249,
            1241,
            859,
            1961,
            943,
            1813,
            1317,
            1521,
            1198,
            1558,
            1850,
            1998,
            1354,
            905,
            821,
            1728,
            842,
            199,
            249,
            1241,
            859,
            1961,
            943,
            1813,
            1317,
            1521,
            1198,
            1558,
            1850,
            1998,
            1354,
            905,
            821,
            1728,
            842,
            199,
            249,
            1241,
            859,
            1961,
            943,
            1813,
            1317,
            1521,
            1198,
            1558,
            1850,
            1998,
            1354,
            905,
            821,
            1728,
            842,
            199,
            249,
            1241,
            859,
            1961,
            943,
            1813,
            1317,
            1521,
            1198,
            1558,
            1850,
            1998,
            1354,
            905,
            821,
            1728,
            842,
            199,
            249,
            1241,
            859,
            1961,
            943,
            1813,
            1317,
            1521,
            1198,
            1558,
            1850,
            1998,
            1354,
            905,
            821,
            1728,
            842,
            199,
            249,
            1241,
            859,
            1961,
            943,
            1813,
            1317,
            1521,
            1198,
            1558,
            1850,
            1998,
            1354,
            905,
            821,
            1728,
            842,
            199,
            249,
            1241,
            859,
            1961,
            943,
            1813,
            1317,
            1521,
            1198,
            1558,
            1850,
            1998,
            1354,
            905,
            821,
            1728,
            842,
            1112,
            199,
            249,
            1241,
            859,
            1961,
            943,
            1813,
            1317,
            1521,
            1198,
            1558,
            1850,
            1998,
            1354,
            905,
            821,
            1728,
            842,
            1112,
            199,
            249,
            1241,
            859,
            1961,
            943,
            1813,
            1317,
            1521,
            1198,
            1558,
            1850,
            1998,
            1354,
            905,
            821,
            1728,
            842,
            1112,
            1796,
            199,
            249,
            1241,
            859,
            1961,
            943,
            1813,
            1317,
            1521,
            1198,
            1558,
            1850,
            1998,
            1354,
            905,
            821,
            1728,
            842,
            1112,
            1796,
            199,
            249,
            1241,
            859,
            1961,
            943,
            1813,
            1317,
            1521,
            1198,
            1558,
            1850,
            1998,
            1354,
            905,
            821,
            1728,
            842,
            1112,
            1796,
            199,
            249,
            1241,
            859,
            1961,
            943,
            1813,
            1317,
            1521,
            1198,
            1558,
            1850,
            1998,
            1354,
            905,
            821,
            1728,
            842,
            1112,
            1796,
            918
          ],
          "warnings": [
            710,
            421,
            710,
            421,
            710,
            421,
            710,
            421,
            710,
            421,
            710,
            421,
            1207,
            710,
            421,
            1207,
            710,
            421,
            1207,
            710,
            421,
            1207,
            710,
            421,
            1207,
            710,
            421,
            1207,
            710,
            421,
            1207,
            710,
            421,
            1207,
            710,
            421,
            1207,
            710,
            421,
            1207,
            710,
            421,
            1207
          ],