{
  "contract": "0xdcfe093673d7c057efaa31f0eaa9db525c8d077e",
  "tool": "securify",
  "start": 1563640609.9380462,
  "end": 1563642412.2330236,
  "duration": 1802.294977426529,
  "analysis": {
    "0xdcfe093673d7c057efaa31f0eaa9db525c8d077e": {
      "results": {
        "DAO": {
          "completed": true,
          "hasViolations": false,
          "hasWarnings": false,
          "hasSafe": false,
          "hasConflicts": false,
          "violations": [],
          "warnings": [],
          "safe": [],
          "conflicts": []
        },
        "DAOConstantGas": {
          "completed": true,
          "hasViolations": false,
          "hasWarnings": false,
          "hasSafe": false,
          "hasConflicts": false,
          "violations": [],
          "warnings": [],
          "safe": [],
          "conflicts": []
        },
        "MissingInputValidation": {
          "completed": true,
          "hasViolations": true,
          "hasWarnings": true,
          "hasSafe": true,
          "hasConflicts": false,
          "violations": [
            2078,
            1692,
            2051,
            2014,
            2156,
            1820,
            2078,
            1692,
            2051,
            2014,
            2156,
            1820,
            2078,
            1692,
            2051,
            2014,
            2156,
            1820,
            1910,
            2078,
            1692,
            2051,
            2014,
            2156,
            1820,
            1910,
            2078,
            1692,
            2051,
            2014,
            2156,
            1820,
            1910,
            1574,
            2078,
            1692,
            2051,
            2014,
            2156,
            1820,
            1910,
            1574,
            2078,
            1692,
            2051,
            2014,
            2156,
            1820,
            1910,
            1574,
            2078,
            1692,
            2051,
            2014,
            2156,
            1820,
            1910,
            1574,
            2078,
            1692,
            2051,
            2014,
            2156,
            1820,
            1910,
            1574,
            2078,
            1692,
            2051,
            2014,
            2156,
            1820,
            1910,
            1574,
            2078,
            1692,
            2051,
            2014,
            2156,
            1820,
            1910,
            1574,
            2078,
            1692,
            2051,
            2014,
            2156,
            1820,
            1910,
            1574,
            2078,
            1692,
            2051,
            2014,
            2156,
            1820,
            1910,
            1574,
            2078,
            1692,
            2051,
            2014,
            2156,
            1820,
            1910,
            1574,
            2078,
            1692,
            2051,
            2014,
            2156,
            1820,
            1910,
            1574,
            2078,
            1692,
            2051,
            2014,
            2156,
            1820,
            1910,
            1574,
            2078,
            1692,
            2051,
            2014,
            2156,
            1820,
            1910,
            1574
          ],
          "warnings": [
            1370,
            1981,
            1375,
            2109,
            1252,
            1370,
            1981,
            1375,
            2109,
            1252,
            1370,
            1981,
            1375,
            2109,
            1252,
            1370,
            1981,
            1375,
            2109,
            1252,
            1370,
            1981,
            1375,
            2109,
            1252,
            1370,
            1981,
            1375,
            2109,
            1252,
            1863,
            1370,
            1981,
            1375,
            2109,
            1252,
            1863,
            1370,
            1981,
            1375,
            2109,
            1252,
            1863,
            1370,
            1981,
            1375,
            2109,
            1252,
            1863,
            1370,
            1981,
            1375,
            2109,
            1252,
            1863,
            1370,
            1981,
            1375,
            2109,
            1252,
            1863,
            1370,
            1981,
            1375,
            2109,
            1252,
            1863,
            1370,
            1981,
            1375,
            2109,
            1252,
            1863,
            1370,
            1981,
            1375,
            2109,
            1252,
            1863,
            1370,
            1981,
            1375,
            2109,
            1252,
            1863,
            1370,
            1981,
            1375,
            2109,
            1252,
            1863,
            1370,
            1981,
            1375,
            2109,
            1252,
            1863
          ],