{
  "contract": "0xcfaafdd4ec90985108c3f4847b14e7c733eaf575",
  "tool": "securify",
  "start": 1563739661.6455135,
  "end": 1563741465.414725,
  "duration": 1803.7692115306854,
  "analysis": {
    "0xcfaafdd4ec90985108c3f4847b14e7c733eaf575": {
      "results": {
        "DAO": {
          "completed": true,
          "hasViolations": false,
          "hasWarnings": false,
          "hasSafe": false,
          "hasConflicts": false,
          "violations": [],
          "warnings": [],
          "safe": [],
          "conflicts": []
        },
        "DAOConstantGas": {
          "completed": true,
          "hasViolations": true,
          "hasWarnings": true,
          "hasSafe": true,
          "hasConflicts": false,
          "violations": [
            2253,
            2253,
            2253
          ],
          "warnings": [
            2205,
            2205,
            2205
          ],
          "safe": [
            1019,
            2166,
            2118,
            1057,
            2099,
            2051,
            1124,
            9806,
            1019,
            2166,
            2118,
            1057,
            2099,
            2051,
            1124,
            9806,
            1019,
            2166,
            2118,
            1057,
            2099,
            2051,
            1124,
            9806
          ],
          "conflicts": []
        },
        "MissingInputValidation": {
          "completed": true,
          "hasViolations": true,
          "hasWarnings": false,
          "hasSafe": true,
          "hasConflicts": false,
          "violations": [
            1844,
            2050,
            2159,
            2193,
            1378,
            2462,
            2077,
            1504,
            2136,
            1592,
            1470,
            2428,
            1844,
            2050,
            2159,
            2193,
            1378,
            2462,
            2077,
            1504,
            2136,
            1592,
            1470,
            2428,
            1844,
            2050,
            2159,
            2193,
            1378,
            2462,
            2077,
            1504,
            2136,
            1592,
            1470,
            2428,
            2741
          ],
          "warnings": [],
          "safe": [
            105,
            100,
            179,
            423,
            119,
            105,
            313,
            410,
            231,
            327,
            424,
            775,
            517,
            359,
            584,
            373,
            649,
            452,
            663,
            387,
            1619,
            1765,
            1933,
            1527,
            1350,
            2122,
            1830,
            1336,
            2606,
            1364,
            1862,
            1698,
            2045,
            2443,
            1684,
            105,
            100,
            179,
            423,
            119,
            105,
            313,
            410,
            231,
            327,
            424,
            775,
            517,
            359,
            584,
            373,
            649,
            452,
            663,
            387,
            1619,
            1765,
            1933,
            1527,
            1350,
            2122,
            1830,
            1336,
            2606,
            1364,
            1862,
            1698,
            2045,
            2443,
            1684,
            2451,
            105,
            100,
            179,
            423,
            119,
            105,
            313,
            410,
            231,
            327,
            424,
            775,
            517,
            359,
            584,
            373,
            649,
            452,
            663,
            387,
            1619,
            1765,
            1933,
            1527,
            1350,
            2122,
            1830,
            1336,
            2606,
            1364,
            1862,
            1698,
            2045,
            2443,
            1684,
            2451
          ],
          "conflicts": []
        },
        "TODAmount": {
          "completed": true,
          "hasViolations": true,
          "hasWarnings": false,
          "hasSafe": true,
          "hasConflicts": false,
          "violations": [
            1019,
            1057,
            1124,
            1019,
            1057,
            1124,
            1019,
            1057,
            1124
          ],
          "warnings": [],
          "safe": [
            2166,
            2118,
            2099,
            2051,
            2253,
            2205,
            9806,
            2166,
            2118,
            2099,
            2051,
            2253,
            2205,
            9806,
            2166,
            2118,
            2099,
            2051,
            2253,
            2205,
            9806
          ],
          "conflicts": []
        },
        "TODReceiver": {
          "completed": true,
          "hasViolations": true,
          "hasWarnings": true,
          "hasSafe": true,
          "hasConflicts": false,
          "violations": [
            9806,
            9806,
            9806
          ],
          "warnings": [
            1019,
            1057,
            1124,
            2205,
            1019,
            1057,
            1124,
            2205,
            1019,
            1057,
            1124,
            2205
          ],
          "safe": [
            2166,
            2118,
            2099,
            2051,
            2253,
            2166,
            2118,
            2099,
            2051,
            2253,
            2166,
            2118,
            2099,
            2051,
            2253
          ],
          "conflicts": []
        },
        "TODTransfer": {
          "completed": true,
          "hasViolations": false,
          "hasWarnings": false,
          "hasSafe": false,
          "hasConflicts": true,
          "violations": [],
          "warnings": [],
          "safe": [],
          "conflicts": [
            1019,
            2166,
            2118,
            1057,
            2099,
            2051,
            1124,
            2253,
            2205,
            9806,
            1019,
            2166,
            2118,
            1057,
            2099,
            2051,
            1124,
            2253,
            2205,
            9806,
            1019,
            2166,
            2118,
            1057,
            2099,
            2051,
            1124,
            2253,
            2205,
            9806
          ]
        },
        "UnhandledException": {
          "completed": true,
          "hasViolations": true,
          "hasWarnings": false,
          "hasSafe": true,
          "hasConflicts": false,
          "violations": [
            1019,
            1057,
            1124,
            1019,
            1057,
            1124,
            1019,
            1057,
            1124
          ],
          "warnings": [],