{
  "contract": "0xda9f43015749056182352e9dc6d3ee0b6293d80a",
  "tool": "securify",
  "start": 1563553711.6144762,
  "end": 1563555515.033939,
  "duration": 1803.4194626808167,
  "analysis": {
    "0xda9f43015749056182352e9dc6d3ee0b6293d80a": {
      "results": {
        "DAO": {
          "completed": true,
          "hasViolations": false,
          "hasWarnings": false,
          "hasSafe": true,
          "hasConflicts": false,
          "violations": [],
          "warnings": [],
          "safe": [
            3246,
            2834,
            2834,
            3246,
            2834,
            2834,
            3246,
            2834,
            2834,
            3246,
            2834,
            2834,
            3246,
            2834,
            2834
          ],
          "conflicts": []
        },
        "DAOConstantGas": {
          "completed": true,
          "hasViolations": false,
          "hasWarnings": false,
          "hasSafe": true,
          "hasConflicts": false,
          "violations": [],
          "warnings": [],
          "safe": [
            4026,
            2601,
            2691,
            2643,
            2981,
            3029,
            2601,
            2691,
            2643,
            2981,
            3029,
            1683,
            4026,
            2601,
            2691,
            2643,
            2981,
            3029,
            2601,
            2691,
            2643,
            2981,
            3029,
            1683,
            4026,
            2601,
            2691,
            2643,
            2981,
            3029,
            2601,
            2691,
            2643,
            2981,
            3029,
            1683,
            4026,
            2601,
            2691,
            2643,
            2981,
            3029,
            2601,
            2691,
            2643,
            2981,
            3029,
            1683,
            4026,
            2601,
            2691,
            2643,
            2981,
            3029,
            2601,
            2691,
            2643,
            2981,
            3029,
            1683
          ],
          "conflicts": []
        },
        "MissingInputValidation": {
          "completed": true,
          "hasViolations": true,
          "hasWarnings": false,
          "hasSafe": true,
          "hasConflicts": false,
          "violations": [
            1210,
            832,
            987,
            2066,
            969,
            1211,
            1782,
            2012,
            1555,
            1940,
            1829,
            1042,
            1115,
            1375,
            1210,
            832,
            987,
            2066,
            969,
            1211,
            1782,
            2012,
            1555,
            1940,
            1829,
            1042,
            1115,
            1375,
            1210,
            832,
            987,
            2066,
            969,
            1211,
            1782,
            2012,
            1555,
            1940,
            1829,
            1042,
            1115,
            1375,
            1210,
            832,
            987,
            2066,
            969,
            1211,
            1782,
            2012,
            1555,
            1940,
            1829,
            1042,
            1115,
            1375,
            1210,
            832,
            987,
            2066,
            969,
            1211,
            1782,
            2012,
            1555,
            1940,
            1829,
            1042,
            1115,
            1375
          ],
          "warnings": [],
          "safe": [
            179,
            423,
            663,
            584,
            452,
            775,
            373,
            387,
            359,
            517,
            649,
            674,
            660,
            818,
            1084,
            753,
            1196,
            688,
            646,
            1079,
            922,
            1065,
            855,
            3511,
            2351,
            3399,
            3490,
            1694,
            2251,
            3166,
            1699,
            2237,
            3101,
            3543,
            1815,
            1473,
            2376,
            2765,
            2411,
            3464,
            1591,
            2176,
            2162,
            3267,
            2855,
            1605,
            185,
            190,
            204,
            218,
            105,
            119,
            327,
            179,
            423,
            663,
            584,
            452,
            775,
            373,
            387,
            359,
            517,
            649,
            674,
            660,
            818,
            1084,
            753,
            1196,
            688,
            646,
            1079,
            922,
            1065,
            855,
            3511,
            2351,
            3399,
            3490,
            1694,
            2251,
            3166,
            1699,
            2237,
            3101,
            3543,
            1815,
            1473,
            2376,
            2765,
            2411,
            3464,
            1591,
            2176,
            2162,
            3267,
            2855,
            1605,
            185,
            190,
            204,
            218,
            105,
            119,
            327,
            424,
            179,
            423,
            663,
            584,
            452,
            775,
            373,
            387,
            359,
            517,
            649,
            674,
            660,
            818,
            1084,
            753,
            1196,
            688,
            646,
            1079,
            922,
            1065,
            855,
            3511,
            2351,
            3399,
            3490,
            1694,
            2251,
            3166,
            1699,
            2237,
            3101,
            3543,
            1815,
            1473,
            2376,
            2765,
            2411,
            3464,
            1591,
            2176,
            2162,
            3267,
            2855,
            1605,
            185,
            190,
            204,
            218,
            105,
            119,
            327,
            424,
            231,
            179,
            423,
            663,
            584,
            452,
            775,
            373,
            387,
            359,
            517,
            649,
            674,
            660,
            818,
            1084,
            753,
            1196,
            688,
            646,
            1079,
            922,
            1065,
            855,
            3511,
            2351,
            3399,
            3490,
            1694,
            2251,
            3166,
            1699,
            2237,
            3101,
            3543,
            1815,
            1473,
            2376,
            2765,
            2411,
            3464,
            1591,
            2176,
            2162,
            3267,
            2855,
            1605,
            185,
            190,
            204,
            218,
            105,
            119,
            327,
            424,
            231,
            410,
            179,
            423,
            663,
            584,
            452,
            775,
            373,
            387,
            359,
            517,
            649,
            674,
            660,
            818,
            1084,
            753,
            1196,
            688,
            646,
            1079,
            922,
            1065,
            855,
            3511,
            2351,
            3399,
