{
  "contract": "0xc446b5b0a696b6735bf95888a896253a1a5d25f5",
  "tool": "securify",
  "start": 1563745383.3709362,
  "end": 1563745689.3037424,
  "duration": 305.9328062534332,
  "analysis": {
    "/unique_chucks/41/0xc446b5b0a696b6735bf95888a896253a1a5d25f5.sol:TwoXJackpot": {
      "results": {
        "TODReceiver": {
          "violations": [],
          "warnings": [
            149,
            175
          ],
          "safe": [
            131,
            137,
            172
          ],
          "conflicts": []
        },
        "UnhandledException": {
          "violations": [],
          "warnings": [
            149,
            131,
            137,
            172,
            175,
            82
          ],
          "safe": [],
          "conflicts": []
        },
        "TODTransfer": {
          "violations": [
            172,
            175
          ],
          "warnings": [],
          "safe": [
            149,
            131,
            137
          ],
          "conflicts": []
        },
        "DAO": {
          "violations": [],
          "warnings": [],
          "safe": [],
          "conflicts": []
        },
        "TODAmount": {
          "violations": [
            172,
            175
          ],
          "warnings": [],
          "safe": [
            149,
            131,
            137
          ],
          "conflicts": []
        },
        "MissingInputValidation": {
          "violations": [
            48,
            51,
            45
          ],
          "warnings": [
            30,
            36,
            199,
            21,
            18,
            33,
            211,
            86,
            39,
            92,
            102,
            221,
            24,
            164,
            78,
            27,
            42,
            15
          ],
          "safe": [],
          "conflicts": []
        },
        "DAOConstantGas": {
          "violations": [
            149,
            131,
            137,
            172
          ],
          "warnings": [
            175
          ],
          "safe": [],
          "conflicts": []
        },
        "UnrestrictedEtherFlow": {
          "violations": [],
          "warnings": [
            172,
            175,
            82
          ],
          "safe": [
            149,
            131,
            137
          ],
          "conflicts": []
        }
      }
    },
    "/unique_chucks/41/0xc446b5b0a696b6735bf95888a896253a1a5d25f5.sol:SafeMath": {
      "results": {
        "TODReceiver": {
          "violations": [],
          "warnings": [],
          "safe": [],
          "conflicts": []
        },
        "UnhandledException": {
          "violations": [],
          "warnings": [],
          "safe": [],
          "conflicts": []
        },
        "TODTransfer": {
          "violations": [],
          "warnings": [],
          "safe": [],
          "conflicts": []
        },
        "DAO": {
          "violations": [],
          "warnings": [],
          "safe": [],
          "conflicts": []
        },
        "TODAmount": {
          "violations": [],
          "warnings": [],
          "safe": [],
          "conflicts": []
        },
        "MissingInputValidation": {
          "violations": [],
          "warnings": [],
          "safe": [],
          "conflicts": []
        },
        "DAOConstantGas": {
          "violations": [],
          "warnings": [],
          "safe": [],
          "conflicts": []
        },
        "UnrestrictedEtherFlow": {
          "violations": [],
          "warnings": [],
          "safe": [],
          "conflicts": []
        }
      }
    }
  }
}