{
  "contract": "0xdc0ed8f24683f3e9a5b2745d17038aea7be7773c",
  "tool": "securify",
  "start": 1563578090.5335214,
  "end": 1563578736.8392313,
  "duration": 646.3057098388672,
  "analysis": {
    "0xdc0ed8f24683f3e9a5b2745d17038aea7be7773c": {
      "results": {
        "DAO": {
          "completed": true,
          "hasViolations": false,
          "hasWarnings": false,
          "hasSafe": false,
          "hasConflicts": false,
          "violations": [],
          "warnings": [],
          "safe": [],
          "conflicts": []
        },
        "DAOConstantGas": {
          "completed": true,
          "hasViolations": false,
          "hasWarnings": false,
          "hasSafe": true,
          "hasConflicts": false,
          "violations": [],
          "warnings": [],
          "safe": [
            3546
          ],
          "conflicts": []
        },
        "MissingInputValidation": {
          "completed": true,
          "hasViolations": true,
          "hasWarnings": true,
          "hasSafe": true,
          "hasConflicts": false,
          "violations": [
            760,
            500,
            899,
            419,
            733,
            2038,
            760,
            500,
            899,
            419,
            733,
            2038,
            760,
            500,
            899,
            419,
            733,
            2038,
            760,
            500,
            899,
            419,
            733,
            2038,
            760,
            500,
            899,
            419,
            733,
            2038,
            760,
            500,
            899,
            419,
            733,
            2038,
            760,
            500,
            899,
            419,
            733,
            2038,
            3427,
            760,
            500,
            899,
            419,
            733,
            2038,
            3427,
            760,
            500,
            899,
            419,
            733,
            2038,
            3427,
            760,
            500,
            899,
            419,
            733,
            2038,
            3427,
            760,
            500,
            899,
            419,
            733,
            2038,
            3427,
            760,
            500,
            899,
            419,
            733,
            2038,
            3427,
            760,
            500,
            899,
            419,
            733,
            2038,
            3427
          ],
          "warnings": [
            1871,
            1871,
            1871,
            1871,
            1871,
            1871,
            1871,
            1871,
            1871,
            1871
          ],
          "safe": [
            495,
            495,
            2562,
            495,
            2562,
            2280,
            495,
            2562,
            2280,
            495,
            2562,
            2280,
            2985,
            495,
            2562,
            2280,
            2985,
            3422,
            495,
            2562,
            2280,
            2985,
            3422,
            495,
            2562,
            2280,
            2985,
            3422,
            3579,
            495,
            2562,
            2280,
            2985,
            3422,
            3579,
            2299,
            495,
            2562,
            2280,
            2985,
            3422,
            3579,
            2299,
            2599,
            495,
            2562,
            2280,
            2985,
            3422,
            3579,
            2299,
            2599,
            3131,
            495,
            2562,
            2280,
            2985,
            3422,
            3579,
            2299,
            2599,
            3131,
            2294,
            495,
            2562,
            2280,
            2985,
            3422,
            3579,
            2299,
            2599,
            3131,
            2294,
            3472
          ],
          "conflicts": []
        },
        "TODAmount": {
          "completed": true,
          "hasViolations": false,
          "hasWarnings": false,
          "hasSafe": false,
          "hasConflicts": false,
          "violations": [],
          "warnings": [],
          "safe": [],
          "conflicts": []
        },
        "TODReceiver": {
          "completed": true,
          "hasViolations": false,
          "hasWarnings": false,
          "hasSafe": false,
          "hasConflicts": false,
          "violations": [],
          "warnings": [],
          "safe": [],
          "conflicts": []
        },
        "TODTransfer": {
          "completed": true,
          "hasViolations": false,
          "hasWarnings": false,
          "hasSafe": false,
          "hasConflicts": false,
          "violations": [],
          "warnings": [],
          "safe": [],
          "conflicts": []
        },
        "UnhandledException": {
          "completed": true,
          "hasViolations": false,
          "hasWarnings": false,
          "hasSafe": false,
          "hasConflicts": false,
          "violations": [],
          "warnings": [],
          "safe": [],
          "conflicts": []
        },
        "UnrestrictedEtherFlow": {
          "completed": true,
          "hasViolations": false,
          "hasWarnings": false,
          "hasSafe": false,
          "hasConflicts": false,
          "violations": [],
          "warnings": [],
          "safe": [],
          "conflicts": []
        }
      }
    }
  }
}