{
  "contract": "0x2c867dfcdc68006a66736194f46f280dcb3410a9",
  "tool": "securify",
  "start": 1563511516.1740916,
  "end": 1563511621.134439,
  "duration": 104.96034741401672,
  "analysis": {
    "/unique_chucks/9/0x2c867dfcdc68006a66736194f46f280dcb3410a9.sol:Sansara": {
      "results": {
        "TODReceiver": {
          "violations": [
            113,
            114,
            115,
            116,
            130
          ],
          "warnings": [
            176,
            158,
            126
          ],
          "safe": [
            122
          ],
          "conflicts": []
        },
        "UnhandledException": {
          "violations": [],
          "warnings": [
            89,
            176,
            158,
            113,
            114,
            115,
            116,
            122,
            126,
            130
          ],
          "safe": [],
          "conflicts": []
        },
        "TODTransfer": {
          "violations": [],
          "warnings": [],
          "safe": [],
          "conflicts": [
            176,
            158,
            113,
            114,
            115,
            116,
            122,
            126,
            130
          ]
        },
        "DAO": {
          "violations": [],
          "warnings": [],
          "safe": [],
          "conflicts": []
        },
        "TODAmount": {
          "violations": [],
          "warnings": [],
          "safe": [
            176,
            158,
            113,
            114,
            115,
            116,
            122,
            126,
            130
          ],
          "conflicts": []
        },
        "MissingInputValidation": {
          "violations": [],
          "warnings": [],
          "safe": [],
          "conflicts": []
        },
        "DAOConstantGas": {
          "violations": [],
          "warnings": [
            113,
            114,
            115,
            116,
            122,
            126,
            130
          ],
          "safe": [
            176,
            158
          ],
          "conflicts": []
        },
        "UnrestrictedEtherFlow": {
          "violations": [],
          "warnings": [
            89,
            176,
            158,
            113,
            114,
            115,
            116,
            122,
            126,
            130
          ],
          "safe": [],
          "conflicts": []
        }
      }
    }
  }
}