{
  "contract": "0xcafda83c50843e755cb4315ef0fb30923335a376",
  "tool": "securify",
  "start": 1563578077.8018107,
  "end": 1563578331.373111,
  "duration": 253.57130026817322,
  "analysis": {
    "0xcafda83c50843e755cb4315ef0fb30923335a376": {
      "results": {
        "DAO": {
          "completed": true,
          "hasViolations": false,
          "hasWarnings": false,
          "hasSafe": false,
          "hasConflicts": false,
          "violations": [],
          "warnings": [],
          "safe": [],
          "conflicts": []
        },
        "DAOConstantGas": {
          "completed": true,
          "hasViolations": false,
          "hasWarnings": false,
          "hasSafe": false,
          "hasConflicts": false,
          "violations": [],
          "warnings": [],
          "safe": [],
          "conflicts": []
        },
        "MissingInputValidation": {
          "completed": true,
          "hasViolations": true,
          "hasWarnings": true,
          "hasSafe": true,
          "hasConflicts": false,
          "violations": [
            2214,
            2214,
            2397,
            2214,
            2397,
            2214,
            2397,
            2214,
            2397,
            1095,
            2214,
            2397,
            1095,
            2214,
            2397,
            1095,
            2214,
            2397,
            1095,
            2214,
            2397,
            1095,
            1161
          ],
          "warnings": [
            1536,
            1536,
            2232,
            1536,
            2232,
            1536,
            2232,
            1536,
            2232,
            1536,
            2232,
            1536,
            2232,
            1667,
            1536,
            2232,
            1667,
            1536,
            2232,
            1667,
            1536,
            2232,
            1667,
            1536,
            2232,
            1667,
            1536,
            2232,
            1667,
            1536,
            2232,
            1667
          ],
          "safe": [
            1522,
            1522,
            1850,
            1522,
            1850,
            1522,
            1850,
            1522,
            1850,
            1522,
            1850,
            2424,
            1522,
            1850,
            2424,
            1522,
            1850,
            2424,
            1156,
            1522,
            1850,
            2424,
            1156,
            2446,
            1522,
            1850,
            2424,
            1156,
            2446,
            972,
            1522,
            1850,
            2424,
            1156,
            2446,
            972
          ],
          "conflicts": []
        },
        "TODAmount": {
          "completed": true,
          "hasViolations": false,
          "hasWarnings": false,
          "hasSafe": false,
          "hasConflicts": false,
          "violations": [],
          "warnings": [],
          "safe": [],
          "conflicts": []
        },
        "TODReceiver": {
          "completed": true,
          "hasViolations": false,
          "hasWarnings": false,
          "hasSafe": false,
          "hasConflicts": false,
          "violations": [],
          "warnings": [],
          "safe": [],
          "conflicts": []
        },
        "TODTransfer": {
          "completed": true,
          "hasViolations": false,
          "hasWarnings": false,
          "hasSafe": false,
          "hasConflicts": false,
          "violations": [],
          "warnings": [],
          "safe": [],
          "conflicts": []
        },
        "UnhandledException": {
          "completed": true,
          "hasViolations": false,
          "hasWarnings": false,
          "hasSafe": false,
          "hasConflicts": false,
          "violations": [],
          "warnings": [],
          "safe": [],
          "conflicts": []
        },
        "UnrestrictedEtherFlow": {
          "completed": true,
          "hasViolations": false,
          "hasWarnings": false,
          "hasSafe": false,
          "hasConflicts": false,
          "violations": [],
          "warnings": [],
          "safe": [],
          "conflicts": []
        }
      }
    }
  }
}