{
  "contract": "0x90162f41886c0946d09999736f1c15c8a105a421",
  "tool": "securify",
  "start": 1563484246.7043147,
  "end": 1563484755.3751333,
  "duration": 508.670818567276,
  "analysis": {
    "0x90162f41886c0946d09999736f1c15c8a105a421": {
      "results": {
        "DAO": {
          "completed": true,
          "hasViolations": false,
          "hasWarnings": false,
          "hasSafe": true,
          "hasConflicts": false,
          "violations": [],
          "warnings": [],
          "safe": [
            501,
            501,
            501,
            841,
            841,
            841,
            841,
            841,
            501,
            501,
            501,
            841,
            841,
            841,
            841,
            841,
            501,
            501,
            501,
            841,
            841,
            841,
            841,
            841,
            501,
            501,
            501,
            841,
            841,
            841,
            841,
            841,
            501,
            501,
            501,
            841,
            841,
            841,
            841,
            841,
            501,
            501,
            501,
            841,
            841,
            841,
            841,
            841,
            501,
            501,
            501,
            841,
            841,
            841,
            841,
            841
          ],
          "conflicts": []
        },
        "DAOConstantGas": {
          "completed": true,
          "hasViolations": false,
          "hasWarnings": false,
          "hasSafe": false,
          "hasConflicts": false,
          "violations": [],
          "warnings": [],
          "safe": [],
          "conflicts": []
        },
        "MissingInputValidation": {
          "completed": true,
          "hasViolations": true,
          "hasWarnings": true,
          "hasSafe": true,
          "hasConflicts": false,
          "violations": [
            105,
            2512,
            105,
            2512,
            105,
            2512,
            1944,
            105,
            2512,
            1944,
            105,
            2512,
            1944,
            105,
            2512,
            1944
          ],
          "warnings": [
            190,
            254,
            395,
            473,
            190,
            254,
            395,
            473,
            190,
            254,
            395,
            473,
            190,
            254,
            395,
            473,
            190,
            254,
            395,
            473,
            190,
            254,
            395,
            473,
            1493
          ],
          "safe": [
            154,
            346,
            318,
            332,
            672,
            551,
            537,
            459,
            686,
            274,
            154,
            346,
            318,
            332,
            672,
            551,
            537,
            459,
            686,
            274,
            1485,
            154,
            346,
            318,
            332,
            672,
            551,
            537,
            459,
            686,
            274,
            1485,
            154,
            346,
            318,
            332,
            672,
            551,
            537,
            459,
            686,
            274,
            1485,
            2498,
            154,
            346,
            318,
            332,
            672,
            551,
            537,
            459,
            686,
            274,
            1485,
            2498,
            1971,
            154,
            346,
            318,
            332,
            672,
            551,
            537,
            459,
            686,
            274,
            1485,
            2498,
            1971
          ],
          "conflicts": []
        },
        "TODAmount": {
          "completed": true,
          "hasViolations": false,
          "hasWarnings": true,
          "hasSafe": false,
          "hasConflicts": false,
          "violations": [],
          "warnings": [
            501,
            501,
            501,
            841,
            841,
            841,
            841,
            841,
            501,
            501,
            501,
            841,
            841,
            841,
            841,
            841,
            501,
            501,
            501,
            841,
            841,
            841,
            841,
            841,
            501,
            501,
            501,
            841,
            841,
            841,
            841,
            841,
            501,
            501,
            501,
            841,
            841,
            841,
            841,
            841,
            501,
            501,
            501,
            841,
            841,
            841,
            841,
            841
          ],
          "safe": [],
          "conflicts": []
        },
        "TODReceiver": {
          "completed": true,
          "hasViolations": false,
          "hasWarnings": true,
          "hasSafe": false,
          "hasConflicts": false,
          "violations": [],
          "warnings": [
            501,
            501,
            501,
            841,
            841,
            841,
            841,
            841,
            501,
            501,
            501,
            841,
            841,
            841,
            841,
            841,
            501,
            501,
            501,
            841,
            841,
            841,
            841,
            841,
            501,
            501,
            501,
            841,
            841,
            841,
            841,
            841,
            501,
            501,
            501,
            841,
            841,
            841,
            841,
            841,
            501,
            501,
            501,
            841,
            841,
            841,
            841,
            841
          ],
          "safe": [],
          "conflicts": []
        },
        "TODTransfer": {
          "completed": true,
          "hasViolations": false,
          "hasWarnings": false,
          "hasSafe": true,
          "hasConflicts": false,
          "violations": [],
          "warnings": [],
          "safe": [
            501,
            501,
            501,
            841,
            841,
            841,
            841,
            841,
            501,
            501,
            501,
            841,
            841,
            841,
            841,
            841,
            501,
            501,
            501,
            841,
            841,
            841,
            841,
            841,
            501,
            501,
            501,
            841,
            841,
            841,
            841,
            841,
            501,
            501,
            501,
            841,
            841,
            841,
            841,
            841,
            501,
            501,
            501,
            841,
            841,
            841,
            841,
            841
          ],
          "conflicts": []
        },
        "UnhandledException": {
          "completed": true,
          "hasViolations": false,
          "hasWarnings": false,
          "hasSafe": true,
          "hasConflicts": false,
          "violations": [],
          "warnings": [],