{
  "contract": "0x43c2b372cc7a9bd16a8e1ebcd5a3e56a820ecd22",
  "tool": "securify",
  "start": 1563757673.6042447,
  "end": 1563758080.9466176,
  "duration": 407.3423728942871,
  "analysis": {
    "0x43c2b372cc7a9bd16a8e1ebcd5a3e56a820ecd22": {
      "results": {
        "DAO": {
          "completed": true,
          "hasViolations": false,
          "hasWarnings": false,
          "hasSafe": false,
          "hasConflicts": false,
          "violations": [],
          "warnings": [],
          "safe": [],
          "conflicts": []
        },
        "DAOConstantGas": {
          "completed": true,
          "hasViolations": false,
          "hasWarnings": false,
          "hasSafe": false,
          "hasConflicts": false,
          "violations": [],
          "warnings": [],
          "safe": [],
          "conflicts": []
        },
        "MissingInputValidation": {
          "completed": true,
          "hasViolations": true,
          "hasWarnings": true,
          "hasSafe": true,
          "hasConflicts": false,
          "violations": [
            830,
            911,
            1038,
            1196,
            830,
            911,
            1038,
            1196,
            830,
            830,
            911,
            1038,
            1196,
            830,
            1038,
            830,
            911,
            1038,
            1196,
            830,
            1038,
            830,
            911,
            1038,
            1196,
            830,
            1038,
            830,
            911,
            1038,
            1196,
            830,
            1038,
            1196
          ],
          "warnings": [
            1179,
            1179,
            1179,
            1179,
            1179,
            1179
          ],
          "safe": [
            707,
            1056,
            1223,
            1024,
            906,
            1056,
            707,
            1056,
            1223,
            1024,
            906,
            1056,
            707,
            1056,
            1223,
            1024,
            906,
            1056,
            707,
            1056,
            1223,
            1024,
            906,
            1056,
            906,
            707,
            1056,
            1223,
            1024,
            906,
            1056,
            906,
            1024,
            707,
            1056,
            1223,
            1024,
            906,
            1056,
            906,
            1024
          ],
          "conflicts": []
        },
        "TODAmount": {
          "completed": true,
          "hasViolations": false,
          "hasWarnings": false,
          "hasSafe": false,
          "hasConflicts": false,
          "violations": [],
          "warnings": [],
          "safe": [],
          "conflicts": []
        },
        "TODReceiver": {
          "completed": true,
          "hasViolations": false,
          "hasWarnings": false,
          "hasSafe": false,
          "hasConflicts": false,
          "violations": [],
          "warnings": [],
          "safe": [],
          "conflicts": []
        },
        "TODTransfer": {
          "completed": true,
          "hasViolations": false,
          "hasWarnings": false,
          "hasSafe": false,
          "hasConflicts": false,
          "violations": [],
          "warnings": [],
          "safe": [],
          "conflicts": []
        },
        "UnhandledException": {
          "completed": true,
          "hasViolations": false,
          "hasWarnings": false,
          "hasSafe": false,
          "hasConflicts": false,
          "violations": [],
          "warnings": [],
          "safe": [],
          "conflicts": []
        },
        "UnrestrictedEtherFlow": {
          "completed": true,
          "hasViolations": false,
          "hasWarnings": false,
          "hasSafe": false,
          "hasConflicts": false,
          "violations": [],
          "warnings": [],
          "safe": [],
          "conflicts": []
        }
      }
    }
  }
}