{
  "contract": "0x06117df6a48d94402a2ccace1fb01c78328c95e4",
  "tool": "securify",
  "start": 1563399212.4268103,
  "end": 1563401046.2992423,
  "duration": 1833.8724319934845,
  "analysis": {
    "0x06117df6a48d94402a2ccace1fb01c78328c95e4": {
      "results": {
        "DAO": {
          "completed": true,
          "hasViolations": false,
          "hasWarnings": false,
          "hasSafe": false,
          "hasConflicts": false,
          "violations": [],
          "warnings": [],
          "safe": [],
          "conflicts": []
        },
        "DAOConstantGas": {
          "completed": true,
          "hasViolations": false,
          "hasWarnings": false,
          "hasSafe": false,
          "hasConflicts": false,
          "violations": [],
          "warnings": [],
          "safe": [],
          "conflicts": []
        },
        "MissingInputValidation": {
          "completed": true,
          "hasViolations": true,
          "hasWarnings": false,
          "hasSafe": true,
          "hasConflicts": false,
          "violations": [
            733,
            500,
            419,
            760,
            899,
            1098,
            733,
            500,
            419,
            760,
            899,
            1098,
            733,
            500,
            419,
            760,
            899,
            1098,
            1699,
            733,
            500,
            419,
            760,
            899,
            1098,
            1699,
            1179,
            733,
            500,
            419,
            760,
            899,
            1098,
            1699,
            1179,
            733,
            500,
            419,
            760,
            899,
            1098,
            1699,
            1179,
            1838
          ],
          "warnings": [],
          "safe": [
            495,
            495,
            1426,
            495,
            1426,
            495,
            1426,
            495,
            1426,
            1576,
            495,
            1426,
            1576
          ],
          "conflicts": []
        },
        "TODAmount": {
          "completed": true,
          "hasViolations": false,
          "hasWarnings": false,
          "hasSafe": false,
          "hasConflicts": false,
          "violations": [],
          "warnings": [],
          "safe": [],
          "conflicts": []
        },
        "TODReceiver": {
          "completed": true,
          "hasViolations": false,
          "hasWarnings": false,
          "hasSafe": false,
          "hasConflicts": false,
          "violations": [],
          "warnings": [],
          "safe": [],
          "conflicts": []
        },
        "TODTransfer": {
          "completed": true,
          "hasViolations": false,
          "hasWarnings": false,
          "hasSafe": false,
          "hasConflicts": false,
          "violations": [],
          "warnings": [],
          "safe": [],
          "conflicts": []
        },
        "UnhandledException": {
          "completed": true,
          "hasViolations": false,
          "hasWarnings": false,
          "hasSafe": true,
          "hasConflicts": false,
          "violations": [],
          "warnings": [],
          "safe": [
            2063
          ],
          "conflicts": []
        },
        "UnrestrictedEtherFlow": {
          "completed": true,
          "hasViolations": false,
          "hasWarnings": false,
          "hasSafe": true,
          "hasConflicts": false,
          "violations": [],
          "warnings": [],
          "safe": [
            2063
          ],
          "conflicts": []
        }
      }
    }
  }
}