{
  "contract": "0xf1e48e34984a4d62716b50316b988baa17a66dfe",
  "tool": "securify",
  "start": 1563629202.8908145,
  "end": 1563629695.085341,
  "duration": 492.1945264339447,
  "analysis": {
    "0xf1e48e34984a4d62716b50316b988baa17a66dfe": {
      "results": {
        "DAO": {
          "completed": true,
          "hasViolations": false,
          "hasWarnings": false,
          "hasSafe": false,
          "hasConflicts": false,
          "violations": [],
          "warnings": [],
          "safe": [],
          "conflicts": []
        },
        "DAOConstantGas": {
          "completed": true,
          "hasViolations": false,
          "hasWarnings": false,
          "hasSafe": true,
          "hasConflicts": false,
          "violations": [],
          "warnings": [],
          "safe": [
            4478,
            4478,
            4478,
            4478,
            4478,
            4478,
            4478,
            4478,
            4478,
            4478,
            4478
          ],
          "conflicts": []
        },
        "MissingInputValidation": {
          "completed": true,
          "error": "analysis failed",
          "hasViolations": true,
          "hasWarnings": true,
          "hasSafe": true,
          "hasConflicts": false,
          "violations": [
            4359,
            4359,
            4622,
            4359,
            4622,
            4359,
            4622,
            4359,
            4622,
            4359,
            4622,
            4359,
            4622,
            4359,
            4622,
            4359,
            4622
          ],
          "warnings": [
            4401,
            4401,
            3882,
            4401,
            3882,
            4401,
            3882,
            4401,
            3882,
            850,
            4401,
            3882,
            850,
            4401,
            3882,
            850,
            3618,
            4401,
            3882,
            850,
            3618,
            4401,
            3882,
            850,
            3618,
            4401,
            3882,
            850,
            3618,
            4401,
            3882,
            850,
            3618
          ],
          "safe": [
            4649,
            4649,
            4649,
            4649,
            4649,
            4649,
            4649,
            3601,
            4649,
            3601,
            4649,
            3601,
            3764,
            4649,
            3601,
            3764,
            4393,
            4649,
            3601,
            3764,
            4393,
            3750,
            4649,
            3601,
            3764,
            4393,
            3750
          ],
          "conflicts": []
        },
        "TODAmount": {
          "completed": true,
          "hasViolations": false,
          "hasWarnings": true,
          "hasSafe": false,
          "hasConflicts": false,
          "violations": [],
          "warnings": [
            4478,
            4478,
            4478,
            4478,
            4478,
            4478,
            4478,
            4478,
            4478,
            4478,
            4478
          ],
          "safe": [],
          "conflicts": []
        },
        "TODReceiver": {
          "completed": true,
          "hasViolations": false,
          "hasWarnings": false,
          "hasSafe": true,
          "hasConflicts": false,
          "violations": [],
          "warnings": [],
          "safe": [
            4478,
            4478,
            4478,
            4478,
            4478,
            4478,
            4478,
            4478,
            4478,
            4478,
            4478
          ],
          "conflicts": []
        },
        "TODTransfer": {
          "completed": true,
          "hasViolations": false,
          "hasWarnings": false,
          "hasSafe": true,
          "hasConflicts": false,
          "violations": [],
          "warnings": [],
          "safe": [
            4478,
            4478,
            4478,
            4478,
            4478,
            4478,
            4478,
            4478,
            4478,
            4478,
            4478
          ],
          "conflicts": []
        },
        "UnhandledException": {
          "completed": true,
          "hasViolations": false,
          "hasWarnings": false,
          "hasSafe": true,
          "hasConflicts": false,
          "violations": [],
          "warnings": [],
          "safe": [
            4478,
            4478,
            4478,
            4478,
            4478,
            4478,
            4478,
            4478,
            4478,
            4478,
            4478
          ],
          "conflicts": []
        },
        "UnrestrictedEtherFlow": {
          "completed": true,
          "hasViolations": false,
          "hasWarnings": true,
          "hasSafe": false,
          "hasConflicts": false,
          "violations": [],
          "warnings": [
            4478,
            4478,
            4478,
            4478,
            4478,
            4478,
            4478,
            4478,
            4478,
            4478,
            4478
          ],
          "safe": [],
          "conflicts": []
        }
      }
    }
  }
}