{
  "contract": "0x15823159eba7aad58da974d577df494cf1c30d41",
  "tool": "securify",
  "start": 1563636152.6140397,
  "end": 1563636644.3560796,
  "duration": 491.74203991889954,
  "analysis": {
    "0x15823159eba7aad58da974d577df494cf1c30d41": {
      "results": {
        "DAO": {
          "completed": true,
          "hasViolations": false,
          "hasWarnings": false,
          "hasSafe": false,
          "hasConflicts": false,
          "violations": [],
          "warnings": [],
          "safe": [],
          "conflicts": []
        },
        "DAOConstantGas": {
          "completed": true,
          "hasViolations": false,
          "hasWarnings": false,
          "hasSafe": false,
          "hasConflicts": false,
          "violations": [],
          "warnings": [],
          "safe": [],
          "conflicts": []
        },
        "MissingInputValidation": {
          "completed": true,
          "hasViolations": true,
          "hasWarnings": false,
          "hasSafe": true,
          "hasConflicts": false,
          "violations": [
            2078,
            1453,
            2217,
            1548,
            2464,
            1923,
            500,
            2078,
            1453,
            2217,
            1548,
            2464,
            1923,
            500,
            733,
            2078,
            1453,
            2217,
            1548,
            2464,
            1923,
            500,
            733,
            899,
            2078,
            1453,
            2217,
            1548,
            2464,
            1923,
            500,
            733,
            899,
            419,
            2078,
            1453,
            2217,
            1548,
            2464,
            1923,
            500,
            733,
            899,
            419
          ],
          "warnings": [],
          "safe": [
            1330,
            1950,
            1955,
            1529,
            1534,
            1795,
            1781,
            1918,
            1330,
            1950,
            1955,
            1529,
            1534,
            1795,
            1781,
            1918,
            1330,
            1950,
            1955,
            1529,
            1534,
            1795,
            1781,
            1918,
            1330,
            1950,
            1955,
            1529,
            1534,
            1795,
            1781,
            1918,
            1330,
            1950,
            1955,
            1529,
            1534,
            1795,
            1781,
            1918,
            495
          ],
          "conflicts": []
        },
        "TODAmount": {
          "completed": true,
          "hasViolations": false,
          "hasWarnings": false,
          "hasSafe": false,
          "hasConflicts": false,
          "violations": [],
          "warnings": [],
          "safe": [],
          "conflicts": []
        },
        "TODReceiver": {
          "completed": true,
          "hasViolations": false,
          "hasWarnings": false,
          "hasSafe": false,
          "hasConflicts": false,
          "violations": [],
          "warnings": [],
          "safe": [],
          "conflicts": []
        },
        "TODTransfer": {
          "completed": true,
          "hasViolations": false,
          "hasWarnings": false,
          "hasSafe": false,
          "hasConflicts": false,
          "violations": [],
          "warnings": [],
          "safe": [],
          "conflicts": []
        },
        "UnhandledException": {
          "completed": true,
          "hasViolations": false,
          "hasWarnings": false,
          "hasSafe": true,
          "hasConflicts": false,
          "violations": [],
          "warnings": [],
          "safe": [
            2442,
            2442,
            2442,
            2442,
            2442
          ],
          "conflicts": []
        },
        "UnrestrictedEtherFlow": {
          "completed": true,
          "hasViolations": false,
          "hasWarnings": false,
          "hasSafe": true,
          "hasConflicts": false,
          "violations": [],
          "warnings": [],
          "safe": [
            2442,
            2442,
            2442,
            2442,
            2442
          ],
          "conflicts": []
        }
      }
    }
  }
}