{
  "contract": "0x50d998d0faf680b9cf44d6cfd9f7c3654056dcc5",
  "tool": "securify",
  "start": 1563774724.438382,
  "end": 1563775017.4151099,
  "duration": 292.9767279624939,
  "analysis": {
    "0x50d998d0faf680b9cf44d6cfd9f7c3654056dcc5": {
      "results": {
        "DAO": {
          "completed": true,
          "hasViolations": false,
          "hasWarnings": false,
          "hasSafe": false,
          "hasConflicts": false,
          "violations": [],
          "warnings": [],
          "safe": [],
          "conflicts": []
        },
        "DAOConstantGas": {
          "completed": true,
          "hasViolations": false,
          "hasWarnings": false,
          "hasSafe": true,
          "hasConflicts": false,
          "violations": [],
          "warnings": [],
          "safe": [
            814,
            1270,
            814,
            1270,
            814,
            1270,
            814,
            1270,
            814,
            1270,
            814,
            1270,
            814,
            1270
          ],
          "conflicts": []
        },
        "MissingInputValidation": {
          "completed": true,
          "hasViolations": true,
          "hasWarnings": true,
          "hasSafe": true,
          "hasConflicts": false,
          "violations": [
            1511,
            1511,
            1269,
            1511,
            1269,
            1534,
            1511,
            1269,
            1534,
            1511,
            1269,
            1534,
            1511,
            1269,
            1534,
            1511,
            1269,
            1534,
            1578
          ],
          "warnings": [
            1287,
            1287,
            609,
            1287,
            609
          ],
          "safe": [
            1622,
            1622,
            1622,
            1622
          ],
          "conflicts": []
        },
        "TODAmount": {
          "completed": true,
          "hasViolations": false,
          "hasWarnings": true,
          "hasSafe": false,
          "hasConflicts": false,
          "violations": [],
          "warnings": [
            814,
            1270,
            814,
            1270,
            814,
            1270,
            814,
            1270,
            814,
            1270,
            814,
            1270,
            814,
            1270
          ],
          "safe": [],
          "conflicts": []
        },
        "TODReceiver": {
          "completed": true,
          "hasViolations": false,
          "hasWarnings": true,
          "hasSafe": false,
          "hasConflicts": false,
          "violations": [],
          "warnings": [
            814,
            1270,
            814,
            1270,
            814,
            1270,
            814,
            1270,
            814,
            1270,
            814,
            1270,
            814,
            1270
          ],
          "safe": [],
          "conflicts": []
        },
        "TODTransfer": {
          "completed": true,
          "hasViolations": false,
          "hasWarnings": false,
          "hasSafe": true,
          "hasConflicts": false,
          "violations": [],
          "warnings": [],
          "safe": [
            814,
            1270,
            814,
            1270,
            814,
            1270,
            814,
            1270,
            814,
            1270,
            814,
            1270,
            814,
            1270
          ],
          "conflicts": []
        },
        "UnhandledException": {
          "completed": true,
          "hasViolations": false,
          "hasWarnings": false,
          "hasSafe": true,
          "hasConflicts": false,
          "violations": [],
          "warnings": [],
          "safe": [
            814,
            1270,
            814,
            1270,
            814,
            1270,
            814,
            1270,
            814,
            1270,
            814,
            1270,
            814,
            1270
          ],
          "conflicts": []
        },
        "UnrestrictedEtherFlow": {
          "completed": true,
          "hasViolations": false,
          "hasWarnings": true,
          "hasSafe": true,
          "hasConflicts": false,
          "violations": [],
          "warnings": [
            814,
            814,
            814,
            814,
            814,
            814,
            814
          ],
          "safe": [
            1270,
            1270,
            1270,
            1270,
            1270,
            1270,
            1270
          ],
          "conflicts": []
        }
      }
    }
  }
}