{
  "contract": "0x6b49586597da3742f4224a13495ca91add35639e",
  "tool": "securify",
  "start": 1563776781.223349,
  "end": 1563777221.843016,
  "duration": 440.6196668148041,
  "analysis": {
    "0x6b49586597da3742f4224a13495ca91add35639e": {
      "results": {
        "DAO": {
          "completed": true,
          "hasViolations": false,
          "hasWarnings": false,
          "hasSafe": true,
          "hasConflicts": false,
          "violations": [],
          "warnings": [],
          "safe": [
            501,
            501,
            501,
            841,
            841,
            841,
            841,
            841,
            501,
            501,
            501,
            841,
            841,
            841,
            841,
            841,
            501,
            501,
            501,
            841,
            841,
            841,
            841,
            841,
            2758,
            501,
            501,
            501,
            841,
            841,
            841,
            841,
            841,
            2758,
            501,
            501,
            501,
            841,
            841,
            841,
            841,
            841,
            2758,
            501,
            501,
            501,
            841,
            841,
            841,
            841,
            841,
            2758,
            501,
            501,
            501,
            841,
            841,
            841,
            841,
            841,
            2758,
            501,
            501,
            501,
            841,
            841,
            841,
            841,
            841,
            2758,
            2758
          ],
          "conflicts": []
        },
        "DAOConstantGas": {
          "completed": true,
          "hasViolations": false,
          "hasWarnings": false,
          "hasSafe": false,
          "hasConflicts": false,
          "violations": [],
          "warnings": [],
          "safe": [],
          "conflicts": []
        },
        "MissingInputValidation": {
          "completed": true,
          "hasViolations": false,
          "hasWarnings": true,
          "hasSafe": true,
          "hasConflicts": false,
          "violations": [],
          "warnings": [
            254,
            190,
            395,
            473,
            254,
            190,
            395,
            473,
            254,
            190,
            395,
            473,
            1985,
            254,
            190,
            395,
            473,
            1985,
            254,
            190,
            395,
            473,
            1985,
            254,
            190,
            395,
            473,
            1985,
            254,
            190,
            395,
            473,
            1985,
            254,
            190,
            395,
            473,
            1985,
            2068
          ],
          "safe": [
            332,
            318,
            346,
            459,
            274,
            686,
            537,
            672,
            551,
            2063,
            332,
            318,
            346,
            459,
            274,
            686,
            537,
            672,
            551,
            2063,
            1971,
            332,
            318,
            346,
            459,
            274,
            686,
            537,
            672,
            551,
            2063,
            1971,
            332,
            318,
            346,
            459,
            274,
            686,
            537,
            672,
            551,
            2063,
            1971,
            1260,
            332,
            318,
            346,
            459,
            274,
            686,
            537,
            672,
            551,
            2063,
            1971,
            1260,
            2913,
            332,
            318,
            346,
            459,
            274,
            686,
            537,
            672,
            551,
            2063,
            1971,
            1260,
            2913,
            2889,
            332,
            318,
            346,
            459,
            274,
            686,
            537,
            672,
            551,
            2063,
            1971,
            1260,
            2913,
            2889,
            1779,
            332,
            318,
            346,
            459,
            274,
            686,
            537,
            672,
            551,
            2063,
            1971,
            1260,
            2913,
            2889,
            1779
          ],
          "conflicts": []
        },
        "TODAmount": {
          "completed": true,
          "hasViolations": false,
          "hasWarnings": true,
          "hasSafe": false,
          "hasConflicts": false,
          "violations": [],
          "warnings": [
            501,
            501,
            501,
            841,
            841,
            841,
            841,
            841,
            501,
            501,
            501,
            841,
            841,
            841,
            841,
            841,
            501,
            501,
            501,
            841,
            841,
            841,
            841,
            841,
            2758,
            501,
            501,
            501,
            841,
            841,
            841,
            841,
            841,
            2758,
            501,
            501,
            501,
            841,
            841,
            841,
            841,
            841,
            2758,
            501,
            501,
            501,
            841,
            841,
            841,
            841,
            841,
            2758,
            501,
            501,
            501,
            841,
            841,
            841,
            841,
            841,
            2758,
            501,
            501,
            501,
            841,
            841,
            841,
            841,
            841,
            2758,
            2758
          ],
          "safe": [],
          "conflicts": []
        },
        "TODReceiver": {
          "completed": true,
          "hasViolations": false,
          "hasWarnings": true,
          "hasSafe": false,
          "hasConflicts": false,
          "violations": [],
          "warnings": [
            501,
            501,
            501,
            841,
            841,
            841,
            841,
            841,
            501,
            501,
            501,
            841,
            841,
            841,
            841,
            841,
            501,
            501,
            501,
            841,
            841,
            841,
            841,
            841,
            2758,
            501,
            501,
            501,
            841,
            841,
            841,
            841,
            841,
            2758,
            501,
            501,
            501,
            841,
            841,
            841,
            841,
            841,
            2758,
            501,
            501,
            501,
            841,
            841,
            841,
            841,
            841,
            2758,
            501,
            501,
            501,
            841,
            841,
            841,
            841,
            841,
            2758,
            501,
            501,
            501,
            841,
            841,
            841,
            841,
            841,
            2758,
            2758
          ],
          "safe": [],
          "conflicts": []
        },
        "TODTransfer": {
          "completed": true,
          "hasViolations": false,
          "hasWarnings": false,
          "hasSafe": true,