{
  "contract": "0xe8d5a2fc2ff2d5de90c98daa6aaed8b250d7965b",
  "tool": "securify",
  "start": 1563593112.689043,
  "end": 1563593480.7484357,
  "duration": 368.05939269065857,
  "analysis": {
    "0xe8d5a2fc2ff2d5de90c98daa6aaed8b250d7965b": {
      "results": {
        "DAO": {
          "completed": true,
          "hasViolations": false,
          "hasWarnings": false,
          "hasSafe": false,
          "hasConflicts": false,
          "violations": [],
          "warnings": [],
          "safe": [],
          "conflicts": []
        },
        "DAOConstantGas": {
          "completed": true,
          "hasViolations": false,
          "hasWarnings": false,
          "hasSafe": true,
          "hasConflicts": false,
          "violations": [],
          "warnings": [],
          "safe": [
            2678,
            2678,
            2678,
            2678,
            2678,
            2678,
            2678,
            2678,
            2678,
            2678,
            2678
          ],
          "conflicts": []
        },
        "MissingInputValidation": {
          "completed": true,
          "hasViolations": true,
          "hasWarnings": true,
          "hasSafe": true,
          "hasConflicts": false,
          "violations": [
            2392,
            2392,
            2392,
            1847,
            2392,
            1847,
            1865,
            2392,
            1847,
            1865,
            2392,
            1847,
            1865,
            1553,
            2392,
            1847,
            1865,
            1553,
            2392,
            1847,
            1865,
            1553,
            2802,
            2392,
            1847,
            1865,
            1553,
            2802,
            2392,
            1847,
            1865,
            1553,
            2802,
            2700,
            2392,
            1847,
            1865,
            1553,
            2802,
            2700,
            1389,
            2392,
            1847,
            1865,
            1553,
            2802,
            2700,
            1389,
            2369,
            2392,
            1847,
            1865,
            1553,
            2802,
            2700,
            1389,
            2369,
            2392,
            1847,
            1865,
            1553,
            2802,
            2700,
            1389,
            2369,
            2392,
            1847,
            1865,
            1553,
            2802,
            2700,
            1389,
            2369,
            1989,
            2392,
            1847,
            1865,
            1553,
            2802,
            2700,
            1389,
            2369,
            1989,
            2392,
            1847,
            1865,
            1553,
            2802,
            2700,
            1389,
            2369,
            1989
          ],
          "warnings": [
            2358,
            2358,
            2358,
            2627,
            2358,
            2627,
            2358,
            2627,
            2358,
            2627,
            2358,
            2627,
            2358,
            2627,
            2358,
            2627,
            2358,
            2627,
            2358,
            2627,
            2358,
            2627,
            2358,
            2627
          ],
          "safe": [
            2851,
            2851,
            2851,
            2851,
            2851,
            2851,
            2851,
            2851,
            1603,
            2851,
            1603,
            2851,
            1603,
            2851,
            1603,
            2851,
            1603,
            1721,
            2851,
            1603,
            1721,
            1735,
            2851,
            1603,
            1721,
            1735,
            2851,
            1603,
            1721,
            1735,
            2192,
            2851,
            1603,
            1721,
            1735,
            2192,
            2197
          ],
          "conflicts": []
        },
        "TODAmount": {
          "completed": true,
          "hasViolations": false,
          "hasWarnings": true,
          "hasSafe": false,
          "hasConflicts": false,
          "violations": [],
          "warnings": [
            2678,
            2678,
            2678,
            2678,
            2678,
            2678,
            2678,
            2678,
            2678,
            2678,
            2678
          ],
          "safe": [],
          "conflicts": []
        },
        "TODReceiver": {
          "completed": true,
          "hasViolations": false,
          "hasWarnings": false,
          "hasSafe": true,
          "hasConflicts": false,
          "violations": [],
          "warnings": [],
          "safe": [
            2678,
            2678,
            2678,
            2678,
            2678,
            2678,
            2678,
            2678,
            2678,
            2678,
            2678
          ],
          "conflicts": []
        },
        "TODTransfer": {
          "completed": true,
          "hasViolations": false,
          "hasWarnings": false,
          "hasSafe": true,
          "hasConflicts": false,
          "violations": [],
          "warnings": [],
          "safe": [
            2678,
            2678,
            2678,
            2678,
            2678,
            2678,
            2678,
            2678,
            2678,
            2678,
            2678
          ],
          "conflicts": []
        },
        "UnhandledException": {
          "completed": true,
          "hasViolations": false,
          "hasWarnings": false,
          "hasSafe": true,
          "hasConflicts": false,
          "violations": [],
          "warnings": [],
          "safe": [
            2568,
            2568,
            2568,
            2568,
            2568,
            2568,
            2568,
            2678,
            2568,
            2678,
            2568,
            2678,
            2568,
            2678,
            2568,
            2678,
            2568,
            2678,
            2568,
            2678,
            2568,
            2678,
            2568,
            2678,
            2568,
            2678,
            2568,
            2678
          ],
          "conflicts": []
        },
        "UnrestrictedEtherFlow": {
          "completed": true,
          "hasViolations": false,
          "hasWarnings": true,
          "hasSafe": true,
          "hasConflicts": false,
          "violations": [],
          "warnings": [
            2678,
            2678,
            2678,
            2678,
            2678,
            2678,
            2678,
            2678,
            2678,
            2678,
            2678
          ],
          "safe": [
            2568,
            2568,
            2568,
            2568,
            2568,
            2568,
            2568,
            2568,
            2568,
            2568,
            2568,
            2568,
            2568,
            2568,
            2568,
            2568,
            2568
          ],
          "conflicts": []
        }
      }
    }
  }
}