{
  "contract": "0x96e8db82f48d4681a8dc75c7cda449b100685b36",
  "tool": "securify",
  "start": 1563655642.373868,
  "end": 1563657445.1487358,
  "duration": 1802.774867773056,
  "analysis": {
    "0x96e8db82f48d4681a8dc75c7cda449b100685b36": {
      "results": {
        "DAO": {
          "completed": true,
          "hasViolations": false,
          "hasWarnings": false,
          "hasSafe": false,
          "hasConflicts": false,
          "violations": [],
          "warnings": [],
          "safe": [],
          "conflicts": []
        },
        "DAOConstantGas": {
          "completed": true,
          "hasViolations": false,
          "hasWarnings": false,
          "hasSafe": false,
          "hasConflicts": false,
          "violations": [],
          "warnings": [],
          "safe": [],
          "conflicts": []
        },
        "MissingInputValidation": {
          "completed": true,
          "hasViolations": true,
          "hasWarnings": true,
          "hasSafe": true,
          "hasConflicts": false,
          "violations": [
            973,
            852,
            574,
            768,
            973,
            852,
            574,
            768,
            973,
            852,
            574,
            768,
            1317,
            973,
            852,
            574,
            768,
            1317,
            973,
            852,
            574,
            768,
            1317,
            973,
            852,
            574,
            768,
            1317,
            973,
            852,
            574,
            768,
            1317
          ],
          "warnings": [
            1660,
            1397,
            1660,
            1402,
            873,
            1131,
            1192,
            1450,
            726,
            1660,
            1397,
            1660,
            1402,
            873,
            1131,
            1192,
            1450,
            726,
            1660,
            1397,
            1660,
            1402,
            873,
            1131,
            1192,
            1450,
            726,
            1660,
            1397,
            1660,
            1402,
            873,
            1131,
            1192,
            1450,
            726,
            1660,
            1397,
            1660,
            1402,
            873,
            1131,
            1192,
            1450,
            726,
            1660,
            1397,
            1660,
            1402,
            873,
            1131,
            1192,
            1450,
            726,
            2234,
            1660,
            1397,
            1660,
            1402,
            873,
            1131,
            1192,
            1450,
            726,
            2234
          ],
          "safe": [
            547,
            1655,
            737,
            1272,
            1201,
            1950,
            996,
            1917,
            1383,
            863,
            1010,
            889,
            1080,
            547,
            1950,
            1917,
            1276,
            1151,
            875,
            737,
            742,
            1262,
            1421,
            597,
            384,
            1388,
            859,
            788,
            805,
            1067,
            1740,
            996,
            1178,
            791,
            1707,
            468,
            658,
            547,
            1655,
            737,
            1272,
            1201,
            1950,
            996,
            1917,
            1383,
            863,
            1010,
            889,
            1080,
            547,
            1950,
            1917,
            1276,
            1151,
            875,
            737,
            742,
            1262,
            1421,
            597,
            384,
            1388,
            859,
            788,
            805,
            1067,
            1740,
            996,
            1178,
            791,
            1707,
            468,
            658,
            2749,
            547,
            1655,
            737,
            1272,
            1201,
            1950,
            996,
            1917,
            1383,
            863,
            1010,
            889,
            1080,
            547,
            1950,
            1917,
            1276,
            1151,
            875,
            737,
            742,
            1262,
            1421,
            597,
            384,
            1388,
            859,
            788,
            805,
            1067,
            1740,
            996,
            1178,
            791,
            1707,
            468,
            658,
            2749,
            547,
            1655,
            737,
            1272,
            1201,
            1950,
            996,
            1917,
            1383,
            863,
            1010,
            889,
            1080,
            547,
            1950,
            1917,
            1276,
            1151,
            875,
            737,
            742,
            1262,
            1421,
            597,
            384,
            1388,
            859,
            788,
            805,
            1067,
            1740,
            996,
            1178,
            791,
            1707,
            468,
            658,
            2749,
            1207,
            547,
            1655,
            737,
            1272,
            1201,
            1950,
            996,
            1917,
            1383,
            863,
            1010,
            889,
            1080,
            547,
            1950,
            1917,
            1276,
            1151,
            875,
            737,
            742,
            1262,
            1421,
            597,
            384,
            1388,
            859,
            788,
            805,
            1067,
            1740,
            996,
            1178,
            791,
            1707,
            468,
            658,
            2749,
            1207,
            1340,
            547,
            1655,
            737,
            1272,
            1201,
            1950,
            996,
            1917,
            1383,
            863,
            1010,
            889,
            1080,
            547,
            1950,
            1917,
            1276,
            1151,
            875,
            737,
            742,
            1262,
            1421,
            597,
            384,
            1388,
            859,
            788,
            805,
            1067,
            1740,
            996,
            1178,
            791,
            1707,
            468,
            658,
            2749,
            1207,
            1340,
            547,
            1655,
            737,
            1272,
            1201,
            1950,
            996,
            1917,
            1383,
            863,
            1010,
            889,
            1080,
            547,
            1950,
            1917,
            1276,
            1151,
            875,
            737,
            742,
            1262,
            1421,
            597,
            384,
            1388,
            859,
            788,
            805,
            1067,
            1740,
            996,
            1178,
            791,
            1707,
            468,
            658,
            2749,
            1207,
            1340,
            2963
          ],
          "conflicts": []
        },
        "TODAmount": {
          "completed": true,
          "hasViolations": false,
          "hasWarnings": false,
          "hasSafe": false,
          "hasConflicts": false,
          "violations": [],
          "warnings": [],
          "safe": [],
          "conflicts": []
        },