{
  "contract": "0x375ea8da180ebb6f5adaa6090fa0ae31346e62bf",
  "tool": "securify",
  "start": 1563482700.082666,
  "end": 1563483144.669017,
  "duration": 444.58635115623474,
  "analysis": {
    "0x375ea8da180ebb6f5adaa6090fa0ae31346e62bf": {
      "results": {
        "DAO": {
          "completed": true,
          "hasViolations": false,
          "hasWarnings": false,
          "hasSafe": false,
          "hasConflicts": false,
          "violations": [],
          "warnings": [],
          "safe": [],
          "conflicts": []
        },
        "DAOConstantGas": {
          "completed": true,
          "hasViolations": false,
          "hasWarnings": false,
          "hasSafe": false,
          "hasConflicts": false,
          "violations": [],
          "warnings": [],
          "safe": [],
          "conflicts": []
        },
        "MissingInputValidation": {
          "completed": true,
          "hasViolations": true,
          "hasWarnings": true,
          "hasSafe": true,
          "hasConflicts": false,
          "violations": [
            670,
            1068,
            1285,
            900,
            593,
            670,
            1068,
            1285,
            900,
            593,
            670,
            1068,
            1285,
            900,
            593,
            670,
            1068,
            1285,
            900,
            593,
            670,
            1068,
            1285,
            900,
            593,
            670,
            1068,
            1285,
            900,
            593,
            670,
            1068,
            1285,
            900,
            593
          ],
          "warnings": [
            937,
            552,
            937,
            552,
            360,
            937,
            552,
            360,
            937,
            552,
            360,
            937,
            552,
            360,
            630,
            937,
            552,
            360,
            630,
            937,
            552,
            360,
            630
          ],
          "safe": [
            1054,
            1184,
            785,
            923,
            1054,
            1184,
            785,
            923,
            1054,
            1184,
            785,
            923,
            747,
            1054,
            1184,
            785,
            923,
            747,
            616,
            1054,
            1184,
            785,
            923,
            747,
            616,
            1054,
            1184,
            785,
            923,
            747,
            616,
            761,
            1054,
            1184,
            785,
            923,
            747,
            616,
            761,
            478
          ],
          "conflicts": []
        },
        "TODAmount": {
          "completed": true,
          "hasViolations": false,
          "hasWarnings": false,
          "hasSafe": false,
          "hasConflicts": false,
          "violations": [],
          "warnings": [],
          "safe": [],
          "conflicts": []
        },
        "TODReceiver": {
          "completed": true,
          "hasViolations": false,
          "hasWarnings": false,
          "hasSafe": false,
          "hasConflicts": false,
          "violations": [],
          "warnings": [],
          "safe": [],
          "conflicts": []
        },
        "TODTransfer": {
          "completed": true,
          "hasViolations": false,
          "hasWarnings": false,
          "hasSafe": false,
          "hasConflicts": false,
          "violations": [],
          "warnings": [],
          "safe": [],
          "conflicts": []
        },
        "UnhandledException": {
          "completed": true,
          "hasViolations": false,
          "hasWarnings": false,
          "hasSafe": false,
          "hasConflicts": false,
          "violations": [],
          "warnings": [],
          "safe": [],
          "conflicts": []
        },
        "UnrestrictedEtherFlow": {
          "completed": true,
          "hasViolations": false,
          "hasWarnings": false,
          "hasSafe": false,
          "hasConflicts": false,
          "violations": [],
          "warnings": [],
          "safe": [],
          "conflicts": []
        }
      }
    }
  }
}