{
  "contract": "0xd6e354f07319e2474491d8c7c712137bee6862a2",
  "tool": "securify",
  "start": 1563650025.3474696,
  "end": 1563650274.3311217,
  "duration": 248.98365211486816,
  "analysis": {
    "0xd6e354f07319e2474491d8c7c712137bee6862a2": {
      "results": {
        "DAO": {
          "completed": true,
          "hasViolations": false,
          "hasWarnings": false,
          "hasSafe": true,
          "hasConflicts": false,
          "violations": [],
          "warnings": [],
          "safe": [
            501,
            501,
            501,
            841,
            501,
            501,
            501,
            841,
            501,
            501,
            501,
            841,
            841,
            501,
            501,
            501,
            841,
            841,
            501,
            501,
            501,
            841,
            841,
            841,
            501,
            501,
            501,
            841,
            841,
            841,
            841
          ],
          "conflicts": []
        },
        "DAOConstantGas": {
          "completed": true,
          "hasViolations": false,
          "hasWarnings": false,
          "hasSafe": false,
          "hasConflicts": false,
          "violations": [],
          "warnings": [],
          "safe": [],
          "conflicts": []
        },
        "MissingInputValidation": {
          "completed": true,
          "hasViolations": false,
          "hasWarnings": true,
          "hasSafe": true,
          "hasConflicts": false,
          "violations": [],
          "warnings": [
            254,
            190,
            473,
            254,
            190,
            473,
            254,
            190,
            473,
            254,
            190,
            473,
            254,
            190,
            473,
            395,
            254,
            190,
            473,
            395
          ],
          "safe": [
            332,
            318,
            346,
            332,
            318,
            346,
            537,
            332,
            318,
            346,
            537,
            274,
            332,
            318,
            346,
            537,
            274,
            672,
            332,
            318,
            346,
            537,
            274,
            672,
            332,
            318,
            346,
            537,
            274,
            672,
            551
          ],
          "conflicts": []
        },
        "TODAmount": {
          "completed": true,
          "hasViolations": false,
          "hasWarnings": true,
          "hasSafe": false,
          "hasConflicts": false,
          "violations": [],
          "warnings": [
            501,
            501,
            501,
            841,
            501,
            501,
            501,
            841,
            501,
            501,
            501,
            841,
            841,
            501,
            501,
            501,
            841,
            841,
            501,
            501,
            501,
            841,
            841,
            841,
            501,
            501,
            501,
            841,
            841,
            841,
            841
          ],
          "safe": [],
          "conflicts": []
        },
        "TODReceiver": {
          "completed": true,
          "hasViolations": false,
          "hasWarnings": true,
          "hasSafe": false,
          "hasConflicts": false,
          "violations": [],
          "warnings": [
            501,
            501,
            501,
            841,
            501,
            501,
            501,
            841,
            501,
            501,
            501,
            841,
            841,
            501,
            501,
            501,
            841,
            841,
            501,
            501,
            501,
            841,
            841,
            841,
            501,
            501,
            501,
            841,
            841,
            841,
            841
          ],
          "safe": [],
          "conflicts": []
        },
        "TODTransfer": {
          "completed": true,
          "hasViolations": false,
          "hasWarnings": false,
          "hasSafe": true,
          "hasConflicts": false,
          "violations": [],
          "warnings": [],
          "safe": [
            501,
            501,
            501,
            841,
            501,
            501,
            501,
            841,
            501,
            501,
            501,
            841,
            841,
            501,
            501,
            501,
            841,
            841,
            501,
            501,
            501,
            841,
            841,
            841,
            501,
            501,
            501,
            841,
            841,
            841,
            841
          ],
          "conflicts": []
        },
        "UnhandledException": {
          "completed": true,
          "hasViolations": false,
          "hasWarnings": false,
          "hasSafe": true,
          "hasConflicts": false,
          "violations": [],
          "warnings": [],
          "safe": [
            501,
            501,
            501,
            841,
            501,
            501,
            501,
            841,
            501,
            501,
            501,
            841,
            841,
            501,
            501,
            501,
            841,
            841,
            501,
            501,
            501,
            841,
            841,
            841,
            501,
            501,
            501,
            841,
            841,
            841,
            841
          ],
          "conflicts": []
        },
        "UnrestrictedEtherFlow": {
          "completed": true,
          "hasViolations": false,
          "hasWarnings": true,
          "hasSafe": false,
          "hasConflicts": false,
          "violations": [],
          "warnings": [
            501,
            501,
            501,
            841,
            501,
            501,
            501,
            841,
            501,
            501,
            501,
            841,
            841,
            501,
            501,
            501,
            841,
            841,
            501,
            501,
            501,
            841,
            841,
            841,
            501,
            501,
            501,
            841,
            841,
            841,
            841
          ],
          "safe": [],
          "conflicts": []
        }
      }
    }
  }
}