{
  "contract": "0x34c089e07e3a46a850d82835cc89a45564a8c37b",
  "tool": "securify",
  "start": 1563752732.9300673,
  "end": 1563753233.211371,
  "duration": 500.2813036441803,
  "analysis": {
    "0x34c089e07e3a46a850d82835cc89a45564a8c37b": {
      "results": {
        "DAO": {
          "completed": true,
          "hasViolations": false,
          "hasWarnings": false,
          "hasSafe": false,
          "hasConflicts": false,
          "violations": [],
          "warnings": [],
          "safe": [],
          "conflicts": []
        },
        "DAOConstantGas": {
          "completed": true,
          "hasViolations": false,
          "hasWarnings": false,
          "hasSafe": false,
          "hasConflicts": false,
          "violations": [],
          "warnings": [],
          "safe": [],
          "conflicts": []
        },
        "MissingInputValidation": {
          "completed": true,
          "hasViolations": true,
          "hasWarnings": false,
          "hasSafe": true,
          "hasConflicts": false,
          "violations": [
            1179,
            1549,
            2085,
            1098,
            1838,
            1699,
            899,
            1179,
            1549,
            2085,
            1098,
            1838,
            1699,
            899,
            419,
            1179,
            1549,
            2085,
            1098,
            1838,
            1699,
            899,
            419,
            733,
            1179,
            1549,
            2085,
            1098,
            1838,
            1699,
            899,
            419,
            733,
            1179,
            1549,
            2085,
            1098,
            1838,
            1699,
            899,
            419,
            733,
            760
          ],
          "warnings": [],
          "safe": [
            1426,
            1412,
            975,
            1174,
            1576,
            1426,
            1412,
            975,
            1174,
            1576,
            1426,
            1412,
            975,
            1174,
            1576,
            1426,
            1412,
            975,
            1174,
            1576,
            495,
            1426,
            1412,
            975,
            1174,
            1576,
            495
          ],
          "conflicts": []
        },
        "TODAmount": {
          "completed": true,
          "hasViolations": false,
          "hasWarnings": false,
          "hasSafe": false,
          "hasConflicts": false,
          "violations": [],
          "warnings": [],
          "safe": [],
          "conflicts": []
        },
        "TODReceiver": {
          "completed": true,
          "hasViolations": false,
          "hasWarnings": false,
          "hasSafe": false,
          "hasConflicts": false,
          "violations": [],
          "warnings": [],
          "safe": [],
          "conflicts": []
        },
        "TODTransfer": {
          "completed": true,
          "hasViolations": false,
          "hasWarnings": false,
          "hasSafe": false,
          "hasConflicts": false,
          "violations": [],
          "warnings": [],
          "safe": [],
          "conflicts": []
        },
        "UnhandledException": {
          "completed": true,
          "hasViolations": false,
          "hasWarnings": false,
          "hasSafe": true,
          "hasConflicts": false,
          "violations": [],
          "warnings": [],
          "safe": [
            2063,
            2063,
            2063,
            2063,
            2063
          ],
          "conflicts": []
        },
        "UnrestrictedEtherFlow": {
          "completed": true,
          "hasViolations": false,
          "hasWarnings": false,
          "hasSafe": true,
          "hasConflicts": false,
          "violations": [],
          "warnings": [],
          "safe": [
            2063,
            2063,
            2063,
            2063,
            2063
          ],
          "conflicts": []
        }
      }
    }
  }
}