{
  "contract": "0x40f2c50215e656aff88a7d816aa62569a996c11b",
  "tool": "securify",
  "start": 1563752869.1492982,
  "end": 1563753202.4158587,
  "duration": 333.2665605545044,
  "analysis": {
    "0x40f2c50215e656aff88a7d816aa62569a996c11b": {
      "results": {
        "DAO": {
          "completed": true,
          "hasViolations": false,
          "hasWarnings": false,
          "hasSafe": false,
          "hasConflicts": false,
          "violations": [],
          "warnings": [],
          "safe": [],
          "conflicts": []
        },
        "DAOConstantGas": {
          "completed": true,
          "hasViolations": false,
          "hasWarnings": false,
          "hasSafe": true,
          "hasConflicts": false,
          "violations": [],
          "warnings": [],
          "safe": [
            1014,
            1014,
            1014,
            1014
          ],
          "conflicts": []
        },
        "MissingInputValidation": {
          "completed": true,
          "hasViolations": true,
          "hasWarnings": false,
          "hasSafe": true,
          "hasConflicts": false,
          "violations": [
            765,
            516,
            419,
            792,
            947,
            765,
            516,
            419,
            792,
            947,
            765,
            516,
            419,
            792,
            947,
            900,
            765,
            516,
            419,
            792,
            947,
            900,
            765,
            516,
            419,
            792,
            947,
            900,
            765,
            516,
            419,
            792,
            947,
            900,
            1738
          ],
          "warnings": [],
          "safe": [
            511,
            1150,
            511,
            1150,
            1037,
            511,
            1150,
            1037,
            511,
            1150,
            1037,
            1408,
            511,
            1150,
            1037,
            1408,
            1562,
            511,
            1150,
            1037,
            1408,
            1562
          ],
          "conflicts": []
        },
        "TODAmount": {
          "completed": true,
          "hasViolations": false,
          "hasWarnings": true,
          "hasSafe": false,
          "hasConflicts": false,
          "violations": [],
          "warnings": [
            1014,
            1014,
            1014,
            1014
          ],
          "safe": [],
          "conflicts": []
        },
        "TODReceiver": {
          "completed": true,
          "hasViolations": false,
          "hasWarnings": false,
          "hasSafe": true,
          "hasConflicts": false,
          "violations": [],
          "warnings": [],
          "safe": [
            1014,
            1014,
            1014,
            1014
          ],
          "conflicts": []
        },
        "TODTransfer": {
          "completed": true,
          "hasViolations": false,
          "hasWarnings": false,
          "hasSafe": true,
          "hasConflicts": false,
          "violations": [],
          "warnings": [],
          "safe": [
            1014,
            1014,
            1014,
            1014
          ],
          "conflicts": []
        },
        "UnhandledException": {
          "completed": true,
          "hasViolations": false,
          "hasWarnings": false,
          "hasSafe": true,
          "hasConflicts": false,
          "violations": [],
          "warnings": [],
          "safe": [
            1014,
            1014,
            1014,
            1014
          ],
          "conflicts": []
        },
        "UnrestrictedEtherFlow": {
          "completed": true,
          "hasViolations": false,
          "hasWarnings": true,
          "hasSafe": false,
          "hasConflicts": false,
          "violations": [],
          "warnings": [
            1014,
            1014,
            1014,
            1014
          ],
          "safe": [],
          "conflicts": []
        }
      }
    }
  }
}