{
  "contract": "0x1fdf026b9298bbc7627a97dcf21db734050b840f",
  "tool": "securify",
  "start": 1563651344.431987,
  "end": 1563651647.9086921,
  "duration": 303.4767050743103,
  "analysis": {
    "0x1fdf026b9298bbc7627a97dcf21db734050b840f": {
      "results": {
        "DAO": {
          "completed": true,
          "hasViolations": false,
          "hasWarnings": false,
          "hasSafe": true,
          "hasConflicts": false,
          "violations": [],
          "warnings": [],
          "safe": [
            501,
            501,
            501,
            841,
            501,
            501,
            501,
            841,
            841,
            501,
            501,
            501,
            841,
            841,
            501,
            501,
            501,
            841,
            841,
            501,
            501,
            501,
            841,
            841,
            841,
            501,
            501,
            501,
            841,
            841,
            841,
            501,
            501,
            501,
            841,
            841,
            841,
            841,
            501,
            501,
            501,
            841,
            841,
            841,
            841,
            841
          ],
          "conflicts": []
        },
        "DAOConstantGas": {
          "completed": true,
          "hasViolations": false,
          "hasWarnings": false,
          "hasSafe": false,
          "hasConflicts": false,
          "violations": [],
          "warnings": [],
          "safe": [],
          "conflicts": []
        },
        "MissingInputValidation": {
          "completed": true,
          "hasViolations": false,
          "hasWarnings": true,
          "hasSafe": true,
          "hasConflicts": false,
          "violations": [],
          "warnings": [
            254,
            190,
            254,
            190,
            254,
            190,
            254,
            190,
            254,
            190,
            254,
            190,
            254,
            190,
            395,
            254,
            190,
            395,
            473
          ],
          "safe": [
            332,
            318,
            346,
            551,
            332,
            318,
            346,
            551,
            686,
            332,
            318,
            346,
            551,
            686,
            459,
            332,
            318,
            346,
            551,
            686,
            459,
            672,
            332,
            318,
            346,
            551,
            686,
            459,
            672,
            274,
            332,
            318,
            346,
            551,
            686,
            459,
            672,
            274,
            537,
            332,
            318,
            346,
            551,
            686,
            459,
            672,
            274,
            537,
            332,
            318,
            346,
            551,
            686,
            459,
            672,
            274,
            537
          ],
          "conflicts": []
        },
        "TODAmount": {
          "completed": true,
          "hasViolations": false,
          "hasWarnings": true,
          "hasSafe": false,
          "hasConflicts": false,
          "violations": [],
          "warnings": [
            501,
            501,
            501,
            841,
            501,
            501,
            501,
            841,
            841,
            501,
            501,
            501,
            841,
            841,
            501,
            501,
            501,
            841,
            841,
            501,
            501,
            501,
            841,
            841,
            841,
            501,
            501,
            501,
            841,
            841,
            841,
            501,
            501,
            501,
            841,
            841,
            841,
            841,
            501,
            501,
            501,
            841,
            841,
            841,
            841,
            841
          ],
          "safe": [],
          "conflicts": []
        },
        "TODReceiver": {
          "completed": true,
          "hasViolations": false,
          "hasWarnings": true,
          "hasSafe": false,
          "hasConflicts": false,
          "violations": [],
          "warnings": [
            501,
            501,
            501,
            841,
            501,
            501,
            501,
            841,
            841,
            501,
            501,
            501,
            841,
            841,
            501,
            501,
            501,
            841,
            841,
            501,
            501,
            501,
            841,
            841,
            841,
            501,
            501,
            501,
            841,
            841,
            841,
            501,
            501,
            501,
            841,
            841,
            841,
            841,
            501,
            501,
            501,
            841,
            841,
            841,
            841,
            841
          ],
          "safe": [],
          "conflicts": []
        },
        "TODTransfer": {
          "completed": true,
          "hasViolations": false,
          "hasWarnings": false,
          "hasSafe": true,
          "hasConflicts": false,
          "violations": [],
          "warnings": [],
          "safe": [
            501,
            501,
            501,
            841,
            501,
            501,
            501,
            841,
            841,
            501,
            501,
            501,
            841,
            841,
            501,
            501,
            501,
            841,
            841,
            501,
            501,
            501,
            841,
            841,
            841,
            501,
            501,
            501,
            841,
            841,
            841,
            501,
            501,
            501,
            841,
            841,
            841,
            841,
            501,
            501,
            501,
            841,
            841,
            841,
            841,
            841
          ],
          "conflicts": []
        },
        "UnhandledException": {
          "completed": true,
          "hasViolations": false,
          "hasWarnings": false,
          "hasSafe": true,
          "hasConflicts": false,
          "violations": [],
          "warnings": [],
          "safe": [
            501,
            501,
            501,
            841,
            501,
            501,
            501,
            841,
            841,
            501,
            501,
            501,
            841,
            841,
            501,
            501,
            501,
            841,
            841,
            501,
            501,
            501,
            841,
            841,
            841,
            501,
            501,
            501,
            841,
            841,
            841,
            501,
            501,
            501,
            841,
            841,
            841,
            841,
            501,
            501,
            501,
            841,
            841,
            841,
            841,
            841
          ],
          "conflicts": []
        },
        "UnrestrictedEtherFlow": {
          "completed": true,
          "hasViolations": false,
          "hasWarnings": true,
          "hasSafe": false,
          "hasConflicts": false,
          "violations": [],