{
  "contract": "0xde10b97ece8d31f2a0fbe1586c280e0950f9dbae",
  "tool": "securify",
  "start": 1563806792.2908213,
  "end": 1563808595.122828,
  "duration": 1802.8320066928864,
  "analysis": {
    "0xde10b97ece8d31f2a0fbe1586c280e0950f9dbae": {
      "results": {
        "DAO": {
          "completed": true,
          "hasViolations": false,
          "hasWarnings": false,
          "hasSafe": true,
          "hasConflicts": false,
          "violations": [],
          "warnings": [],
          "safe": [
            571,
            571,
            571,
            991,
            991,
            991,
            991,
            991,
            3482,
            3482,
            3482,
            3482,
            3482,
            3482,
            3482,
            3482,
            3482,
            3482,
            2857
          ],
          "conflicts": []
        },
        "DAOConstantGas": {
          "completed": true,
          "hasViolations": false,
          "hasWarnings": false,
          "hasSafe": false,
          "hasConflicts": false,
          "violations": [],
          "warnings": [],
          "safe": [],
          "conflicts": []
        },
        "MissingInputValidation": {
          "completed": true,
          "hasViolations": true,
          "hasWarnings": true,
          "hasSafe": true,
          "hasConflicts": false,
          "violations": [
            3270,
            2341,
            3201,
            1426,
            871,
            914,
            419
          ],
          "warnings": [
            289,
            190,
            435,
            548,
            3001,
            1496,
            2985,
            2500,
            2268,
            3315,
            2976,
            2277,
            3013,
            1603,
            2382,
            2076,
            898,
            503,
            1770
          ],
          "safe": [
            402,
            388,
            416,
            647,
            534,
            274,
            836,
            661,
            822,
            3672,
            2071,
            2495,
            2368,
            3537,
            1260,
            3187,
            3026,
            1595,
            3327,
            1265,
            2481,
            3613,
            495,
            959,
            1018
          ],
          "conflicts": []
        },
        "TODAmount": {
          "completed": true,
          "hasViolations": false,
          "hasWarnings": true,
          "hasSafe": false,
          "hasConflicts": false,
          "violations": [],
          "warnings": [
            571,
            571,
            571,
            991,
            991,
            991,
            991,
            991,
            3482,
            3482,
            3482,
            3482,
            3482,
            3482,
            3482,
            3482,
            3482,
            3482,
            2857
          ],
          "safe": [],
          "conflicts": []
        },
        "TODReceiver": {
          "completed": true,
          "hasViolations": false,
          "hasWarnings": true,
          "hasSafe": false,
          "hasConflicts": false,
          "violations": [],
          "warnings": [
            571,
            571,
            571,
            991,
            991,
            991,
            991,
            991,
            3482,
            3482,
            3482,
            3482,
            3482,
            3482,
            3482,
            3482,
            3482,
            3482,
            2857
          ],
          "safe": [],
          "conflicts": []
        },
        "TODTransfer": {
          "completed": true,
          "hasViolations": false,
          "hasWarnings": false,
          "hasSafe": true,
          "hasConflicts": false,
          "violations": [],
          "warnings": [],
          "safe": [
            571,
            571,
            571,
            991,
            991,
            991,
            991,
            991,
            3482,
            3482,
            3482,
            3482,
            3482,
            3482,
            3482,
            3482,
            3482,
            3482,
            2857
          ],
          "conflicts": []
        },
        "UnhandledException": {
          "completed": true,
          "hasViolations": false,
          "hasWarnings": false,
          "hasSafe": true,
          "hasConflicts": false,
          "violations": [],
          "warnings": [],
          "safe": [
            571,
            571,
            571,
            991,
            991,
            991,
            991,
            991,
            3482,
            3482,
            3482,
            3482,
            3482,
            3482,
            3482,
            3482,
            3482,
            3482,
            2857
          ],
          "conflicts": []
        },
        "UnrestrictedEtherFlow": {
          "completed": true,
          "hasViolations": false,
          "hasWarnings": true,
          "hasSafe": false,
          "hasConflicts": false,
          "violations": [],
          "warnings": [
            571,
            571,
            571,
            991,
            991,
            991,
            991,
            991,
            3482,
            3482,
            3482,
            3482,
            3482,
            3482,
            3482,
            3482,
            3482,
            3482,
            2857
          ],
          "safe": [],
          "conflicts": []
        }
      }
    }
  }
}