{
  "contract": "0xced9097d413a50640ebdd00c7b7718dfadebe4fa",
  "tool": "securify",
  "start": 1563592675.5064156,
  "end": 1563593929.1205978,
  "duration": 1253.6141822338104,
  "analysis": {
    "0xced9097d413a50640ebdd00c7b7718dfadebe4fa": {
      "results": {
        "DAO": {
          "completed": true,
          "hasViolations": false,
          "hasWarnings": false,
          "hasSafe": false,
          "hasConflicts": false,
          "violations": [],
          "warnings": [],
          "safe": [],
          "conflicts": []
        },
        "DAOConstantGas": {
          "completed": true,
          "hasViolations": false,
          "hasWarnings": false,
          "hasSafe": true,
          "hasConflicts": false,
          "violations": [],
          "warnings": [],
          "safe": [
            1799,
            1799,
            1799,
            1799,
            1799,
            1799,
            1799,
            1799,
            1799,
            1799,
            1799,
            1799,
            1799,
            1799,
            1799,
            1664
          ],
          "conflicts": []
        },
        "MissingInputValidation": {
          "completed": true,
          "hasViolations": true,
          "hasWarnings": true,
          "hasSafe": true,
          "hasConflicts": false,
          "violations": [
            830,
            911,
            1038,
            1196,
            1298,
            1280,
            1046,
            1641,
            965,
            1964,
            2349,
            1982,
            1551,
            1632,
            830,
            911,
            1038,
            1196,
            1298,
            1280,
            1046,
            1641,
            965,
            1964,
            2349,
            1982,
            1551,
            1632,
            830,
            911,
            1038,
            1196,
            1298,
            1280,
            1046,
            1641,
            965,
            1964,
            2349,
            1982,
            1551,
            1632,
            830,
            911,
            1038,
            1196,
            1298,
            1280,
            1046,
            1641,
            965,
            1964,
            2349,
            1982,
            1551,
            1632,
            830,
            911,
            1038,
            1196,
            1298,
            1280,
            1046,
            1641,
            965,
            1964,
            2349,
            1982,
            1551,
            1632,
            830,
            911,
            1038,
            1196,
            1298,
            1280,
            1046,
            1641,
            965,
            1964,
            2349,
            1982,
            1551,
            1632,
            830,
            911,
            1038,
            1196,
            1298,
            1280,
            1046,
            1641,
            965,
            1964,
            2349,
            1982,
            1551,
            1632,
            830,
            911,
            1038,
            1196,
            1298,
            1280,
            1046,
            1641,
            965,
            1964,
            2349,
            1982,
            1551,
            1632,
            1722,
            830,
            911,
            1038,
            1196,
            1298,
            1280,
            1046,
            1641,
            965,
            1964,
            2349,
            1982,
            1551,
            1632,
            1722,
            830,
            911,
            1038,
            1196,
            1298,
            1280,
            1046,
            1641,
            965,
            1964,
            2349,
            1982,
            1551,
            1632,
            1722,
            1904,
            830,
            911,
            1038,
            1196,
            1298,
            1280,
            1046,
            1641,
            965,
            1964,
            2349,
            1982,
            1551,
            1632,
            1722,
            1904,
            830,
            911,
            1038,
            1196,
            1298,
            1280,
            1046,
            1641,
            965,
            1964,
            2349,
            1982,
            1551,
            1632,
            1722,
            1904,
            830,
            911,
            1038,
            1196,
            1298,
            1280,
            1046,
            1641,
            965,
            1964,
            2349,
            1982,
            1551,
            1632,
            1722,
            1904,
            1416,
            830,
            911,
            1038,
            1196,
            1298,
            1280,
            1046,
            1641,
            965,
            1964,
            2349,
            1982,
            1551,
            1632,
            1722,
            1904,
            1416,
            1497,
            830,
            911,
            1038,
            1196,
            1298,
            1280,
            1046,
            1641,
            965,
            1964,
            2349,
            1982,
            1551,
            1632,
            1722,
            1904,
            1416,
            1497
          ],
          "warnings": [
            1179,
            1624,
            2322,
            1179,
            1624,
            2322,
            1179,
            1624,
            2322,
            1179,
            1624,
            2322,
            1179,
            1624,
            2322,
            1179,
            1624,
            2322,
            1179,
            1624,
            2322,
            1179,
            1624,
            2322,
            1179,
            1624,
            2322,
            1179,
            1624,
            2322,
            1179,
            1624,
            2322,
            1877,
            1179,
            1624,
            2322,
            1877,
            1179,
            1624,
            2322,
            1877,
            1179,
            1624,
            2322,
            1877,
            1179,
            1624,
            2322,
            1877
          ],