{
  "contract": "0x876c6fbec71a498155cfa811f9d10fd3bb67e4c5",
  "tool": "securify",
  "start": 1563589354.155231,
  "end": 1563591156.4319446,
  "duration": 1802.2767136096954,
  "analysis": {
    "0x876c6fbec71a498155cfa811f9d10fd3bb67e4c5": {
      "results": {
        "DAO": {
          "completed": true,
          "hasViolations": false,
          "hasWarnings": false,
          "hasSafe": false,
          "hasConflicts": false,
          "violations": [],
          "warnings": [],
          "safe": [],
          "conflicts": []
        },
        "DAOConstantGas": {
          "completed": true,
          "hasViolations": false,
          "hasWarnings": false,
          "hasSafe": false,
          "hasConflicts": false,
          "violations": [],
          "warnings": [],
          "safe": [],
          "conflicts": []
        },
        "MissingInputValidation": {
          "completed": true,
          "hasViolations": true,
          "hasWarnings": false,
          "hasSafe": true,
          "hasConflicts": false,
          "violations": [
            1646,
            1497,
            1892,
            1304,
            2044,
            2062,
            1950,
            1913,
            3016,
            2309,
            2721,
            2874,
            2160,
            2569,
            374,
            596,
            1216,
            1464,
            1087,
            1312,
            1646,
            1497,
            1892,
            1304,
            2044,
            2062,
            1950,
            1913,
            3016,
            2309,
            2721,
            2874,
            2160,
            2569,
            374,
            596,
            1216,
            1464,
            1087,
            1312
          ],
          "warnings": [],
          "safe": [
            1039,
            2129,
            1418,
            1759,
            1554,
            1683,
            1058,
            1773,
            1327,
            1969,
            1669,
            1483,
            2190,
            1025,
            1632,
            2233,
            1341,
            2004,
            2436,
            2739,
            2081,
            2295,
            2422,
            2146,
            2217,
            3412,
            3455,
            2955,
            2332,
            2941,
            2646,
            1295,
            1936,
            1667,
            1281,
            2346,
            2450,
            507,
            521,
            360,
            493,
            428,
            535,
            204,
            283,
            190,
            269,
            522,
            288,
            444,
            365,
            274,
            430,
            536,
            557,
            1051,
            973,
            817,
            1234,
            803,
            894,
            959,
            1065,
            543,
            1141,
            657,
            1008,
            1482,
            1236,
            931,
            671,
            1586,
            917,
            1144,
            1222,
            1543,
            1073,
            1389,
            359,
            543,
            621,
            710,
            529,
            373,
            387,
            635,
            464,
            3289,
            1039,
            2129,
            1418,
            1759,
            1554,
            1683,
            1058,
            1773,
            1327,
            1969,
            1669,
            1483,
            2190,
            1025,
            1632,
            2233,
            1341,
            2004,
            2436,
            2739,
            2081,
            2295,
            2422,
            2146,
            2217,
            3412,
            3455,
            2955,
            2332,
            2941,
            2646,
            1295,
            1936,
            1667,
            1281,
            2346,
            2450,
            507,
            521,
            360,
            493,
            428,
            535,
            204,
            283,
            190,
            269,
            522,
            288,
            444,
            365,
            274,
            430,
            536,
            557,
            1051,
            973,
            817,
            1234,
            803,
            894,
            959,
            1065,
            543,
            1141,
            657,
            1008,
            1482,
            1236,
            931,
            671,
            1586,
            917,
            1144,
            1222,
            1543,
            1073,
            1389,
            359,
            543,
            621,
            710,
            529,
            373,
            387,
            635,
            464,
            3289,
            2535
          ],
          "conflicts": []
        },
        "TODAmount": {
          "completed": true,
          "hasViolations": false,
          "hasWarnings": false,
          "hasSafe": false,
          "hasConflicts": false,
          "violations": [],
          "warnings": [],
          "safe": [],
          "conflicts": []
        },
        "TODReceiver": {
          "completed": true,
          "hasViolations": false,
          "hasWarnings": false,
          "hasSafe": false,
          "hasConflicts": false,
          "violations": [],
          "warnings": [],
          "safe": [],
          "conflicts": []
        },
        "TODTransfer": {
          "completed": true,
          "hasViolations": false,
          "hasWarnings": false,
          "hasSafe": false,
          "hasConflicts": false,
          "violations": [],
          "warnings": [],
          "safe": [],
          "conflicts": []
        },
        "UnhandledException": {
          "completed": true,
          "hasViolations": false,
          "hasWarnings": false,
          "hasSafe": false,
          "hasConflicts": false,
          "violations": [],
          "warnings": [],
          "safe": [],
          "conflicts": []
        },
        "UnrestrictedEtherFlow": {
          "completed": true,
          "hasViolations": false,
          "hasWarnings": false,
          "hasSafe": false,
          "hasConflicts": false,
          "violations": [],
          "warnings": [],
          "safe": [],
          "conflicts": []
        }
      }
    }
  }
}