{
  "contract": "0xac510e01ec055557d65e67122de24c06db454757",
  "tool": "securify",
  "start": 1563651277.7874537,
  "end": 1563651466.1990633,
  "duration": 188.4116096496582,
  "analysis": {
    "0xac510e01ec055557d65e67122de24c06db454757": {
      "results": {
        "DAO": {
          "completed": true,
          "hasViolations": false,
          "hasWarnings": false,
          "hasSafe": false,
          "hasConflicts": false,
          "violations": [],
          "warnings": [],
          "safe": [],
          "conflicts": []
        },
        "DAOConstantGas": {
          "completed": true,
          "hasViolations": false,
          "hasWarnings": false,
          "hasSafe": false,
          "hasConflicts": false,
          "violations": [],
          "warnings": [],
          "safe": [],
          "conflicts": []
        },
        "MissingInputValidation": {
          "completed": true,
          "hasViolations": true,
          "hasWarnings": false,
          "hasSafe": true,
          "hasConflicts": false,
          "violations": [
            2983,
            2983,
            2983,
            2983,
            2210,
            2983,
            2210,
            2237,
            2983,
            2210,
            2237,
            2983,
            2210,
            2237,
            2464,
            2983,
            2210,
            2237,
            2464
          ],
          "warnings": [],
          "safe": [
            2011,
            2011,
            1498,
            2011,
            1498,
            2011,
            1498,
            1327,
            2011,
            1498,
            1327,
            2025,
            2011,
            1498,
            1327,
            2025,
            2011,
            1498,
            1327,
            2025,
            2011,
            1498,
            1327,
            2025,
            2450,
            2011,
            1498,
            1327,
            2025,
            2450,
            2011,
            1498,
            1327,
            2025,
            2450,
            2771
          ],
          "conflicts": []
        },
        "TODAmount": {
          "completed": true,
          "hasViolations": false,
          "hasWarnings": false,
          "hasSafe": false,
          "hasConflicts": false,
          "violations": [],
          "warnings": [],
          "safe": [],
          "conflicts": []
        },
        "TODReceiver": {
          "completed": true,
          "hasViolations": false,
          "hasWarnings": false,
          "hasSafe": false,
          "hasConflicts": false,
          "violations": [],
          "warnings": [],
          "safe": [],
          "conflicts": []
        },
        "TODTransfer": {
          "completed": true,
          "hasViolations": false,
          "hasWarnings": false,
          "hasSafe": false,
          "hasConflicts": false,
          "violations": [],
          "warnings": [],
          "safe": [],
          "conflicts": []
        },
        "UnhandledException": {
          "completed": true,
          "hasViolations": false,
          "hasWarnings": false,
          "hasSafe": false,
          "hasConflicts": false,
          "violations": [],
          "warnings": [],
          "safe": [],
          "conflicts": []
        },
        "UnrestrictedEtherFlow": {
          "completed": true,
          "hasViolations": false,
          "hasWarnings": false,
          "hasSafe": false,
          "hasConflicts": false,
          "violations": [],
          "warnings": [],
          "safe": [],
          "conflicts": []
        }
      }
    }
  }
}