{
  "contract": "0x5f6cf3d5e2b82b1c59ec5f6b5bf2f24d1a074bb9",
  "tool": "securify",
  "start": 1563401752.9072871,
  "end": 1563403555.9694042,
  "duration": 1803.062117099762,
  "analysis": {
    "0x5f6cf3d5e2b82b1c59ec5f6b5bf2f24d1a074bb9": {
      "results": {
        "DAO": {
          "completed": true,
          "hasViolations": false,
          "hasWarnings": false,
          "hasSafe": false,
          "hasConflicts": false,
          "violations": [],
          "warnings": [],
          "safe": [],
          "conflicts": []
        },
        "DAOConstantGas": {
          "completed": true,
          "hasViolations": false,
          "hasWarnings": false,
          "hasSafe": false,
          "hasConflicts": false,
          "violations": [],
          "warnings": [],
          "safe": [],
          "conflicts": []
        },
        "MissingInputValidation": {
          "completed": true,
          "hasViolations": true,
          "hasWarnings": false,
          "hasSafe": true,
          "hasConflicts": false,
          "violations": [
            1956,
            2106,
            2259,
            1581,
            1486,
            2511,
            760,
            1956,
            2106,
            2259,
            1581,
            1486,
            2511,
            760,
            1956,
            2106,
            2259,
            1581,
            1486,
            2511,
            760,
            500,
            1956,
            2106,
            2259,
            1581,
            1486,
            2511,
            760,
            500,
            419,
            1956,
            2106,
            2259,
            1581,
            1486,
            2511,
            760,
            500,
            419,
            733
          ],
          "warnings": [],
          "safe": [
            1363,
            2245,
            1983,
            1828,
            1567,
            1562,
            2506,
            1951,
            1814,
            1363,
            2245,
            1983,
            1828,
            1567,
            1562,
            2506,
            1951,
            1814,
            495,
            1363,
            2245,
            1983,
            1828,
            1567,
            1562,
            2506,
            1951,
            1814,
            495,
            1363,
            2245,
            1983,
            1828,
            1567,
            1562,
            2506,
            1951,
            1814,
            495,
            1363,
            2245,
            1983,
            1828,
            1567,
            1562,
            2506,
            1951,
            1814,
            495
          ],
          "conflicts": []
        },
        "TODAmount": {
          "completed": true,
          "hasViolations": false,
          "hasWarnings": false,
          "hasSafe": false,
          "hasConflicts": false,
          "violations": [],
          "warnings": [],
          "safe": [],
          "conflicts": []
        },
        "TODReceiver": {
          "completed": true,
          "hasViolations": false,
          "hasWarnings": false,
          "hasSafe": false,
          "hasConflicts": false,
          "violations": [],
          "warnings": [],
          "safe": [],
          "conflicts": []
        },
        "TODTransfer": {
          "completed": true,
          "hasViolations": false,
          "hasWarnings": false,
          "hasSafe": false,
          "hasConflicts": false,
          "violations": [],
          "warnings": [],
          "safe": [],
          "conflicts": []
        },
        "UnhandledException": {
          "completed": true,
          "hasViolations": false,
          "hasWarnings": false,
          "hasSafe": true,
          "hasConflicts": false,
          "violations": [],
          "warnings": [],
          "safe": [
            2484,
            2484,
            2484,
            2484,
            2484
          ],
          "conflicts": []
        },
        "UnrestrictedEtherFlow": {
          "completed": true,
          "hasViolations": false,
          "hasWarnings": false,
          "hasSafe": true,
          "hasConflicts": false,
          "violations": [],
          "warnings": [],
          "safe": [
            2484,
            2484,
            2484,
            2484,
            2484
          ],
          "conflicts": []
        }
      }
    }
  }
}