{
  "contract": "0x238f29b3e5f5d199d37444e7118cc49f8e1bf58c",
  "tool": "securify",
  "start": 1563599638.2945309,
  "end": 1563601270.0606256,
  "duration": 1631.7660946846008,
  "analysis": {
    "/unique_chucks/20/0x238f29b3e5f5d199d37444e7118cc49f8e1bf58c.sol:METADOLLAR": {
      "results": {
        "TODReceiver": {
          "violations": [],
          "warnings": [
            473,
            186,
            434,
            486
          ],
          "safe": [
            283,
            434
          ],
          "conflicts": []
        },
        "UnhandledException": {
          "violations": [],
          "warnings": [
            283,
            473,
            186,
            434,
            486
          ],
          "safe": [],
          "conflicts": []
        },
        "TODTransfer": {
          "violations": [
            434
          ],
          "warnings": [
            434
          ],
          "safe": [
            283,
            473,
            186,
            486
          ],
          "conflicts": []
        },
        "DAO": {
          "violations": [],
          "warnings": [],
          "safe": [],
          "conflicts": []
        },
        "TODAmount": {
          "violations": [
            434,
            486
          ],
          "warnings": [],
          "safe": [
            283,
            473,
            186,
            434
          ],
          "conflicts": []
        },
        "MissingInputValidation": {
          "violations": [
            370,
            167,
            151,
            76,
            146
          ],
          "warnings": [
            59,
            56,
            266,
            362,
            464,
            71,
            397,
            60,
            172,
            412,
            190,
            422,
            477,
            258,
            62,
            438,
            67,
            57,
            241,
            157,
            250,
            446,
            310,
            453,
            66,
            69,
            34,
            61,
            141,
            70,
            383,
            118,
            58,
            55,
            288
          ],
          "safe": [
            328,
            350,
            221,
            202,
            429,
            179,
            338
          ],
          "conflicts": []
        },
        "DAOConstantGas": {
          "violations": [],
          "warnings": [
            283,
            473,
            186,
            434,
            486
          ],
          "safe": [],
          "conflicts": []
        },
        "UnrestrictedEtherFlow": {
          "violations": [],
          "warnings": [
            434
          ],
          "safe": [
            283,
            473,
            186,
            486,
            434
          ],
          "conflicts": []
        }
      }
    },
    "/unique_chucks/20/0x238f29b3e5f5d199d37444e7118cc49f8e1bf58c.sol:ERC20Interface": {
      "results": {
        "TODReceiver": {
          "violations": [],
          "warnings": [],
          "safe": [],
          "conflicts": []
        },
        "UnhandledException": {
          "violations": [],
          "warnings": [],
          "safe": [],
          "conflicts": []
        },
        "TODTransfer": {
          "violations": [],
          "warnings": [],
          "safe": [],
          "conflicts": []
        },
        "DAO": {
          "violations": [],
          "warnings": [],
          "safe": [],
          "conflicts": []
        },
        "TODAmount": {
          "violations": [],
          "warnings": [],
          "safe": [],
          "conflicts": []
        },
        "MissingInputValidation": {
          "violations": [],
          "warnings": [],
          "safe": [],
          "conflicts": []
        },
        "DAOConstantGas": {
          "violations": [],
          "warnings": [],
          "safe": [],
          "conflicts": []
        },
        "UnrestrictedEtherFlow": {
          "violations": [],
          "warnings": [],
          "safe": [],
          "conflicts": []
        }
      }
    },
    "/unique_chucks/20/0x238f29b3e5f5d199d37444e7118cc49f8e1bf58c.sol:owned": {
      "results": {
        "TODReceiver": {
          "violations": [],
          "warnings": [
            -1
          ],
          "safe": [
            -1
          ],
          "conflicts": []
        },
        "UnhandledException": {
          "violations": [],
          "warnings": [
            -1
          ],
          "safe": [],
          "conflicts": []
        },
        "TODTransfer": {
          "violations": [
            -1
          ],
          "warnings": [
            -1
          ],
          "safe": [
            -1
          ],
          "conflicts": []
        },
        "DAO": {
          "violations": [],
          "warnings": [],
          "safe": [],
          "conflicts": []
        },
        "TODAmount": {
          "violations": [
            -1
          ],
          "warnings": [],
          "safe": [
            -1
          ],
          "conflicts": []
        },
        "MissingInputValidation": {
          "violations": [],
          "warnings": [],
          "safe": [],
          "conflicts": []
        },
        "DAOConstantGas": {
          "violations": [],
          "warnings": [
            -1
          ],
          "safe": [],
          "conflicts": []
        },
        "UnrestrictedEtherFlow": {
          "violations": [],
          "warnings": [
            -1
          ],
          "safe": [
            -1
          ],
          "conflicts": []
        }
      }
    }
  }
}