{
  "contract": "0x89885fc1f76c3f4cc719640e33c315227da7003a",
  "tool": "securify",
  "start": 1563463831.496803,
  "end": 1563464239.2975624,
  "duration": 407.8007593154907,
  "analysis": {
    "0x89885fc1f76c3f4cc719640e33c315227da7003a": {
      "results": {
        "DAO": {
          "completed": true,
          "hasViolations": false,
          "hasWarnings": false,
          "hasSafe": false,
          "hasConflicts": false,
          "violations": [],
          "warnings": [],
          "safe": [],
          "conflicts": []
        },
        "DAOConstantGas": {
          "completed": true,
          "hasViolations": false,
          "hasWarnings": false,
          "hasSafe": false,
          "hasConflicts": false,
          "violations": [],
          "warnings": [],
          "safe": [],
          "conflicts": []
        },
        "MissingInputValidation": {
          "completed": true,
          "hasViolations": true,
          "hasWarnings": true,
          "hasSafe": true,
          "hasConflicts": false,
          "violations": [
            1478,
            1478,
            1269,
            1478,
            1269,
            1886,
            1478,
            1269,
            1886,
            1478,
            1269,
            1886,
            2460,
            1478,
            1269,
            1886,
            2460,
            1478,
            1269,
            1886,
            2460,
            1478,
            1269,
            1886,
            2460,
            1478,
            1269,
            1886,
            2460,
            1478,
            1269,
            1886,
            2460,
            2213
          ],
          "warnings": [
            1350,
            1350,
            1350,
            1350,
            1350,
            2036,
            1350,
            2036,
            1350,
            2036,
            1350,
            2036,
            1350,
            2036,
            1350,
            2036,
            1350,
            2036
          ],
          "safe": [
            1146,
            1146,
            1146,
            1146,
            1146,
            1146,
            1146,
            1146,
            1763,
            1146,
            1763,
            1749,
            1146,
            1763,
            1749,
            1345,
            1146,
            1763,
            1749,
            1345,
            1913,
            1146,
            1763,
            1749,
            1345,
            1913
          ],
          "conflicts": []
        },
        "TODAmount": {
          "completed": true,
          "hasViolations": false,
          "hasWarnings": false,
          "hasSafe": false,
          "hasConflicts": false,
          "violations": [],
          "warnings": [],
          "safe": [],
          "conflicts": []
        },
        "TODReceiver": {
          "completed": true,
          "hasViolations": false,
          "hasWarnings": false,
          "hasSafe": false,
          "hasConflicts": false,
          "violations": [],
          "warnings": [],
          "safe": [],
          "conflicts": []
        },
        "TODTransfer": {
          "completed": true,
          "hasViolations": false,
          "hasWarnings": false,
          "hasSafe": false,
          "hasConflicts": false,
          "violations": [],
          "warnings": [],
          "safe": [],
          "conflicts": []
        },
        "UnhandledException": {
          "completed": true,
          "hasViolations": false,
          "hasWarnings": false,
          "hasSafe": true,
          "hasConflicts": false,
          "violations": [],
          "warnings": [],
          "safe": [
            2438
          ],
          "conflicts": []
        },
        "UnrestrictedEtherFlow": {
          "completed": true,
          "hasViolations": false,
          "hasWarnings": false,
          "hasSafe": true,
          "hasConflicts": false,
          "violations": [],
          "warnings": [],
          "safe": [
            2438
          ],
          "conflicts": []
        }
      }
    }
  }
}