{
  "contract": "0xcc97e794daed4625568c93f65f9e0896093f86ef",
  "tool": "securify",
  "start": 1563566480.794522,
  "end": 1563568282.8634644,
  "duration": 1802.068942308426,
  "analysis": {
    "0xcc97e794daed4625568c93f65f9e0896093f86ef": {
      "results": {
        "DAO": {
          "completed": true,
          "hasViolations": false,
          "hasWarnings": false,
          "hasSafe": false,
          "hasConflicts": false,
          "violations": [],
          "warnings": [],
          "safe": [],
          "conflicts": []
        },
        "DAOConstantGas": {
          "completed": true,
          "hasViolations": false,
          "hasWarnings": false,
          "hasSafe": true,
          "hasConflicts": false,
          "violations": [],
          "warnings": [],
          "safe": [
            2559,
            3127,
            2559,
            3127,
            2559,
            3127,
            2559,
            3127
          ],
          "conflicts": []
        },
        "MissingInputValidation": {
          "completed": true,
          "hasViolations": true,
          "hasWarnings": true,
          "hasSafe": true,
          "hasConflicts": false,
          "violations": [
            223,
            320,
            1299,
            1752,
            1694,
            1007,
            1729,
            1258,
            970,
            1326,
            3787,
            2086,
            4023,
            2454,
            3364,
            3024,
            3065,
            3964,
            3337,
            3640,
            2417,
            1522,
            1087,
            1650,
            863,
            1261,
            1288,
            573,
            398,
            1109,
            223,
            320,
            1299,
            1752,
            1694,
            1007,
            1729,
            1258,
            970,
            1326,
            3787,
            2086,
            4023,
            2454,
            3364,
            3024,
            3065,
            3964,
            3337,
            3640,
            2417,
            1522,
            1087,
            1650,
            863,
            1261,
            1288,
            573,
            398,
            1109,
            909,
            223,
            320,
            1299,
            1752,
            1694,
            1007,
            1729,
            1258,
            970,
            1326,
            3787,
            2086,
            4023,
            2454,
            3364,
            3024,
            3065,
            3964,
            3337,
            3640,
            2417,
            1522,
            1087,
            1650,
            863,
            1261,
            1288,
            573,
            398,
            1109,
            909,
            981,
            223,
            320,
            1299,
            1752,
            1694,
            1007,
            1729,
            1258,
            970,
            1326,
            3787,
            2086,
            4023,
            2454,
            3364,
            3024,
            3065,
            3964,
            3337,
            3640,
            2417,
            1522,
            1087,
            1650,
            863,
            1261,
            1288,
            573,
            398,
            1109,
            909,
            981,
            685
          ],
          "warnings": [
            930,
            1409,
            1102,
            2161,
            2807,
            2651,
            3447,
            1315,
            728,
            1105,
            930,
            1409,
            1102,
            2161,
            2807,
            2651,
            3447,
            1315,
            728,
            1105,
            930,
            1409,
            1102,
            2161,
            2807,
            2651,
            3447,
            1315,
            728,
            1105,
            930,
            1409,
            1102,
            2161,
            2807,
            2651,
            3447,
            1315,
            728,
            1105
          ],