{
  "contract": "0xeb5518602c22154970fd43447939b1dfef053b9e",
  "tool": "securify",
  "start": 1563568066.5307176,
  "end": 1563569585.0054572,
  "duration": 1518.4747395515442,
  "analysis": {
    "/unique_chucks/17/0xeb5518602c22154970fd43447939b1dfef053b9e.sol:JobeumPresale": {
      "results": {
        "TODReceiver": {
          "violations": [
            631
          ],
          "warnings": [],
          "safe": [
            523
          ],
          "conflicts": []
        },
        "UnhandledException": {
          "violations": [],
          "warnings": [
            631,
            523,
            0
          ],
          "safe": [],
          "conflicts": []
        },
        "TODTransfer": {
          "violations": [
            631
          ],
          "warnings": [],
          "safe": [
            523
          ],
          "conflicts": []
        },
        "DAO": {
          "violations": [],
          "warnings": [
            523
          ],
          "safe": [],
          "conflicts": []
        },
        "TODAmount": {
          "violations": [
            631
          ],
          "warnings": [],
          "safe": [
            523
          ],
          "conflicts": []
        },
        "MissingInputValidation": {
          "violations": [
            359,
            425,
            567,
            480,
            421,
            430,
            144,
            362
          ],
          "warnings": [
            213,
            389,
            384,
            626,
            575,
            378,
            132,
            364,
            231,
            373,
            131,
            366,
            563,
            391,
            587,
            383,
            615,
            372,
            376,
            545,
            386,
            4,
            571,
            541,
            365,
            374,
            371,
            387,
            385,
            377,
            610,
            148,
            553,
            591,
            379,
            417,
            619,
            606,
            369,
            226,
            595,
            579,
            583,
            537,
            602,
            549,
            533,
            463,
            557,
            22,
            368
          ],
          "safe": [
            467
          ],
          "conflicts": []
        },
        "DAOConstantGas": {
          "violations": [
            631
          ],
          "warnings": [],
          "safe": [],
          "conflicts": []
        },
        "UnrestrictedEtherFlow": {
          "violations": [],
          "warnings": [
            631,
            0
          ],
          "safe": [
            523
          ],
          "conflicts": []
        }
      }
    },
    "/unique_chucks/17/0xeb5518602c22154970fd43447939b1dfef053b9e.sol:MultiOwnable": {
      "results": {
        "TODReceiver": {
          "violations": [
            -1
          ],
          "warnings": [],
          "safe": [
            -1
          ],
          "conflicts": []
        },
        "UnhandledException": {
          "violations": [],
          "warnings": [
            -1
          ],
          "safe": [],
          "conflicts": []
        },
        "TODTransfer": {
          "violations": [
            -1
          ],
          "warnings": [],
          "safe": [
            -1
          ],
          "conflicts": []
        },
        "DAO": {
          "violations": [],
          "warnings": [
            -1
          ],
          "safe": [],
          "conflicts": []
        },
        "TODAmount": {
          "violations": [
            -1
          ],
          "warnings": [],
          "safe": [
            -1
          ],
          "conflicts": []
        },
        "MissingInputValidation": {
          "violations": [],
          "warnings": [],
          "safe": [],
          "conflicts": []
        },
        "DAOConstantGas": {
          "violations": [
            -1
          ],
          "warnings": [],
          "safe": [],
          "conflicts": []
        },
        "UnrestrictedEtherFlow": {
          "violations": [],
          "warnings": [
            -1
          ],
          "safe": [
            -1
          ],
          "conflicts": []
        }
      }
    },
    "/unique_chucks/17/0xeb5518602c22154970fd43447939b1dfef053b9e.sol:ERC20": {
      "results": {
        "TODReceiver": {
          "violations": [
            -1
          ],
          "warnings": [],
          "safe": [
            -1
          ],
          "conflicts": []
        },
        "UnhandledException": {
          "violations": [],
          "warnings": [
            -1
          ],
          "safe": [],
          "conflicts": []
        },
        "TODTransfer": {
          "violations": [
            -1
          ],
          "warnings": [],
          "safe": [
            -1
          ],
          "conflicts": []
        },
        "DAO": {
          "violations": [],
          "warnings": [
            -1
          ],
          "safe": [],
          "conflicts": []
        },
        "TODAmount": {
          "violations": [
            -1
          ],
          "warnings": [],
          "safe": [
            -1
          ],
          "conflicts": []
        },
        "MissingInputValidation": {
          "violations": [],
          "warnings": [],
          "safe": [],
          "conflicts": []
        },
        "DAOConstantGas": {
          "violations": [
            -1
          ],
          "warnings": [],
          "safe": [],
          "conflicts": []
        },
        "UnrestrictedEtherFlow": {
          "violations": [],
          "warnings": [
            -1
          ],
          "safe": [
            -1
          ],
          "conflicts": []
        }
      }
    },
    "/unique_chucks/17/0xeb5518602c22154970fd43447939b1dfef053b9e.sol:TokenSpender": {
      "results": {
        "TODReceiver": {
          "violations": [
            -1
          ],
          "warnings": [],
          "safe": [
            -1
          ],
          "conflicts": []
        },
        "UnhandledException": {
          "violations": [],
          "warnings": [
            -1
          ],
          "safe": [],
          "conflicts": []
        },
        "TODTransfer": {
          "violations": [
            -1
          ],
          "warnings": [],
          "safe": [
            -1
          ],
          "conflicts": []
        },
        "DAO": {
          "violations": [],
          "warnings": [
            -1
          ],
          "safe": [],
          "conflicts": []
        },
        "TODAmount": {
          "violations": [
            -1
          ],
          "warnings": [],
          "safe": [
            -1
          ],
          "conflicts": []
        },
        "MissingInputValidation": {
          "violations": [],
          "warnings": [],
          "safe": [],
          "conflicts": []
        },
        "DAOConstantGas": {
          "violations": [
            -1
          ],
          "warnings": [],
          "safe": [],
          "conflicts": []
        },
        "UnrestrictedEtherFlow": {
          "violations": [],
          "warnings": [
            -1
          ],
          "safe": [
            -1
          ],
          "conflicts": []
        }
      }
    },
    "/unique_chucks/17/0xeb5518602c22154970fd43447939b1dfef053b9e.sol:StandardToken": {
      "results": {
        "TODReceiver": {
          "violations": [
            -1
          ],
          "warnings": [],
          "safe": [
            -1
          ],
          "conflicts": []
        },
        "UnhandledException": {
          "violations": [],
          "warnings": [
            -1
          ],
          "safe": [],
          "conflicts": []
        },
        "TODTransfer": {
          "violations": [
            -1
          ],
          "warnings": [],