{
  "contract": "0xf7e6a014842eac309c13360870db5882e77b1148",
  "tool": "securify",
  "start": 1563638710.3552792,
  "end": 1563638888.7740328,
  "duration": 178.4187536239624,
  "analysis": {
    "0xf7e6a014842eac309c13360870db5882e77b1148": {
      "results": {
        "DAO": {
          "completed": true,
          "hasViolations": false,
          "hasWarnings": false,
          "hasSafe": false,
          "hasConflicts": false,
          "violations": [],
          "warnings": [],
          "safe": [],
          "conflicts": []
        },
        "DAOConstantGas": {
          "completed": true,
          "hasViolations": false,
          "hasWarnings": false,
          "hasSafe": false,
          "hasConflicts": false,
          "violations": [],
          "warnings": [],
          "safe": [],
          "conflicts": []
        },
        "MissingInputValidation": {
          "completed": true,
          "hasViolations": true,
          "hasWarnings": true,
          "hasSafe": true,
          "hasConflicts": false,
          "violations": [
            1704,
            1704,
            1704,
            2202,
            1704,
            2202,
            1722,
            1704,
            2202,
            1722,
            1704,
            2202,
            1722,
            1704,
            2202,
            1722,
            1846,
            1704,
            2202,
            1722,
            1846,
            1704,
            2202,
            1722,
            1846,
            1704,
            2202,
            1722,
            1846
          ],
          "warnings": [
            2191,
            2191,
            2191,
            2191,
            2191,
            2191,
            2191,
            2191,
            2191
          ],
          "safe": [
            2049,
            2049,
            2054,
            2049,
            2054,
            2049,
            2054,
            1592,
            2049,
            2054,
            1592,
            2611,
            2049,
            2054,
            1592,
            2611,
            1460
          ],
          "conflicts": []
        },
        "TODAmount": {
          "completed": true,
          "hasViolations": false,
          "hasWarnings": false,
          "hasSafe": false,
          "hasConflicts": false,
          "violations": [],
          "warnings": [],
          "safe": [],
          "conflicts": []
        },
        "TODReceiver": {
          "completed": true,
          "hasViolations": false,
          "hasWarnings": false,
          "hasSafe": false,
          "hasConflicts": false,
          "violations": [],
          "warnings": [],
          "safe": [],
          "conflicts": []
        },
        "TODTransfer": {
          "completed": true,
          "hasViolations": false,
          "hasWarnings": false,
          "hasSafe": false,
          "hasConflicts": false,
          "violations": [],
          "warnings": [],
          "safe": [],
          "conflicts": []
        },
        "UnhandledException": {
          "completed": true,
          "hasViolations": false,
          "hasWarnings": false,
          "hasSafe": false,
          "hasConflicts": false,
          "violations": [],
          "warnings": [],
          "safe": [],
          "conflicts": []
        },
        "UnrestrictedEtherFlow": {
          "completed": true,
          "hasViolations": false,
          "hasWarnings": false,
          "hasSafe": false,
          "hasConflicts": false,
          "violations": [],
          "warnings": [],
          "safe": [],
          "conflicts": []
        }
      }
    }
  }
}