{
  "contract": "0x471407f224b99bb3347de2609bc117dad367f889",
  "tool": "securify",
  "start": 1563628043.3824465,
  "end": 1563629845.6817114,
  "duration": 1802.299264907837,
  "analysis": {
    "0x471407f224b99bb3347de2609bc117dad367f889": {
      "results": {
        "DAO": {
          "completed": true,
          "hasViolations": false,
          "hasWarnings": false,
          "hasSafe": false,
          "hasConflicts": false,
          "violations": [],
          "warnings": [],
          "safe": [],
          "conflicts": []
        },
        "DAOConstantGas": {
          "completed": true,
          "hasViolations": false,
          "hasWarnings": false,
          "hasSafe": false,
          "hasConflicts": false,
          "violations": [],
          "warnings": [],
          "safe": [],
          "conflicts": []
        },
        "MissingInputValidation": {
          "completed": true,
          "hasViolations": true,
          "hasWarnings": true,
          "hasSafe": true,
          "hasConflicts": false,
          "violations": [
            1689,
            1804,
            1888,
            2399,
            1447,
            1861,
            2456,
            1512,
            462,
            412,
            199,
            249,
            859,
            1333,
            1829,
            1241,
            943,
            1537,
            2062,
            905,
            1689,
            1804,
            1888,
            2399,
            1447,
            1861,
            2456,
            1512,
            462,
            412,
            199,
            249,
            859,
            1333,
            1829,
            1241,
            943,
            1537,
            2062,
            905,
            1689,
            1804,
            1888,
            2399,
            1447,
            1861,
            2456,
            1512,
            462,
            412,
            199,
            249,
            859,
            1333,
            1829,
            1241,
            943,
            1537,
            2062,
            905,
            1689,
            1804,
            1888,
            2399,
            1447,
            1861,
            2456,
            1512,
            462,
            412,
            199,
            249,
            859,
            1333,
            1829,
            1241,
            943,
            1537,
            2062,
            905,
            1198
          ],
          "warnings": [
            1781,
            1781,
            1781,
            1781
          ],
          "safe": [
            1590,
            3624,
            1310,
            2022,
            2205,
            2592,
            2668,
            2105,
            2342,
            1571,
            1585,
            2961,
            2501,
            2219,
            1790,
            1504,
            3252,
            3117,
            1324,
            3456,
            448,
            485,
            296,
            576,
            226,
            191,
            276,
            444,
            240,
            232,
            2198,
            935,
            1236,
            1564,
            845,
            1647,
            2107,
            1661,
            1590,
            3624,
            1310,
            2022,
            2205,
            2592,
            2668,
            2105,
            2342,
            1571,
            1585,
            2961,
            2501,
            2219,
            1790,
            1504,
            3252,
            3117,
            1324,
            3456,
            448,
            485,
            296,
            576,
            226,
            191,
            276,
            444,
            240,
            232,
            2198,
            935,
            1236,
            1564,
            845,
            1647,
            2107,
            1661,
            1585,
            1590,
            3624,
            1310,
            2022,
            2205,
            2592,
            2668,
            2105,
            2342,
            1571,
            1585,
            2961,
            2501,
            2219,
            1790,
            1504,
            3252,
            3117,
            1324,
            3456,
            448,
            485,
            296,
            576,
            226,
            191,
            276,
            444,
            240,
            232,
            2198,
            935,
            1236,
            1564,
            845,
            1647,
            2107,
            1661,
            1585,
            1668,
            1590,
            3624,
            1310,
            2022,
            2205,
            2592,
            2668,
            2105,
            2342,
            1571,
            1585,
            2961,
            2501,
            2219,
            1790,
            1504,
            3252,
            3117,
            1324,
            3456,
            448,
            485,
            296,
            576,
            226,
            191,
            276,
            444,
            240,
            232,
            2198,
            935,
            1236,
            1564,
            845,
            1647,
            2107,
            1661,
            1585,
            1668
          ],
          "conflicts": []
        },
        "TODAmount": {
          "completed": true,
          "hasViolations": false,
          "hasWarnings": false,
          "hasSafe": false,
          "hasConflicts": false,
          "violations": [],
          "warnings": [],
          "safe": [],
          "conflicts": []
        },
        "TODReceiver": {
          "completed": true,
          "hasViolations": false,
          "hasWarnings": false,
          "hasSafe": false,
          "hasConflicts": false,
          "violations": [],
          "warnings": [],
          "safe": [],
          "conflicts": []
        },
        "TODTransfer": {
          "completed": true,
          "hasViolations": false,
          "hasWarnings": false,
          "hasSafe": false,
          "hasConflicts": false,
          "violations": [],
          "warnings": [],
          "safe": [],
          "conflicts": []
        },
        "UnhandledException": {
          "completed": true,
          "hasViolations": false,
          "hasWarnings": false,
          "hasSafe": true,
          "hasConflicts": false,
          "violations": [],
          "warnings": [],
          "safe": [
            393,
            621,
            1785,
            1044,
            1529,
            393,
            621,
            1785,
            1044,
            1529,
            393,
            621,
            1785,
            1044,
            1529,
            393,
            621,
            1785,
            1044,
            1529
          ],
          "conflicts": []
        },
        "UnrestrictedEtherFlow": {
          "completed": true,
          "hasViolations": false,
          "hasWarnings": false,
          "hasSafe": true,
          "hasConflicts": false,
          "violations": [],
          "warnings": [],
          "safe": [
            393,
            621,
            1785,
            1044,
            1529,
            393,
            621,
            1785,
            1044,
            1529,
            393,
            621,
            1785,
            1044,
            1529,
            393,
            621,
            1785,
            1044,
            1529
          ],
          "conflicts": []
        }
      }
    }
  }
}