{
  "contract": "0xc7f1c3500496771b2ef4e17ad10624131ade5cd9",
  "tool": "securify",
  "start": 1563588150.6910043,
  "end": 1563588929.022652,
  "duration": 778.3316476345062,
  "analysis": {
    "/unique_chucks/23/0xc7f1c3500496771b2ef4e17ad10624131ade5cd9.sol:COE": {
      "results": {
        "TODReceiver": {
          "violations": [
            306
          ],
          "warnings": [],
          "safe": [
            188,
            194,
            162
          ],
          "conflicts": []
        },
        "UnhandledException": {
          "violations": [],
          "warnings": [
            188,
            194,
            306,
            162
          ],
          "safe": [],
          "conflicts": []
        },
        "TODTransfer": {
          "violations": [
            306
          ],
          "warnings": [
            162
          ],
          "safe": [
            188,
            194
          ],
          "conflicts": []
        },
        "DAO": {
          "violations": [],
          "warnings": [
            162
          ],
          "safe": [],
          "conflicts": []
        },
        "TODAmount": {
          "violations": [
            306
          ],
          "warnings": [],
          "safe": [
            188,
            194,
            162
          ],
          "conflicts": []
        },
        "MissingInputValidation": {
          "violations": [
            42,
            38,
            257,
            201,
            166,
            266,
            252,
            242,
            211,
            206,
            197,
            34,
            262
          ],
          "warnings": [
            298,
            27,
            17,
            236,
            304,
            14,
            310,
            13,
            9,
            8,
            28,
            278,
            29,
            10,
            12,
            160,
            316,
            226,
            287,
            18,
            328,
            117,
            323,
            16,
            274,
            15,
            270,
            283,
            216
          ],
          "safe": [
            182,
            177,
            56,
            86
          ],
          "conflicts": []
        },
        "DAOConstantGas": {
          "violations": [
            306
          ],
          "warnings": [
            194
          ],
          "safe": [
            188
          ],
          "conflicts": []
        },
        "UnrestrictedEtherFlow": {
          "violations": [],
          "warnings": [],
          "safe": [
            188,
            194,
            306,
            162
          ],
          "conflicts": []
        }
      }
    },
    "/unique_chucks/23/0xc7f1c3500496771b2ef4e17ad10624131ade5cd9.sol:Partner": {
      "results": {
        "TODReceiver": {
          "violations": [
            -1
          ],
          "warnings": [],
          "safe": [
            -1
          ],
          "conflicts": []
        },
        "UnhandledException": {
          "violations": [],
          "warnings": [
            -1
          ],
          "safe": [],
          "conflicts": []
        },
        "TODTransfer": {
          "violations": [
            -1
          ],
          "warnings": [
            -1
          ],
          "safe": [
            -1
          ],
          "conflicts": []
        },
        "DAO": {
          "violations": [],
          "warnings": [
            -1
          ],
          "safe": [],
          "conflicts": []
        },
        "TODAmount": {
          "violations": [
            -1
          ],
          "warnings": [],
          "safe": [
            -1
          ],
          "conflicts": []
        },
        "MissingInputValidation": {
          "violations": [],
          "warnings": [],
          "safe": [],
          "conflicts": []
        },
        "DAOConstantGas": {
          "violations": [
            -1
          ],
          "warnings": [
            -1
          ],
          "safe": [
            -1
          ],
          "conflicts": []
        },
        "UnrestrictedEtherFlow": {
          "violations": [],
          "warnings": [],
          "safe": [
            -1
          ],
          "conflicts": []
        }
      }
    }
  }
}