{
  "contract": "0x4055ce7003525c966beff40cfe6f04ab4c0dd82f",
  "tool": "securify",
  "start": 1563762602.8294768,
  "end": 1563763426.6936965,
  "duration": 823.8642196655273,
  "analysis": {
    "/unique_chucks/46/0x4055ce7003525c966beff40cfe6f04ab4c0dd82f.sol:GameICO": {
      "results": {
        "TODReceiver": {
          "violations": [
            262,
            264,
            274,
            276
          ],
          "warnings": [],
          "safe": [],
          "conflicts": []
        },
        "UnhandledException": {
          "violations": [],
          "warnings": [
            262,
            264,
            274,
            276
          ],
          "safe": [],
          "conflicts": []
        },
        "TODTransfer": {
          "violations": [
            262,
            264,
            274,
            276
          ],
          "warnings": [],
          "safe": [],
          "conflicts": []
        },
        "DAO": {
          "violations": [],
          "warnings": [],
          "safe": [],
          "conflicts": []
        },
        "TODAmount": {
          "violations": [
            274,
            276
          ],
          "warnings": [
            262,
            264
          ],
          "safe": [],
          "conflicts": []
        },
        "MissingInputValidation": {
          "violations": [
            81,
            170,
            191,
            151,
            187,
            87,
            177,
            259,
            77,
            164,
            65,
            183,
            54
          ],
          "warnings": [
            108,
            133,
            119,
            115,
            134,
            126,
            211,
            113,
            120,
            112,
            101,
            111,
            135,
            38,
            98,
            128,
            268,
            100,
            105,
            24,
            117,
            125,
            121,
            129,
            132,
            122,
            99,
            118,
            116,
            110,
            137,
            12,
            247,
            104,
            127
          ],
          "safe": [
            196
          ],
          "conflicts": []
        },
        "DAOConstantGas": {
          "violations": [],
          "warnings": [
            262,
            264,
            274,
            276
          ],
          "safe": [],
          "conflicts": []
        },
        "UnrestrictedEtherFlow": {
          "violations": [],
          "warnings": [
            262,
            264,
            274,
            276
          ],
          "safe": [],
          "conflicts": []
        }
      }
    },
    "/unique_chucks/46/0x4055ce7003525c966beff40cfe6f04ab4c0dd82f.sol:StandardToken": {
      "results": {
        "TODReceiver": {
          "violations": [
            -1
          ],
          "warnings": [],
          "safe": [],
          "conflicts": []
        },
        "UnhandledException": {
          "violations": [],
          "warnings": [
            -1
          ],
          "safe": [],
          "conflicts": []
        },
        "TODTransfer": {
          "violations": [
            -1
          ],
          "warnings": [],
          "safe": [],
          "conflicts": []
        },
        "DAO": {
          "violations": [],
          "warnings": [],
          "safe": [],
          "conflicts": []
        },
        "TODAmount": {
          "violations": [
            -1
          ],
          "warnings": [
            -1
          ],
          "safe": [],
          "conflicts": []
        },
        "MissingInputValidation": {
          "violations": [
            -1,
            65,
            77,
            87,
            81,
            54
          ],
          "warnings": [
            -1,
            38
          ],
          "safe": [
            -1
          ],
          "conflicts": []
        },
        "DAOConstantGas": {
          "violations": [],
          "warnings": [
            -1
          ],
          "safe": [],
          "conflicts": []
        },
        "UnrestrictedEtherFlow": {
          "violations": [],
          "warnings": [
            -1
          ],
          "safe": [],
          "conflicts": []
        }
      }
    },
    "/unique_chucks/46/0x4055ce7003525c966beff40cfe6f04ab4c0dd82f.sol:Token": {
      "results": {
        "TODReceiver": {
          "violations": [
            -1
          ],
          "warnings": [],
          "safe": [],
          "conflicts": []
        },
        "UnhandledException": {
          "violations": [],
          "warnings": [
            -1
          ],
          "safe": [],
          "conflicts": []
        },
        "TODTransfer": {
          "violations": [
            -1
          ],
          "warnings": [],
          "safe": [],
          "conflicts": []
        },
        "DAO": {
          "violations": [],
          "warnings": [],
          "safe": [],
          "conflicts": []
        },
        "TODAmount": {
          "violations": [
            -1
          ],
          "warnings": [
            -1
          ],
          "safe": [],
          "conflicts": []
        },
        "MissingInputValidation": {
          "violations": [],
          "warnings": [],
          "safe": [],
          "conflicts": []
        },
        "DAOConstantGas": {
          "violations": [],
          "warnings": [
            -1
          ],
          "safe": [],
          "conflicts": []
        },
        "UnrestrictedEtherFlow": {
          "violations": [],
          "warnings": [
            -1
          ],
          "safe": [],
          "conflicts": []
        }
      }
    },
    "/unique_chucks/46/0x4055ce7003525c966beff40cfe6f04ab4c0dd82f.sol:SafeMath": {
      "results": {
        "TODReceiver": {
          "violations": [
            -1
          ],
          "warnings": [],
          "safe": [],
          "conflicts": []
        },
        "UnhandledException": {
          "violations": [],
          "warnings": [
            -1
          ],
          "safe": [],
          "conflicts": []
        },
        "TODTransfer": {
          "violations": [
            -1
          ],
          "warnings": [],
          "safe": [],
          "conflicts": []
        },
        "DAO": {
          "violations": [],
          "warnings": [],
          "safe": [],
          "conflicts": []
        },
        "TODAmount": {
          "violations": [
            -1
          ],
          "warnings": [
            -1
          ],
          "safe": [],
          "conflicts": []
        },
        "MissingInputValidation": {
          "violations": [],
          "warnings": [],
          "safe": [],
          "conflicts": []
        },
        "DAOConstantGas": {
          "violations": [],
          "warnings": [
            -1
          ],
          "safe": [],
          "conflicts": []
        },
        "UnrestrictedEtherFlow": {
          "violations": [],
          "warnings": [
            -1
          ],
          "safe": [],
          "conflicts": []
        }
      }
    }
  }
}