{
  "contract": "0x839b67e887dfc0443ae4634519e5849103babba4",
  "tool": "securify",
  "start": 1563650429.8850627,
  "end": 1563650756.052564,
  "duration": 326.1675012111664,
  "analysis": {
    "0x839b67e887dfc0443ae4634519e5849103babba4": {
      "results": {
        "DAO": {
          "completed": true,
          "hasViolations": false,
          "hasWarnings": false,
          "hasSafe": false,
          "hasConflicts": false,
          "violations": [],
          "warnings": [],
          "safe": [],
          "conflicts": []
        },
        "DAOConstantGas": {
          "completed": true,
          "hasViolations": false,
          "hasWarnings": false,
          "hasSafe": true,
          "hasConflicts": false,
          "violations": [],
          "warnings": [],
          "safe": [
            1627,
            1627,
            1627,
            1627,
            1627,
            1627,
            1627,
            1627,
            1627,
            1627,
            1627,
            1627,
            1627,
            1627
          ],
          "conflicts": []
        },
        "MissingInputValidation": {
          "completed": true,
          "hasViolations": true,
          "hasWarnings": true,
          "hasSafe": true,
          "hasConflicts": false,
          "violations": [
            2317,
            2317,
            2317,
            2498,
            2317,
            2498,
            1569,
            2317,
            2498,
            1569,
            2317,
            2498,
            1569,
            2317,
            2498,
            1569,
            2317,
            2498,
            1569,
            1941,
            2317,
            2498,
            1569,
            1941,
            2317,
            2498,
            1569,
            1941,
            2317,
            2498,
            1569,
            1941,
            2317,
            2498,
            1569,
            1941,
            1202,
            2317,
            2498,
            1569,
            1941,
            1202,
            2317,
            2498,
            1569,
            1941,
            1202,
            2317,
            2498,
            1569,
            1941,
            1202,
            2317,
            2498,
            1569,
            1941,
            1202
          ],
          "warnings": [
            1649,
            1649,
            1649,
            1649,
            1649,
            1649,
            1649,
            1649,
            1778,
            1649,
            1778,
            1649,
            1778,
            1649,
            1778,
            1649,
            1778,
            1649,
            1778,
            1649,
            1778,
            2335,
            1649,
            1778,
            2335,
            1649,
            1778,
            2335,
            2096,
            1649,
            1778,
            2335,
            2096
          ],
          "safe": [
            2525,
            2525,
            2525,
            2525,
            1973,
            2525,
            1973,
            1013,
            2525,
            1973,
            1013,
            2525,
            1973,
            1013,
            2525,
            1973,
            1013,
            2580,
            2525,
            1973,
            1013,
            2580,
            1197,
            2525,
            1973,
            1013,
            2580,
            1197,
            1555,
            2525,
            1973,
            1013,
            2580,
            1197,
            1555,
            2525,
            1973,
            1013,
            2580,
            1197,
            1555,
            2525,
            1973,
            1013,
            2580,
            1197,
            1555,
            1959,
            2525,
            1973,
            1013,
            2580,
            1197,
            1555,
            1959,
            2525,
            1973,
            1013,
            2580,
            1197,
            1555,
            1959,
            2545
          ],
          "conflicts": []
        },
        "TODAmount": {
          "completed": true,
          "hasViolations": false,
          "hasWarnings": false,
          "hasSafe": true,
          "hasConflicts": false,
          "violations": [],
          "warnings": [],
          "safe": [
            1627,
            1627,
            1627,
            1627,
            1627,
            1627,
            1627,
            1627,
            1627,
            1627,
            1627,
            1627,
            1627
          ],
          "conflicts": []
        },
        "TODReceiver": {
          "completed": true,
          "hasViolations": false,
          "hasWarnings": false,
          "hasSafe": true,
          "hasConflicts": false,
          "violations": [],
          "warnings": [],
          "safe": [
            1627,
            1627,
            1627,
            1627,
            1627,
            1627,
            1627,
            1627,
            1627,
            1627,
            1627,
            1627,
            1627
          ],
          "conflicts": []
        },
        "TODTransfer": {
          "completed": true,
          "hasViolations": false,
          "hasWarnings": false,
          "hasSafe": true,
          "hasConflicts": false,
          "violations": [],
          "warnings": [],
          "safe": [
            1627,
            1627,
            1627,
            1627,
            1627,
            1627,
            1627,
            1627,
            1627,
            1627,
            1627,
            1627,
            1627
          ],
          "conflicts": []
        },
        "UnhandledException": {
          "completed": true,
          "hasViolations": false,
          "hasWarnings": false,
          "hasSafe": true,
          "hasConflicts": false,
          "violations": [],
          "warnings": [],
          "safe": [
            1627,
            1627,
            1627,
            1627,
            1627,
            1627,
            1627,
            1627,
            1627,
            1627,
            1627,
            1627,
            1627
          ],
          "conflicts": []
        },
        "UnrestrictedEtherFlow": {
          "completed": true,
          "hasViolations": false,
          "hasWarnings": false,
          "hasSafe": true,
          "hasConflicts": false,
          "violations": [],
          "warnings": [],
          "safe": [
            1627,
            1627,
            1627,
            1627,
            1627,
            1627,
            1627,
            1627,
            1627,
            1627,
            1627,
            1627,
            1627
          ],
          "conflicts": []
        }
      }
    }
  }
}