{
  "contract": "0xb5839ad7c812389fdaa21e5bce925daf239f93b6",
  "tool": "securify",
  "start": 1563764006.3122232,
  "end": 1563764016.285394,
  "duration": 9.973170757293701,
  "analysis": {
    "0xb5839ad7c812389fdaa21e5bce925daf239f93b6": {
      "results": {
        "DAO": {
          "completed": true,
          "hasViolations": false,
          "hasWarnings": false,
          "hasSafe": false,
          "hasConflicts": false,
          "violations": [],
          "warnings": [],
          "safe": [],
          "conflicts": []
        },
        "DAOConstantGas": {
          "completed": true,
          "hasViolations": false,
          "hasWarnings": false,
          "hasSafe": false,
          "hasConflicts": false,
          "violations": [],
          "warnings": [],
          "safe": [],
          "conflicts": []
        },
        "LockedEther": {
          "completed": true,
          "hasViolations": true,
          "hasWarnings": false,
          "hasSafe": false,
          "hasConflicts": false,
          "violations": [
            1
          ],
          "warnings": [],
          "safe": [],
          "conflicts": []
        },
        "MissingInputValidation": {
          "completed": true,
          "hasViolations": true,
          "hasWarnings": true,
          "hasSafe": true,
          "hasConflicts": false,
          "violations": [
            1134,
            1134,
            1386,
            1134,
            1386,
            1134,
            1386,
            1931,
            1134,
            1386,
            1931,
            1134,
            1386,
            1931,
            1723,
            1134,
            1386,
            1931,
            1723,
            1134,
            1386,
            1931,
            1723,
            1368,
            1134,
            1386,
            1931,
            1723,
            1368,
            1079,
            1134,
            1386,
            1931,
            1723,
            1368,
            1079
          ],
          "warnings": [
            1712,
            1712,
            1712,
            1712,
            1712,
            1712,
            1712,
            1712
          ],
          "safe": [
            1261,
            1261,
            1129,
            1261,
            1129,
            1589,
            1261,
            1129,
            1589,
            1261,
            1129,
            1589,
            1261,
            1129,
            1589,
            1261,
            1129,
            1589,
            1261,
            1129,
            1589,
            1958,
            1261,
            1129,
            1589,
            1958,
            1261,
            1129,
            1589,
            1958,
            956,
            1261,
            1129,
            1589,
            1958,
            956,
            1261,
            1129,
            1589,
            1958,
            956,
            1261,
            1129,
            1589,
            1958,
            956,
            1247
          ],
          "conflicts": []
        },
        "RepeatedCall": {
          "completed": true,
          "hasViolations": false,
          "hasWarnings": false,
          "hasSafe": true,
          "hasConflicts": false,
          "violations": [],
          "warnings": [],
          "safe": [
            1899,
            1899,
            1899,
            1899,
            1899
          ],
          "conflicts": []
        },
        "TODAmount": {
          "completed": true,
          "hasViolations": false,
          "hasWarnings": false,
          "hasSafe": false,
          "hasConflicts": false,
          "violations": [],
          "warnings": [],
          "safe": [],
          "conflicts": []
        },
        "TODReceiver": {
          "completed": true,
          "hasViolations": false,
          "hasWarnings": false,
          "hasSafe": false,
          "hasConflicts": false,
          "violations": [],
          "warnings": [],
          "safe": [],
          "conflicts": []
        },
        "UnhandledException": {
          "completed": true,
          "hasViolations": false,
          "hasWarnings": false,
          "hasSafe": true,
          "hasConflicts": false,
          "violations": [],
          "warnings": [],
          "safe": [
            1899,
            1899,
            1899,
            1899,
            1899
          ],
          "conflicts": []
        },
        "UnrestrictedEtherFlow": {
          "completed": true,
          "hasViolations": false,
          "hasWarnings": false,
          "hasSafe": true,
          "hasConflicts": false,
          "violations": [],
          "warnings": [],
          "safe": [
            1899,
            1899,
            1899,
            1899,
            1899
          ],
          "conflicts": []
        },
        "UnrestrictedWrite": {
          "completed": true,
          "hasViolations": true,
          "hasWarnings": true,
          "hasSafe": true,
          "hasConflicts": false,
          "violations": [
            1336,
            1336,
            1336,
            1336,
            1336,
            1494,
            1556,
            1336,
            1494,
            1556,
            1336,
            1494,
            1556,
            1336,
            1494,
            1556,
            2123,
            2154,
            1336,
            1494,
            1556,
            2123,
            2154,
            1336,
            1494,
            1556,
            2123,
            2154,
            1336,
            1494,
            1556,
            2123,
            2154,
            1336,
            1494,
            1556,
            2123,
            2154,
            1336,
            1494,
            1556,
            2123,
            2154
          ],
          "warnings": [
            2123,
            2154,
            2123,
            2154,
            2123,
            2154,
            2154,
            2123,
            2154,
            2154,
            2123,
            2154,
            2154,
            2123,
            2154,
            2154,
            2123,
            2154,
            2154,
            2123,
            2154,
            2154,
            2123,
            2154,
            2154,
            2123,
            2154,
            2154
          ],
          "safe": [
            1322,
            1322,
            1322,
            1322,
            1229,
            1322,
            1229,
            1542,
            1322,
            1229,
            1542,
            2123,
            1322,
            1229,
            1542,
            2123,
            1322,
            1229,
            1542,
            2123,
            1322,
            1229,
            1542,
            2123,
            1119,
            1322,
            1229,
            1542,
            2123,
            1119,
            1322,
            1229,
            1542,
            2123,
            1119,
            1322,
            1229,
            1542,
            2123,
            1119,
            1119,
            1322,
            1229,
            1542,
            2123,
            1119,
            1119
          ],
          "conflicts": []
        }
      }
    }
  }
}