{
  "contract": "0xb1a2f4a31825e8c6c0aefde4719e189eb1e2800c",
  "tool": "securify",
  "start": 1563582720.775197,
  "end": 1563583095.2638369,
  "duration": 374.48863983154297,
  "analysis": {
    "0xb1a2f4a31825e8c6c0aefde4719e189eb1e2800c": {
      "results": {
        "DAO": {
          "completed": true,
          "hasViolations": false,
          "hasWarnings": false,
          "hasSafe": false,
          "hasConflicts": false,
          "violations": [],
          "warnings": [],
          "safe": [],
          "conflicts": []
        },
        "DAOConstantGas": {
          "completed": true,
          "hasViolations": false,
          "hasWarnings": true,
          "hasSafe": true,
          "hasConflicts": false,
          "violations": [],
          "warnings": [
            200,
            200,
            200,
            200,
            200,
            200,
            200,
            200,
            200
          ],
          "safe": [
            1199,
            1199,
            1199,
            1199,
            1199,
            1199,
            1199,
            1199,
            1199
          ],
          "conflicts": []
        },
        "MissingInputValidation": {
          "completed": true,
          "hasViolations": true,
          "hasWarnings": false,
          "hasSafe": true,
          "hasConflicts": false,
          "violations": [
            456,
            488,
            1334,
            456,
            488,
            1334,
            456,
            488,
            1334,
            456,
            488,
            1334,
            456,
            488,
            1334,
            456,
            488,
            1334,
            1383,
            456,
            488,
            1334,
            1383,
            456,
            488,
            1334,
            1383,
            456,
            488,
            1334,
            1383,
            1179
          ],
          "warnings": [],
          "safe": [
            474,
            451,
            474,
            451,
            1056,
            474,
            451,
            1056,
            1197,
            474,
            451,
            1056,
            1197,
            914,
            474,
            451,
            1056,
            1197,
            914,
            1037,
            474,
            451,
            1056,
            1197,
            914,
            1037,
            474,
            451,
            1056,
            1197,
            914,
            1037,
            1042,
            474,
            451,
            1056,
            1197,
            914,
            1037,
            1042,
            1211,
            474,
            451,
            1056,
            1197,
            914,
            1037,
            1042,
            1211
          ],
          "conflicts": []
        },
        "TODAmount": {
          "completed": true,
          "hasViolations": true,
          "hasWarnings": true,
          "hasSafe": false,
          "hasConflicts": false,
          "violations": [
            1199,
            1199,
            1199,
            1199,
            1199,
            1199,
            1199,
            1199,
            1199
          ],
          "warnings": [
            200,
            200,
            200,
            200,
            200,
            200,
            200,
            200,
            200
          ],
          "safe": [],
          "conflicts": []
        },
        "TODReceiver": {
          "completed": true,
          "hasViolations": true,
          "hasWarnings": false,
          "hasSafe": true,
          "hasConflicts": false,
          "violations": [
            1199,
            1199,
            1199,
            1199,
            1199,
            1199,
            1199,
            1199,
            1199
          ],
          "warnings": [],
          "safe": [
            200,
            200,
            200,
            200,
            200,
            200,
            200,
            200,
            200
          ],
          "conflicts": []
        },
        "TODTransfer": {
          "completed": true,
          "hasViolations": false,
          "hasWarnings": false,
          "hasSafe": true,
          "hasConflicts": true,
          "violations": [],
          "warnings": [],
          "safe": [
            200,
            200,
            200,
            200,
            200,
            200,
            200,
            200,
            200
          ],
          "conflicts": [
            1199,
            1199,
            1199,
            1199,
            1199,
            1199,
            1199,
            1199,
            1199
          ]
        },
        "UnhandledException": {
          "completed": true,
          "hasViolations": false,
          "hasWarnings": false,
          "hasSafe": true,
          "hasConflicts": false,
          "violations": [],
          "warnings": [],
          "safe": [
            1199,
            200,
            1199,
            200,
            1199,
            200,
            1199,
            200,
            1199,
            200,
            1199,
            200,
            1199,
            200,
            1199,
            200,
            1199,
            200
          ],
          "conflicts": []
        },
        "UnrestrictedEtherFlow": {
          "completed": true,
          "hasViolations": false,
          "hasWarnings": true,
          "hasSafe": true,
          "hasConflicts": false,
          "violations": [],
          "warnings": [
            200,
            200,
            200,
            200,
            200,
            200,
            200,
            200,
            200
          ],
          "safe": [
            1199,
            1199,
            1199,
            1199,
            1199,
            1199,
            1199,
            1199,
            1199
          ],
          "conflicts": []
        }
      }
    }
  }
}