{
  "contract": "0xf8b1153fb2fa0b505f7b0616da4ce59e872569c6",
  "tool": "securify",
  "start": 1563642599.2928624,
  "end": 1563643035.9455428,
  "duration": 436.6526803970337,
  "analysis": {
    "0xf8b1153fb2fa0b505f7b0616da4ce59e872569c6": {
      "results": {
        "DAO": {
          "completed": true,
          "hasViolations": false,
          "hasWarnings": false,
          "hasSafe": false,
          "hasConflicts": false,
          "violations": [],
          "warnings": [],
          "safe": [],
          "conflicts": []
        },
        "DAOConstantGas": {
          "completed": true,
          "hasViolations": false,
          "hasWarnings": false,
          "hasSafe": false,
          "hasConflicts": false,
          "violations": [],
          "warnings": [],
          "safe": [],
          "conflicts": []
        },
        "MissingInputValidation": {
          "completed": true,
          "hasViolations": true,
          "hasWarnings": true,
          "hasSafe": true,
          "hasConflicts": false,
          "violations": [
            1667,
            1667,
            1216,
            1667,
            1216,
            1667,
            1216,
            1667,
            1216,
            2226,
            1667,
            1216,
            2226,
            1667,
            1216,
            2226,
            1667,
            1216,
            2226,
            1271,
            1667,
            1216,
            2226,
            1271,
            1667,
            1216,
            2226,
            1271,
            1667,
            1216,
            2226,
            1271,
            1505,
            1667,
            1216,
            2226,
            1271,
            1505,
            1667,
            1216,
            2226,
            1271,
            1505,
            1523,
            1667,
            1216,
            2226,
            1271,
            1505,
            1523,
            2018
          ],
          "warnings": [
            2007,
            2007,
            2007,
            2007,
            2007,
            2007,
            2007,
            2007,
            2007,
            2007,
            2007
          ],
          "safe": [
            119,
            105,
            1266,
            119,
            105,
            1266,
            119,
            105,
            1266,
            119,
            105,
            1266,
            1884,
            119,
            105,
            1266,
            1884,
            119,
            105,
            1266,
            1884,
            119,
            105,
            1266,
            1884,
            2253,
            119,
            105,
            1266,
            1884,
            2253,
            2344,
            119,
            105,
            1266,
            1884,
            2253,
            2344,
            119,
            105,
            1266,
            1884,
            2253,
            2344,
            1093,
            119,
            105,
            1266,
            1884,
            2253,
            2344,
            1093,
            1384,
            119,
            105,
            1266,
            1884,
            2253,
            2344,
            1093,
            1384,
            119,
            105,
            1266,
            1884,
            2253,
            2344,
            1093,
            1384,
            1870,
            119,
            105,
            1266,
            1884,
            2253,
            2344,
            1093,
            1384,
            1870,
            119,
            105,
            1266,
            1884,
            2253,
            2344,
            1093,
            1384,
            1870
          ],
          "conflicts": []
        },
        "TODAmount": {
          "completed": true,
          "hasViolations": false,
          "hasWarnings": false,
          "hasSafe": false,
          "hasConflicts": false,
          "violations": [],
          "warnings": [],
          "safe": [],
          "conflicts": []
        },
        "TODReceiver": {
          "completed": true,
          "hasViolations": false,
          "hasWarnings": false,
          "hasSafe": false,
          "hasConflicts": false,
          "violations": [],
          "warnings": [],
          "safe": [],
          "conflicts": []
        },
        "TODTransfer": {
          "completed": true,
          "hasViolations": false,
          "hasWarnings": false,
          "hasSafe": false,
          "hasConflicts": false,
          "violations": [],
          "warnings": [],
          "safe": [],
          "conflicts": []
        },
        "UnhandledException": {
          "completed": true,
          "hasViolations": false,
          "hasWarnings": false,
          "hasSafe": true,
          "hasConflicts": false,
          "violations": [],
          "warnings": [],
          "safe": [
            2194
          ],
          "conflicts": []
        },
        "UnrestrictedEtherFlow": {
          "completed": true,
          "hasViolations": false,
          "hasWarnings": false,
          "hasSafe": false,
          "hasConflicts": false,
          "violations": [],
          "warnings": [],
          "safe": [],
          "conflicts": []
        }
      }
    }
  }
}