{
  "contract": "0x1928d6d2bea7ac059e90318b6bb57850bfae9985",
  "tool": "securify",
  "start": 1563790564.7561266,
  "end": 1563791013.8006904,
  "duration": 449.0445637702942,
  "analysis": {
    "0x1928d6d2bea7ac059e90318b6bb57850bfae9985": {
      "results": {
        "DAO": {
          "completed": true,
          "hasViolations": false,
          "hasWarnings": false,
          "hasSafe": false,
          "hasConflicts": false,
          "violations": [],
          "warnings": [],
          "safe": [],
          "conflicts": []
        },
        "DAOConstantGas": {
          "completed": true,
          "hasViolations": false,
          "hasWarnings": false,
          "hasSafe": true,
          "hasConflicts": false,
          "violations": [],
          "warnings": [],
          "safe": [
            2502,
            2502,
            2502,
            2502,
            2502,
            2502,
            2502,
            2502,
            2502,
            2502,
            2502
          ],
          "conflicts": []
        },
        "MissingInputValidation": {
          "completed": true,
          "hasViolations": true,
          "hasWarnings": true,
          "hasSafe": true,
          "hasConflicts": false,
          "violations": [
            2524,
            2524,
            2524,
            1501,
            2524,
            1501,
            2524,
            1501,
            2424,
            2524,
            1501,
            2424,
            1556,
            2524,
            1501,
            2424,
            1556,
            2524,
            1501,
            2424,
            1556,
            2524,
            1501,
            2424,
            1556,
            2524,
            1501,
            2424,
            1556,
            2524,
            1501,
            2424,
            1556,
            2524,
            1501,
            2424,
            1556,
            2193,
            2524,
            1501,
            2424,
            1556,
            2193,
            1795,
            2524,
            1501,
            2424,
            1556,
            2193,
            1795,
            2524,
            1501,
            2424,
            1556,
            2193,
            1795,
            2524,
            1501,
            2424,
            1556,
            2193,
            1795,
            1337,
            2524,
            1501,
            2424,
            1556,
            2193,
            1795,
            1337,
            2524,
            1501,
            2424,
            1556,
            2193,
            1795,
            1337,
            2626,
            2524,
            1501,
            2424,
            1556,
            2193,
            1795,
            1337,
            2626
          ],
          "warnings": [
            2451,
            2451,
            2451,
            2451,
            2451,
            2451,
            2451,
            2451,
            2451,
            2451
          ],
          "safe": [
            2016,
            2016,
            2016,
            2021,
            2016,
            2021,
            2016,
            2021,
            2016,
            2021,
            2675,
            2016,
            2021,
            2675,
            2158,
            2016,
            2021,
            2675,
            2158,
            1669,
            2016,
            2021,
            2675,
            2158,
            1669,
            2016,
            2021,
            2675,
            2158,
            1669,
            1790,
            2016,
            2021,
            2675,
            2158,
            1669,
            1790,
            2016,
            2021,
            2675,
            2158,
            1669,
            1790,
            2016,
            2021,
            2675,
            2158,
            1669,
            1790,
            2035,
            2016,
            2021,
            2675,
            2158,
            1669,
            1790,
            2035,
            1551,
            2016,
            2021,
            2675,
            2158,
            1669,
            1790,
            2035,
            1551,
            2016,
            2021,
            2675,
            2158,
            1669,
            1790,
            2035,
            1551,
            1378,
            2016,
            2021,
            2675,
            2158,
            1669,
            1790,
            2035,
            1551,
            1378,
            2016,
            2021,
            2675,
            2158,
            1669,
            1790,
            2035,
            1551,
            1378,
            1683
          ],
          "conflicts": []
        },
        "TODAmount": {
          "completed": true,
          "hasViolations": false,
          "hasWarnings": true,
          "hasSafe": false,
          "hasConflicts": false,
          "violations": [],
          "warnings": [
            2502,
            2502,
            2502,
            2502,
            2502,
            2502,
            2502,
            2502,
            2502,
            2502
          ],
          "safe": [],
          "conflicts": []
        },
        "TODReceiver": {
          "completed": true,
          "hasViolations": false,
          "hasWarnings": false,
          "hasSafe": true,
          "hasConflicts": false,
          "violations": [],
          "warnings": [],
          "safe": [
            2502,
            2502,
            2502,
            2502,
            2502,
            2502,
            2502,
            2502,
            2502,
            2502
          ],
          "conflicts": []
        },
        "TODTransfer": {
          "completed": true,
          "hasViolations": false,
          "hasWarnings": false,
          "hasSafe": true,
          "hasConflicts": false,
          "violations": [],
          "warnings": [],
          "safe": [
            2502,
            2502,
            2502,
            2502,
            2502,
            2502,
            2502,
            2502,
            2502,
            2502
          ],
          "conflicts": []
        },
        "UnhandledException": {
          "completed": true,
          "hasViolations": false,
          "hasWarnings": false,
          "hasSafe": true,
          "hasConflicts": false,
          "violations": [],
          "warnings": [],
          "safe": [
            2502,
            2502,
            2502,
            2502,
            2502,
            2502,
            2502,
            2502,
            2502,
            2502
          ],
          "conflicts": []
        },
        "UnrestrictedEtherFlow": {
          "completed": true,
          "hasViolations": false,
          "hasWarnings": true,
          "hasSafe": false,
          "hasConflicts": false,
          "violations": [],
          "warnings": [
            2502,
            2502,
            2502,
            2502,
            2502,
            2502,
            2502,
            2502,
            2502,
            2502
          ],
          "safe": [],
          "conflicts": []
        }
      }
    }
  }
}