{
  "contract": "0x93fbd5814e2e0e7974f380978aa176c7cbeef37c",
  "tool": "securify",
  "start": 1563590890.6125088,
  "end": 1563591403.322734,
  "duration": 512.7102253437042,
  "analysis": {
    "0x93fbd5814e2e0e7974f380978aa176c7cbeef37c": {
      "results": {
        "DAO": {
          "completed": true,
          "hasViolations": false,
          "hasWarnings": false,
          "hasSafe": false,
          "hasConflicts": false,
          "violations": [],
          "warnings": [],
          "safe": [],
          "conflicts": []
        },
        "DAOConstantGas": {
          "completed": true,
          "hasViolations": false,
          "hasWarnings": false,
          "hasSafe": false,
          "hasConflicts": false,
          "violations": [],
          "warnings": [],
          "safe": [],
          "conflicts": []
        },
        "MissingInputValidation": {
          "completed": true,
          "hasViolations": true,
          "hasWarnings": false,
          "hasSafe": true,
          "hasConflicts": false,
          "violations": [
            500,
            789,
            419,
            1009,
            1356,
            500,
            789,
            419,
            1009,
            1356,
            2320,
            500,
            789,
            419,
            1009,
            1356,
            2320,
            500,
            789,
            419,
            1009,
            1356,
            2320,
            1796,
            500,
            789,
            419,
            1009,
            1356,
            2320,
            1796,
            2139,
            500,
            789,
            419,
            1009,
            1356,
            2320,
            1796,
            2139,
            500,
            789,
            419,
            1009,
            1356,
            2320,
            1796,
            2139,
            500,
            789,
            419,
            1009,
            1356,
            2320,
            1796,
            2139,
            500,
            789,
            419,
            1009,
            1356,
            2320,
            1796,
            2139,
            500,
            789,
            419,
            1009,
            1356,
            2320,
            1796,
            2139,
            500,
            789,
            419,
            1009,
            1356,
            2320,
            1796,
            2139,
            1275
          ],
          "warnings": [],
          "safe": [
            816,
            495,
            816,
            495,
            816,
            495,
            1673,
            816,
            495,
            1673,
            816,
            495,
            1673,
            816,
            495,
            1673,
            1351,
            816,
            495,
            1673,
            1351,
            1645,
            816,
            495,
            1673,
            1351,
            1645,
            1152,
            816,
            495,
            1673,
            1351,
            1645,
            1152,
            1659,
            816,
            495,
            1673,
            1351,
            1645,
            1152,
            1659,
            1823,
            816,
            495,
            1673,
            1351,
            1645,
            1152,
            1659,
            1823
          ],
          "conflicts": []
        },
        "TODAmount": {
          "completed": true,
          "hasViolations": false,
          "hasWarnings": false,
          "hasSafe": false,
          "hasConflicts": false,
          "violations": [],
          "warnings": [],
          "safe": [],
          "conflicts": []
        },
        "TODReceiver": {
          "completed": true,
          "hasViolations": false,
          "hasWarnings": false,
          "hasSafe": false,
          "hasConflicts": false,
          "violations": [],
          "warnings": [],
          "safe": [],
          "conflicts": []
        },
        "TODTransfer": {
          "completed": true,
          "hasViolations": false,
          "hasWarnings": false,
          "hasSafe": false,
          "hasConflicts": false,
          "violations": [],
          "warnings": [],
          "safe": [],
          "conflicts": []
        },
        "UnhandledException": {
          "completed": true,
          "hasViolations": false,
          "hasWarnings": false,
          "hasSafe": true,
          "hasConflicts": false,
          "violations": [],
          "warnings": [],
          "safe": [
            2545,
            2545,
            2545,
            2545,
            2299,
            2545,
            2299,
            2545,
            2299,
            2545,
            2299,
            2545,
            2299,
            2545,
            2299,
            2545,
            2299
          ],
          "conflicts": []
        },
        "UnrestrictedEtherFlow": {
          "completed": true,
          "hasViolations": false,
          "hasWarnings": false,
          "hasSafe": true,
          "hasConflicts": false,
          "violations": [],
          "warnings": [],
          "safe": [
            2545,
            2545,
            2545,
            2545,
            2299,
            2545,
            2299,
            2545,
            2299,
            2545,
            2299,
            2545,
            2299,
            2545,
            2299,
            2545,
            2299
          ],
          "conflicts": []
        }
      }
    }
  }
}