{
  "contract": "0x7c523c42ad255e5b270b12fee2ecc1103e88a9dc",
  "tool": "securify",
  "start": 1563554638.0820417,
  "end": 1563556442.708434,
  "duration": 1804.626392364502,
  "analysis": {
    "0x7c523c42ad255e5b270b12fee2ecc1103e88a9dc": {
      "results": {
        "DAO": {
          "completed": true,
          "hasViolations": false,
          "hasWarnings": false,
          "hasSafe": true,
          "hasConflicts": false,
          "violations": [],
          "warnings": [],
          "safe": [
            6438,
            7728,
            7983,
            8073,
            7728,
            7983,
            8073,
            6438,
            7728,
            7983,
            8073,
            7728,
            7983,
            8073
          ],
          "conflicts": []
        },
        "DAOConstantGas": {
          "completed": true,
          "hasViolations": false,
          "hasWarnings": false,
          "hasSafe": true,
          "hasConflicts": false,
          "violations": [],
          "warnings": [],
          "safe": [
            486,
            776,
            904,
            486,
            486,
            776,
            904,
            486
          ],
          "conflicts": []
        },
        "MissingInputValidation": {
          "completed": true,
          "hasViolations": true,
          "hasWarnings": true,
          "hasSafe": true,
          "hasConflicts": false,
          "violations": [
            934,
            800,
            6003,
            2864,
            3259,
            5060,
            2705,
            5026,
            934,
            800,
            6003,
            2864,
            3259,
            5060,
            2705,
            5026,
            129
          ],
          "warnings": [
            6643,
            6345,
            6643,
            6345
          ],
          "safe": [
            633,
            641,
            658,
            422,
            501,
            430,
            675,
            619,
            1964,
            5999,
            6340,
            3340,
            5994,
            7344,
            6290,
            7200,
            7621,
            6209,
            8095,
            5448,
            6638,
            211,
            126,
            244,
            197,
            167,
            633,
            641,
            658,
            422,
            501,
            430,
            675,
            619,
            1964,
            5999,
            6340,
            3340,
            5994,
            7344,
            6290,
            7200,
            7621,
            6209,
            8095,
            5448,
            6638,
            211,
            126,
            244,
            197,
            167
          ],
          "conflicts": []
        },
        "TODAmount": {
          "completed": true,
          "hasViolations": true,
          "hasWarnings": true,
          "hasSafe": false,
          "hasConflicts": true,
          "violations": [
            486,
            486,
            486,
            486
          ],
          "warnings": [
            6438,
            7728,
            7983,
            8073,
            7728,
            7983,
            8073,
            6438,
            7728,
            7983,
            8073,
            7728,
            7983,
            8073
          ],
          "safe": [],
          "conflicts": [
            776,
            904,
            776,
            904
          ]
        },
        "TODReceiver": {
          "completed": true,
          "hasViolations": true,
          "hasWarnings": true,
          "hasSafe": true,
          "hasConflicts": false,
          "violations": [
            776,
            486,
            776,
            486
          ],
          "warnings": [
            486,
            6438,
            7728,
            7983,
            8073,
            7728,
            7983,
            8073,
            486,
            6438,
            7728,
            7983,
            8073,
            7728,
            7983,
            8073
          ],
          "safe": [
            904,
            904
          ],
          "conflicts": []
        },
        "TODTransfer": {
          "completed": true,
          "hasViolations": true,
          "hasWarnings": true,
          "hasSafe": true,
          "hasConflicts": false,
          "violations": [
            776,
            904,
            486,
            776,
            904,
            486
          ],
          "warnings": [
            7728,
            7983,
            8073,
            7728,
            7983,
            8073
          ],
          "safe": [
            486,
            6438,
            7728,
            7983,
            8073,
            486,
            6438,
            7728,
            7983,
            8073
          ],
          "conflicts": []
        },
        "UnhandledException": {
          "completed": true,
          "hasViolations": false,
          "hasWarnings": false,
          "hasSafe": true,
          "hasConflicts": false,
          "violations": [],
          "warnings": [],
          "safe": [
            486,
            776,
            904,
            486,
            2832,
            2230,
            4352,
            1988,
            3154,
            2967,
            3079,
            3144,
            6438,
            6438,
            6438,
            7728,
            7983,
            8073,
            7728,
            7983,
            8073,
            486,
            776,
            904,
            486,
            2832,
            2230,
            4352,
            1988,
            3154,
            2967,
            3079,
            3144,
            6438,
            6438,
            6438,
            7728,
            7983,
            8073,
            7728,
            7983,
            8073
          ],
          "conflicts": []
        },
        "UnrestrictedEtherFlow": {
          "completed": true,
          "hasViolations": false,
          "hasWarnings": true,
          "hasSafe": true,
          "hasConflicts": false,
          "violations": [],
          "warnings": [
            486,
            6438,
            7728,
            7983,
            8073,
            7728,
            7983,
            8073,
            486,
            6438,
            7728,
            7983,
            8073,
            7728,
            7983,
            8073
          ],
          "safe": [
            776,
            904,
            486,
            2832,
            2230,
            4352,
            1988,
            3154,
            2967,
            3079,
            3144,
            6438,
            6438,
            776,
            904,
            486,
            2832,
            2230,
            4352,
            1988,
            3154,
            2967,
            3079,
            3144,
            6438,
            6438
          ],
          "conflicts": []
        }
      }
    }
  }
}