{
  "contract": "0x07be17b2695881fa100e92815edcff0b042b4a8c",
  "tool": "securify",
  "start": 1563654522.9130418,
  "end": 1563654983.3570797,
  "duration": 460.4440379142761,
  "analysis": {
    "0x07be17b2695881fa100e92815edcff0b042b4a8c": {
      "results": {
        "DAO": {
          "completed": true,
          "hasViolations": false,
          "hasWarnings": false,
          "hasSafe": false,
          "hasConflicts": false,
          "violations": [],
          "warnings": [],
          "safe": [],
          "conflicts": []
        },
        "DAOConstantGas": {
          "completed": true,
          "hasViolations": false,
          "hasWarnings": false,
          "hasSafe": false,
          "hasConflicts": false,
          "violations": [],
          "warnings": [],
          "safe": [],
          "conflicts": []
        },
        "MissingInputValidation": {
          "completed": true,
          "hasViolations": true,
          "hasWarnings": false,
          "hasSafe": true,
          "hasConflicts": false,
          "violations": [
            1179,
            1549,
            2085,
            1098,
            1838,
            1699,
            899,
            1179,
            1549,
            2085,
            1098,
            1838,
            1699,
            899,
            419,
            1179,
            1549,
            2085,
            1098,
            1838,
            1699,
            899,
            419,
            733,
            1179,
            1549,
            2085,
            1098,
            1838,
            1699,
            899,
            419,
            733
          ],
          "warnings": [],
          "safe": [
            1426,
            1412,
            975,
            1174,
            1576,
            1426,
            1412,
            975,
            1174,
            1576,
            1426,
            1412,
            975,
            1174,
            1576,
            1426,
            1412,
            975,
            1174,
            1576,
            495
          ],
          "conflicts": []
        },
        "TODAmount": {
          "completed": true,
          "hasViolations": false,
          "hasWarnings": false,
          "hasSafe": false,
          "hasConflicts": false,
          "violations": [],
          "warnings": [],
          "safe": [],
          "conflicts": []
        },
        "TODReceiver": {
          "completed": true,
          "hasViolations": false,
          "hasWarnings": false,
          "hasSafe": false,
          "hasConflicts": false,
          "violations": [],
          "warnings": [],
          "safe": [],
          "conflicts": []
        },
        "TODTransfer": {
          "completed": true,
          "hasViolations": false,
          "hasWarnings": false,
          "hasSafe": false,
          "hasConflicts": false,
          "violations": [],
          "warnings": [],
          "safe": [],
          "conflicts": []
        },
        "UnhandledException": {
          "completed": true,
          "hasViolations": false,
          "hasWarnings": false,
          "hasSafe": true,
          "hasConflicts": false,
          "violations": [],
          "warnings": [],
          "safe": [
            2063,
            2063,
            2063,
            2063
          ],
          "conflicts": []
        },
        "UnrestrictedEtherFlow": {
          "completed": true,
          "hasViolations": false,
          "hasWarnings": false,
          "hasSafe": true,
          "hasConflicts": false,
          "violations": [],
          "warnings": [],
          "safe": [
            2063,
            2063,
            2063,
            2063
          ],
          "conflicts": []
        }
      }
    }
  }
}