{
  "contract": "0xd596fb9b95cf9cd39bdfa9d5cf9e1abe6f5db393",
  "tool": "securify",
  "start": 1563515500.4755611,
  "end": 1563517303.2192159,
  "duration": 1802.7436547279358,
  "analysis": {
    "0xd596fb9b95cf9cd39bdfa9d5cf9e1abe6f5db393": {
      "results": {
        "DAO": {
          "completed": true,
          "hasViolations": false,
          "hasWarnings": false,
          "hasSafe": true,
          "hasConflicts": false,
          "violations": [],
          "warnings": [],
          "safe": [
            501,
            501,
            501,
            841,
            841,
            841,
            841,
            841,
            501,
            501,
            501,
            2758,
            2758,
            2758,
            2758,
            2758,
            2758,
            2758,
            2758,
            2758,
            2758,
            969,
            969,
            969,
            969,
            969,
            501,
            501,
            501,
            841,
            841,
            841,
            841,
            841,
            501,
            501,
            501,
            2758,
            2758,
            2758,
            2758,
            2758,
            2758,
            2758,
            2758,
            2758,
            2758,
            969,
            969,
            969,
            969,
            969
          ],
          "conflicts": []
        },
        "DAOConstantGas": {
          "completed": true,
          "hasViolations": false,
          "hasWarnings": false,
          "hasSafe": false,
          "hasConflicts": false,
          "violations": [],
          "warnings": [],
          "safe": [],
          "conflicts": []
        },
        "MissingInputValidation": {
          "completed": true,
          "hasViolations": true,
          "hasWarnings": true,
          "hasSafe": true,
          "hasConflicts": false,
          "violations": [
            2546,
            2512,
            1944,
            1386,
            419,
            767,
            724,
            2546,
            2512,
            1944,
            1386,
            419,
            767,
            724
          ],
          "warnings": [
            254,
            190,
            395,
            473,
            190,
            254,
            2068,
            1493,
            2327,
            2591,
            2336,
            1784,
            1421,
            2352,
            1915,
            2364,
            1906,
            1985,
            503,
            751,
            353,
            601,
            417,
            254,
            190,
            395,
            473,
            190,
            254,
            2068,
            1493,
            2327,
            2591,
            2336,
            1784,
            1421,
            2352,
            1915,
            2364,
            1906,
            1985,
            503,
            751,
            353,
            601,
            417
          ],
          "safe": [
            332,
            318,
            346,
            686,
            537,
            274,
            551,
            459,
            672,
            318,
            332,
            346,
            2603,
            2889,
            1485,
            2063,
            1971,
            2049,
            2377,
            1265,
            1779,
            2498,
            2913,
            1260,
            2813,
            812,
            836,
            495,
            578,
            679,
            665,
            800,
            814,
            548,
            1994,
            332,
            318,
            346,
            686,
            537,
            274,
            551,
            459,
            672,
            318,
            332,
            346,
            2603,
            2889,
            1485,
            2063,
            1971,
            2049,
            2377,
            1265,
            1779,
            2498,
            2913,
            1260,
            2813,
            812,
            836,
            495,
            578,
            679,
            665,
            800,
            814,
            548,
            1994,
            2252
          ],
          "conflicts": []
        },
        "TODAmount": {
          "completed": true,
          "hasViolations": false,
          "hasWarnings": true,
          "hasSafe": false,
          "hasConflicts": false,
          "violations": [],
          "warnings": [
            501,
            501,
            501,
            841,
            841,
            841,
            841,
            841,
            501,
            501,
            501,
            2758,
            2758,
            2758,
            2758,
            2758,
            2758,
            2758,
            2758,
            2758,
            2758,
            969,
            969,
            969,
            969,
            969,
            501,
            501,
            501,
            841,
            841,
            841,
            841,
            841,
            501,
            501,
            501,
            2758,
            2758,
            2758,
            2758,
            2758,
            2758,
            2758,
            2758,
            2758,
            2758,
            969,
            969,
            969,
            969,
            969
          ],
          "safe": [],
          "conflicts": []
        },
        "TODReceiver": {
          "completed": true,
          "hasViolations": false,
          "hasWarnings": true,
          "hasSafe": false,
          "hasConflicts": false,
          "violations": [],
          "warnings": [
            501,
            501,
            501,
            841,
            841,
            841,
            841,
            841,
            501,
            501,
            501,
            2758,
            2758,
            2758,
            2758,
            2758,
            2758,
            2758,
            2758,
            2758,
            2758,
            969,
            969,
            969,
            969,
            969,
            501,
            501,
            501,
            841,
            841,
            841,
            841,
            841,
            501,
            501,
            501,
            2758,
            2758,
            2758,
            2758,
            2758,
            2758,
            2758,
            2758,
            2758,
            2758,
            969,
            969,
            969,
            969,
            969
          ],
          "safe": [],
          "conflicts": []
        },
        "TODTransfer": {
          "completed": true,
          "hasViolations": false,
          "hasWarnings": false,
          "hasSafe": true,
          "hasConflicts": false,
          "violations": [],
          "warnings": [],
          "safe": [
            501,
            501,
            501,
            841,
            841,
            841,
            841,
            841,
            501,
            501,
            501,
            2758,
            2758,
            2758,
            2758,
            2758,
            2758,
            2758,
            2758,
            2758,
            2758,
            969,
            969,
            969,
            969,
            969,
            501,
            501,
            501,
            841,
            841,
            841,
            841,
            841,
            501,
            501,
            501,
            2758,
            2758,
            2758,
            2758,
            2758,
            2758,
            2758,
            2758,
            2758,
            2758,
            969,
            969,
            969,
            969,
            969
          ],
          "conflicts": []
        },