{
  "contract": "0x4c68fbe3dca0e529bb322f44b9f7804fa70886dc",
  "tool": "securify",
  "start": 1563399225.5022264,
  "end": 1563401123.433725,
  "duration": 1897.9314987659454,
  "analysis": {
    "0x4c68fbe3dca0e529bb322f44b9f7804fa70886dc": {
      "results": {
        "DAO": {
          "completed": true,
          "hasViolations": false,
          "hasWarnings": false,
          "hasSafe": false,
          "hasConflicts": false,
          "violations": [],
          "warnings": [],
          "safe": [],
          "conflicts": []
        },
        "DAOConstantGas": {
          "completed": true,
          "hasViolations": false,
          "hasWarnings": false,
          "hasSafe": false,
          "hasConflicts": false,
          "violations": [],
          "warnings": [],
          "safe": [],
          "conflicts": []
        },
        "MissingInputValidation": {
          "completed": true,
          "hasViolations": true,
          "hasWarnings": false,
          "hasSafe": true,
          "hasConflicts": false,
          "violations": [
            2080,
            1455,
            2219,
            1550,
            2466,
            1925,
            2080,
            1455,
            2219,
            1550,
            2466,
            1925,
            500,
            2080,
            1455,
            2219,
            1550,
            2466,
            1925,
            500,
            899,
            2080,
            1455,
            2219,
            1550,
            2466,
            1925,
            500,
            899,
            760,
            2080,
            1455,
            2219,
            1550,
            2466,
            1925,
            500,
            899,
            760,
            419
          ],
          "warnings": [],
          "safe": [
            1332,
            1952,
            1957,
            1531,
            1536,
            1797,
            1783,
            1920,
            495,
            1332,
            1952,
            1957,
            1531,
            1536,
            1797,
            1783,
            1920,
            495,
            1332,
            1952,
            1957,
            1531,
            1536,
            1797,
            1783,
            1920,
            495,
            1332,
            1952,
            1957,
            1531,
            1536,
            1797,
            1783,
            1920,
            495,
            1332,
            1952,
            1957,
            1531,
            1536,
            1797,
            1783,
            1920,
            495
          ],
          "conflicts": []
        },
        "TODAmount": {
          "completed": true,
          "hasViolations": false,
          "hasWarnings": false,
          "hasSafe": false,
          "hasConflicts": false,
          "violations": [],
          "warnings": [],
          "safe": [],
          "conflicts": []
        },
        "TODReceiver": {
          "completed": true,
          "hasViolations": false,
          "hasWarnings": false,
          "hasSafe": false,
          "hasConflicts": false,
          "violations": [],
          "warnings": [],
          "safe": [],
          "conflicts": []
        },
        "TODTransfer": {
          "completed": true,
          "hasViolations": false,
          "hasWarnings": false,
          "hasSafe": false,
          "hasConflicts": false,
          "violations": [],
          "warnings": [],
          "safe": [],
          "conflicts": []
        },
        "UnhandledException": {
          "completed": true,
          "hasViolations": false,
          "hasWarnings": false,
          "hasSafe": true,
          "hasConflicts": false,
          "violations": [],
          "warnings": [],
          "safe": [
            2444,
            2444,
            2444,
            2444,
            2444
          ],
          "conflicts": []
        },
        "UnrestrictedEtherFlow": {
          "completed": true,
          "hasViolations": false,
          "hasWarnings": false,
          "hasSafe": true,
          "hasConflicts": false,
          "violations": [],
          "warnings": [],
          "safe": [
            2444,
            2444,
            2444,
            2444,
            2444
          ],
          "conflicts": []
        }
      }
    }
  }
}