{
  "contract": "0x7d8e057382850f56d74b1df9f53907b7abf8792b",
  "tool": "securify",
  "start": 1563578271.4198756,
  "end": 1563578566.3396616,
  "duration": 294.9197859764099,
  "analysis": {
    "0x7d8e057382850f56d74b1df9f53907b7abf8792b": {
      "results": {
        "DAO": {
          "completed": true,
          "hasViolations": false,
          "hasWarnings": false,
          "hasSafe": false,
          "hasConflicts": false,
          "violations": [],
          "warnings": [],
          "safe": [],
          "conflicts": []
        },
        "DAOConstantGas": {
          "completed": true,
          "hasViolations": false,
          "hasWarnings": false,
          "hasSafe": false,
          "hasConflicts": false,
          "violations": [],
          "warnings": [],
          "safe": [],
          "conflicts": []
        },
        "MissingInputValidation": {
          "completed": true,
          "hasViolations": true,
          "hasWarnings": true,
          "hasSafe": true,
          "hasConflicts": false,
          "violations": [
            1852,
            1852,
            1852,
            1852,
            1852,
            1852,
            1852,
            1852,
            1852,
            1497,
            1852,
            1497,
            1852,
            1497,
            1852,
            1497,
            1852,
            1497,
            1852,
            1497,
            1138
          ],
          "warnings": [
            1323,
            1323,
            1029,
            1323,
            1029,
            1323,
            1029,
            1323,
            1029,
            1323,
            1029,
            1323,
            1029,
            1323,
            1029,
            1788,
            1323,
            1029,
            1788,
            1323,
            1029,
            1788,
            1323,
            1029,
            1788,
            1323,
            1029,
            1788
          ],
          "safe": [
            906,
            906,
            906,
            906,
            1133,
            906,
            1133,
            1309,
            906,
            1133,
            1309,
            2175,
            906,
            1133,
            1309,
            2175,
            1925,
            906,
            1133,
            1309,
            2175,
            1925,
            906,
            1133,
            1309,
            2175,
            1925,
            906,
            1133,
            1309,
            2175,
            1925,
            1665,
            906,
            1133,
            1309,
            2175,
            1925,
            1665,
            1651,
            906,
            1133,
            1309,
            2175,
            1925,
            1665,
            1651,
            1901,
            906,
            1133,
            1309,
            2175,
            1925,
            1665,
            1651,
            1901
          ],
          "conflicts": []
        },
        "TODAmount": {
          "completed": true,
          "hasViolations": false,
          "hasWarnings": false,
          "hasSafe": false,
          "hasConflicts": false,
          "violations": [],
          "warnings": [],
          "safe": [],
          "conflicts": []
        },
        "TODReceiver": {
          "completed": true,
          "hasViolations": false,
          "hasWarnings": false,
          "hasSafe": false,
          "hasConflicts": false,
          "violations": [],
          "warnings": [],
          "safe": [],
          "conflicts": []
        },
        "TODTransfer": {
          "completed": true,
          "hasViolations": false,
          "hasWarnings": false,
          "hasSafe": false,
          "hasConflicts": false,
          "violations": [],
          "warnings": [],
          "safe": [],
          "conflicts": []
        },
        "UnhandledException": {
          "completed": true,
          "hasViolations": false,
          "hasWarnings": false,
          "hasSafe": false,
          "hasConflicts": false,
          "violations": [],
          "warnings": [],
          "safe": [],
          "conflicts": []
        },
        "UnrestrictedEtherFlow": {
          "completed": true,
          "hasViolations": false,
          "hasWarnings": false,
          "hasSafe": false,
          "hasConflicts": false,
          "violations": [],
          "warnings": [],
          "safe": [],
          "conflicts": []
        }
      }
    }
  }
}