{
  "contract": "0xc21022c5b4d5dba5ee61044c065fc90d79dfb933",
  "tool": "securify",
  "start": 1563475827.124964,
  "end": 1563476103.3235629,
  "duration": 276.19859886169434,
  "analysis": {
    "0xc21022c5b4d5dba5ee61044c065fc90d79dfb933": {
      "results": {
        "DAO": {
          "completed": true,
          "hasViolations": false,
          "hasWarnings": false,
          "hasSafe": false,
          "hasConflicts": false,
          "violations": [],
          "warnings": [],
          "safe": [],
          "conflicts": []
        },
        "DAOConstantGas": {
          "completed": true,
          "hasViolations": false,
          "hasWarnings": false,
          "hasSafe": false,
          "hasConflicts": false,
          "violations": [],
          "warnings": [],
          "safe": [],
          "conflicts": []
        },
        "MissingInputValidation": {
          "completed": true,
          "hasViolations": true,
          "hasWarnings": false,
          "hasSafe": true,
          "hasConflicts": false,
          "violations": [
            2080,
            2080,
            2080,
            1455,
            2080,
            1455,
            2219,
            2080,
            1455,
            2219,
            1550,
            2080,
            1455,
            2219,
            1550
          ],
          "warnings": [],
          "safe": [
            1332,
            1332,
            1952,
            1332,
            1952,
            1957,
            1332,
            1952,
            1957,
            1531,
            1332,
            1952,
            1957,
            1531,
            1536,
            1332,
            1952,
            1957,
            1531,
            1536,
            1797,
            1332,
            1952,
            1957,
            1531,
            1536,
            1797,
            1332,
            1952,
            1957,
            1531,
            1536,
            1797,
            1783,
            1332,
            1952,
            1957,
            1531,
            1536,
            1797,
            1783,
            1332,
            1952,
            1957,
            1531,
            1536,
            1797,
            1783,
            1332,
            1952,
            1957,
            1531,
            1536,
            1797,
            1783,
            1332,
            1952,
            1957,
            1531,
            1536,
            1797,
            1783,
            1920
          ],
          "conflicts": []
        },
        "TODAmount": {
          "completed": true,
          "hasViolations": false,
          "hasWarnings": false,
          "hasSafe": false,
          "hasConflicts": false,
          "violations": [],
          "warnings": [],
          "safe": [],
          "conflicts": []
        },
        "TODReceiver": {
          "completed": true,
          "hasViolations": false,
          "hasWarnings": false,
          "hasSafe": false,
          "hasConflicts": false,
          "violations": [],
          "warnings": [],
          "safe": [],
          "conflicts": []
        },
        "TODTransfer": {
          "completed": true,
          "hasViolations": false,
          "hasWarnings": false,
          "hasSafe": false,
          "hasConflicts": false,
          "violations": [],
          "warnings": [],
          "safe": [],
          "conflicts": []
        },
        "UnhandledException": {
          "completed": true,
          "hasViolations": false,
          "hasWarnings": false,
          "hasSafe": true,
          "hasConflicts": false,
          "violations": [],
          "warnings": [],
          "safe": [
            2444,
            2444,
            2444
          ],
          "conflicts": []
        },
        "UnrestrictedEtherFlow": {
          "completed": true,
          "hasViolations": false,
          "hasWarnings": false,
          "hasSafe": true,
          "hasConflicts": false,
          "violations": [],
          "warnings": [],
          "safe": [
            2444,
            2444,
            2444
          ],
          "conflicts": []
        }
      }
    }
  }
}