{
  "contract": "0x28b6bf339afd2dceeeebd6b218e798b08f38a2e9",
  "tool": "securify",
  "start": 1563722555.4307702,
  "end": 1563722562.4542797,
  "duration": 7.023509502410889,
  "analysis": {
    "0x28b6bf339afd2dceeeebd6b218e798b08f38a2e9": {
      "results": {
        "DAO": {
          "completed": true,
          "hasViolations": false,
          "hasWarnings": false,
          "hasSafe": false,
          "hasConflicts": false,
          "violations": [],
          "warnings": [],
          "safe": [],
          "conflicts": []
        },
        "DAOConstantGas": {
          "completed": true,
          "hasViolations": true,
          "hasWarnings": false,
          "hasSafe": false,
          "hasConflicts": false,
          "violations": [
            570,
            686,
            738,
            570,
            686,
            738,
            570,
            686,
            738,
            570,
            686,
            738,
            570,
            686,
            738,
            570,
            686,
            738,
            570,
            686,
            738
          ],
          "warnings": [],
          "safe": [],
          "conflicts": []
        },
        "LockedEther": {
          "completed": true,
          "hasViolations": false,
          "hasWarnings": false,
          "hasSafe": true,
          "hasConflicts": false,
          "violations": [],
          "warnings": [],
          "safe": [
            1
          ],
          "conflicts": []
        },
        "MissingInputValidation": {
          "completed": true,
          "hasViolations": false,
          "hasWarnings": false,
          "hasSafe": true,
          "hasConflicts": false,
          "violations": [],
          "warnings": [],
          "safe": [
            1051,
            1051,
            979,
            1051,
            979,
            996,
            1051,
            979,
            996,
            876,
            1051,
            979,
            996,
            876,
            511,
            1051,
            979,
            996,
            876,
            511,
            919,
            1051,
            979,
            996,
            876,
            511,
            919,
            1043,
            1051,
            979,
            996,
            876,
            511,
            919,
            1043,
            1064,
            1051,
            979,
            996,
            876,
            511,
            919,
            1043,
            1064,
            888,
            1051,
            979,
            996,
            876,
            511,
            919,
            1043,
            1064,
            888,
            1004,
            1051,
            979,
            996,
            876,
            511,
            919,
            1043,
            1064,
            888,
            1004,
            1035
          ],
          "conflicts": []
        },
        "RepeatedCall": {
          "completed": true,
          "hasViolations": false,
          "hasWarnings": false,
          "hasSafe": true,
          "hasConflicts": false,
          "violations": [],
          "warnings": [],
          "safe": [
            570,
            686,
            738,
            570,
            686,
            738,
            570,
            686,
            738,
            570,
            686,
            738,
            570,
            686,
            738,
            570,
            686,
            738,
            570,
            686,
            738
          ],
          "conflicts": []
        },
        "TODAmount": {
          "completed": true,
          "hasViolations": true,
          "hasWarnings": false,
          "hasSafe": false,
          "hasConflicts": false,
          "violations": [
            570,
            686,
            738,
            570,
            686,
            738,
            570,
            686,
            738,
            570,
            686,
            738,
            570,
            686,
            738,
            570,
            686,
            738,
            570,
            686,
            738
          ],
          "warnings": [],
          "safe": [],
          "conflicts": []
        },
        "TODReceiver": {
          "completed": true,
          "hasViolations": true,
          "hasWarnings": true,
          "hasSafe": false,
          "hasConflicts": false,
          "violations": [
            686,
            686,
            686,
            686,
            686,
            686,
            686
          ],
          "warnings": [
            570,
            738,
            570,
            738,
            570,
            738,
            570,
            738,
            570,
            738,
            570,
            738,
            570,
            738
          ],
          "safe": [],
          "conflicts": []
        },
        "UnhandledException": {
          "completed": true,
          "hasViolations": false,
          "hasWarnings": false,
          "hasSafe": true,
          "hasConflicts": false,
          "violations": [],
          "warnings": [],
          "safe": [
            570,
            686,
            738,
            570,
            686,
            738,
            570,
            686,
            738,
            570,
            686,
            738,
            570,
            686,
            738,
            570,
            686,
            738,
            570,
            686,
            738
          ],
          "conflicts": []
        },
        "UnrestrictedEtherFlow": {
          "completed": true,
          "hasViolations": false,
          "hasWarnings": true,
          "hasSafe": false,
          "hasConflicts": false,
          "violations": [],
          "warnings": [
            570,
            686,
            738,
            570,
            686,
            738,
            570,
            686,
            738,
            570,
            686,
            738,
            570,
            686,
            738,
            570,
            686,
            738,
            570,
            686,
            738
          ],
          "safe": [],
          "conflicts": []
        },
        "UnrestrictedWrite": {
          "completed": true,
          "hasViolations": true,
          "hasWarnings": false,
          "hasSafe": false,
          "hasConflicts": false,
          "violations": [
            602,
            608,
            616,
            624,
            810,
            816,
            824,
            832,
            602,
            608,
            616,
            624,
            810,
            816,
            824,
            832,
            602,
            608,
            616,
            624,
            810,
            816,
            824,
            832,
            602,
            608,
            616,
            624,
            810,
            816,
            824,
            832,
            602,
            608,
            616,
            624,
            810,
            816,
            824,
            832,
            602,
            608,
            616,
            624,
            810,
            816,
            824,
            832,
            602,
            608,
            616,
            624,
            810,
            816,
            824,
            832
          ],
          "warnings": [],
          "safe": [],
          "conflicts": []
        }
      }
    }
  }
}