{
  "contract": "0x901ec4fdaafafeec78615ec8b1d3da004b04b47e",
  "tool": "securify",
  "start": 1563646719.879642,
  "end": 1563647096.4716578,
  "duration": 376.5920157432556,
  "analysis": {
    "0x901ec4fdaafafeec78615ec8b1d3da004b04b47e": {
      "results": {
        "DAO": {
          "completed": true,
          "hasViolations": false,
          "hasWarnings": false,
          "hasSafe": false,
          "hasConflicts": false,
          "violations": [],
          "warnings": [],
          "safe": [],
          "conflicts": []
        },
        "DAOConstantGas": {
          "completed": true,
          "hasViolations": false,
          "hasWarnings": false,
          "hasSafe": true,
          "hasConflicts": false,
          "violations": [],
          "warnings": [],
          "safe": [
            4066,
            4066,
            4066,
            4066,
            4066,
            4066,
            2491,
            4066,
            2491,
            4066,
            2491
          ],
          "conflicts": []
        },
        "MissingInputValidation": {
          "completed": true,
          "hasViolations": true,
          "hasWarnings": true,
          "hasSafe": true,
          "hasConflicts": false,
          "violations": [
            3848,
            3848,
            3848,
            3848,
            3848,
            3848,
            3848,
            3848,
            3848,
            2135,
            3848,
            2135,
            2442,
            3848,
            2135,
            2442
          ],
          "warnings": [
            2024,
            2024,
            2024,
            2024,
            2024,
            2024,
            2024,
            2024
          ],
          "safe": [
            2676,
            2676,
            3219,
            2676,
            3219,
            3096,
            2676,
            3219,
            3096,
            2886,
            2676,
            3219,
            3096,
            2886,
            3240,
            2676,
            3219,
            3096,
            2886,
            3240,
            2676,
            3219,
            3096,
            2886,
            3240,
            4257,
            2676,
            3219,
            3096,
            2886,
            3240,
            4257,
            2516,
            2676,
            3219,
            3096,
            2886,
            3240,
            4257,
            2516,
            2676,
            3219,
            3096,
            2886,
            3240,
            4257,
            2516,
            3875,
            2676,
            3219,
            3096,
            2886,
            3240,
            4257,
            2516,
            3875,
            2512,
            2676,
            3219,
            3096,
            2886,
            3240,
            4257,
            2516,
            3875,
            2512,
            2438,
            2676,
            3219,
            3096,
            2886,
            3240,
            4257,
            2516,
            3875,
            2512,
            2438,
            3082,
            2676,
            3219,
            3096,
            2886,
            3240,
            4257,
            2516,
            3875,
            2512,
            2438,
            3082,
            2676,
            3219,
            3096,
            2886,
            3240,
            4257,
            2516,
            3875,
            2512,
            2438,
            3082,
            2676,
            3219,
            3096,
            2886,
            3240,
            4257,
            2516,
            3875,
            2512,
            2438,
            3082,
            2881
          ],
          "conflicts": []
        },
        "TODAmount": {
          "completed": true,
          "hasViolations": false,
          "hasWarnings": false,
          "hasSafe": true,
          "hasConflicts": true,
          "violations": [],
          "warnings": [],
          "safe": [
            2491,
            2491
          ],
          "conflicts": [
            4066,
            4066,
            4066,
            4066,
            4066,
            4066,
            4066
          ]
        },
        "TODReceiver": {
          "completed": true,
          "hasViolations": false,
          "hasWarnings": false,
          "hasSafe": true,
          "hasConflicts": false,
          "violations": [],
          "warnings": [],
          "safe": [
            4066,
            4066,
            4066,
            4066,
            4066,
            4066,
            2491,
            4066,
            2491
          ],
          "conflicts": []
        },
        "TODTransfer": {
          "completed": true,
          "hasViolations": true,
          "hasWarnings": false,
          "hasSafe": false,
          "hasConflicts": false,
          "violations": [
            4066,
            4066,
            4066,
            4066,
            4066,
            4066,
            2491,
            4066,
            2491
          ],
          "warnings": [],
          "safe": [],
          "conflicts": []
        },
        "UnhandledException": {
          "completed": true,
          "hasViolations": false,
          "hasWarnings": false,
          "hasSafe": true,
          "hasConflicts": false,
          "violations": [],
          "warnings": [],
          "safe": [
            4066,
            4066,
            4066,
            4066,
            4066,
            4066,
            2491,
            4066,
            2491
          ],
          "conflicts": []
        },
        "UnrestrictedEtherFlow": {
          "completed": true,
          "hasViolations": false,
          "hasWarnings": true,
          "hasSafe": true,
          "hasConflicts": false,
          "violations": [],
          "warnings": [
            4066,
            4066,
            4066,
            4066,
            4066,
            4066,
            4066
          ],
          "safe": [
            2491,
            2491
          ],
          "conflicts": []
        }
      }
    }
  }
}