{
  "contract": "0xe02e0dd34a6b3b48ff2bbc273a8cdf1a2160a3f2",
  "tool": "securify",
  "start": 1563510401.912523,
  "end": 1563512203.9089162,
  "duration": 1801.9963932037354,
  "analysis": {
    "0xe02e0dd34a6b3b48ff2bbc273a8cdf1a2160a3f2": {
      "results": {
        "DAO": {
          "completed": true,
          "hasViolations": false,
          "hasWarnings": false,
          "hasSafe": false,
          "hasConflicts": false,
          "violations": [],
          "warnings": [],
          "safe": [],
          "conflicts": []
        },
        "DAOConstantGas": {
          "completed": true,
          "hasViolations": false,
          "hasWarnings": false,
          "hasSafe": true,
          "hasConflicts": false,
          "violations": [],
          "warnings": [],
          "safe": [
            1657,
            1308,
            1657,
            1308,
            1657,
            1308,
            1657,
            1308,
            1657,
            1308,
            1657,
            1308
          ],
          "conflicts": []
        },
        "MissingInputValidation": {
          "completed": true,
          "hasViolations": true,
          "hasWarnings": true,
          "hasSafe": true,
          "hasConflicts": false,
          "violations": [
            830,
            911,
            1038,
            1196,
            965,
            1641,
            1046,
            1298,
            1280,
            1822,
            2235,
            1840,
            2180,
            1490,
            1409,
            1141,
            1512,
            1060,
            1694,
            896,
            830,
            911,
            1038,
            1196,
            965,
            1641,
            1046,
            1298,
            1280,
            1822,
            2235,
            1840,
            2180,
            1490,
            1409,
            1141,
            1512,
            1060,
            1694,
            896,
            830,
            911,
            1038,
            1196,
            965,
            1641,
            1046,
            1298,
            1280,
            1822,
            2235,
            1840,
            2180,
            1490,
            1409,
            1141,
            1512,
            1060,
            1694,
            896,
            830,
            911,
            1038,
            1196,
            965,
            1641,
            1046,
            1298,
            1280,
            1822,
            2235,
            1840,
            2180,
            1490,
            1409,
            1141,
            1512,
            1060,
            1694,
            896,
            977,
            830,
            911,
            1038,
            1196,
            965,
            1641,
            1046,
            1298,
            1280,
            1822,
            2235,
            1840,
            2180,
            1490,
            1409,
            1141,
            1512,
            1060,
            1694,
            896,
            977,
            830,
            911,
            1038,
            1196,
            965,
            1641,
            1046,
            1298,
            1280,
            1822,
            2235,
            1840,
            2180,
            1490,
            1409,
            1141,
            1512,
            1060,
            1694,
            896,
            977
          ],
          "warnings": [
            1179,
            1624,
            2208,
            1667,
            1179,
            1624,
            2208,
            1667,
            1179,
            1624,
            2208,
            1667,
            1179,
            1624,
            2208,
            1667,
            1179,
            1624,
            2208,
            1667,
            1179,
            1624,
            2208,
            1667
          ],
          "safe": [
            707,
            1056,
            1223,
            1024,
            906,
            842,
            1159,
            1501,
            1173,
            1668,
            1041,
            2230,
            2281,
            1485,
            1617,
            2225,
            1603,
            2276,
            1286,
            2392,
            1715,
            2262,
            1140,
            2043,
            2166,
            1254,
            1721,
            1366,
            1689,
            1740,
            1530,
            1136,
            937,
            1653,
            1684,
            1735,
            1268,
            707,
            1056,
            1223,
            1024,
            906,
            842,
            1159,
            1501,
            1173,
            1668,
            1041,
            2230,
            2281,
            1485,
            1617,
            2225,
            1603,
            2276,
            1286,
            2392,
            1715,
            2262,
            1140,
            2043,
            2166,
            1254,
            1721,
            1366,
            1689,
            1740,
            1530,
            1136,
            937,
            1653,
            1684,
            1735,
            1268,
            1428,
            707,
            1056,
            1223,
            1024,
            906,
            842,
            1159,
            1501,
            1173,
            1668,
            1041,
            2230,
            2281,
            1485,
            1617,
            2225,
            1603,
            2276,
            1286,
            2392,
            1715,
            2262,
            1140,
            2043,
            2166,
            1254,
            1721,
            1366,
            1689,
            1740,
            1530,
            1136,
            937,
            1653,
            1684,
            1735,
            1268,
            1428,
            1122,
            707,
            1056,
            1223,
            1024,
            906,
            842,
            1159,
            1501,
            1173,
            1668,
            1041,
            2230,
            2281,
            1485,
            1617,
            2225,
            1603,
            2276,
            1286,
            2392,
            1715,
            2262,
            1140,
            2043,
            2166,
            1254,
            1721,
            1366,
            1689,
            1740,
            1530,
            1136,
            937,
            1653,
            1684,
            1735,
            1268,
            1428,
            1122,
            707,
            1056,
            1223,
            1024,
            906,
            842,
            1159,
            1501,
            1173,
            1668,
            1041,
            2230,
            2281,
            1485,
            1617,
            2225,
            1603,
            2276,
            1286,
            2392,
            1715,
            2262,
            1140,
            2043,
            2166,
            1254,
            1721,
            1366,
            1689,
            1740,
            1530,
            1136,
            937,
            1653,
            1684,
            1735,
            1268,
            1428,
            1122,
            1317,
            707,
            1056,
            1223,
            1024,
            906,
            842,
            1159,
            1501,
            1173,
            1668,
            1041,
            2230,
            2281,
            1485,
            1617,
            2225,
            1603,
            2276,
            1286,
            2392,
            1715,
            2262,
            1140,
            2043,
            2166,
            1254,
            1721,
            1366,
            1689,
            1740,
            1530,
