{
  "contract": "0xad14e61e0c450f525429861b1e482eedf914a541",
  "tool": "securify",
  "start": 1563491648.1351016,
  "end": 1563493450.2549717,
  "duration": 1802.119870185852,
  "analysis": {
    "0xad14e61e0c450f525429861b1e482eedf914a541": {
      "results": {
        "DAO": {
          "completed": true,
          "hasViolations": false,
          "hasWarnings": false,
          "hasSafe": false,
          "hasConflicts": false,
          "violations": [],
          "warnings": [],
          "safe": [],
          "conflicts": []
        },
        "DAOConstantGas": {
          "completed": true,
          "hasViolations": false,
          "hasWarnings": false,
          "hasSafe": false,
          "hasConflicts": false,
          "violations": [],
          "warnings": [],
          "safe": [],
          "conflicts": []
        },
        "MissingInputValidation": {
          "completed": true,
          "hasViolations": true,
          "hasWarnings": true,
          "hasSafe": true,
          "hasConflicts": false,
          "violations": [
            1751,
            1551,
            1108,
            1706,
            1189,
            1038,
            830,
            911,
            1196,
            1046,
            1298,
            1641,
            1280,
            965,
            1861,
            2292,
            1879,
            1546,
            2242,
            1627,
            2219,
            1751,
            1551,
            1108,
            1706,
            1189,
            1038,
            830,
            911,
            1196,
            1046,
            1298,
            1641,
            1280,
            965,
            1861,
            2292,
            1879,
            1546,
            2242,
            1627,
            2219,
            896,
            1751,
            1551,
            1108,
            1706,
            1189,
            1038,
            830,
            911,
            1196,
            1046,
            1298,
            1641,
            1280,
            965,
            1861,
            2292,
            1879,
            1546,
            2242,
            1627,
            2219,
            896,
            977,
            1751,
            1551,
            1108,
            1706,
            1189,
            1038,
            830,
            911,
            1196,
            1046,
            1298,
            1641,
            1280,
            965,
            1861,
            2292,
            1879,
            1546,
            2242,
            1627,
            2219,
            896,
            977,
            1751,
            1551,
            1108,
            1706,
            1189,
            1038,
            830,
            911,
            1196,
            1046,
            1298,
            1641,
            1280,
            965,
            1861,
            2292,
            1879,
            1546,
            2242,
            1627,
            2219,
            896,
            977,
            1751,
            1551,
            1108,
            1706,
            1189,
            1038,
            830,
            911,
            1196,
            1046,
            1298,
            1641,
            1280,
            965,
            1861,
            2292,
            1879,
            1546,
            2242,
            1627,
            2219,
            896,
            977
          ],
          "warnings": [
            1729,
            1179,
            1624,
            2270,
            1729,
            1179,
            1624,
            2270,
            1729,
            1179,
            1624,
            2270,
            1729,
            1179,
            1624,
            2270,
            1273,
            1729,
            1179,
            1624,
            2270,
            1273,
            1729,
            1179,
            1624,
            2270,
            1273
          ],
          "safe": [
            1316,
            1184,
            980,
            1583,
            1797,
            1302,
            1746,
            1778,
            1783,
            1103,
            1569,
            906,
            1024,
            1223,
            1056,
            707,
            1159,
            842,
            1501,
            1173,
            1041,
            1668,
            1541,
            1622,
            2319,
            2338,
            2082,
            1754,
            2287,
            2449,
            1740,
            2324,
            1183,
            1418,
            2096,
            773,
            1316,
            1184,
            980,
            1583,
            1797,
            1302,
            1746,
            1778,
            1783,
            1103,
            1569,
            906,
            1024,
            1223,
            1056,
            707,
            1159,
            842,
            1501,
            1173,
            1041,
            1668,
            1541,
            1622,
            2319,
            2338,
            2082,
            1754,
            2287,
            2449,
            1740,
            2324,
            1183,
            1418,
            2096,
            773,
            1316,
            1184,
            980,
            1583,
            1797,
            1302,
            1746,
            1778,
            1783,
            1103,
            1569,
            906,
            1024,
            1223,
            1056,
            707,
            1159,
            842,
            1501,
            1173,
            1041,
            1668,
            1541,
            1622,
            2319,
            2338,
            2082,
            1754,
            2287,
            2449,
            1740,
            2324,
            1183,
            1418,
            2096,
            773,
            1316,
            1184,
            980,
            1583,
            1797,
            1302,
            1746,
            1778,
            1783,
            1103,
            1569,
            906,
            1024,
            1223,
            1056,
            707,
            1159,
            842,
            1501,
            1173,
            1041,
            1668,
            1541,
            1622,
            2319,
            2338,
            2082,
            1754,
            2287,
            2449,
            1740,
            2324,
            1183,
            1418,
            2096,
            773,
            1316,
            1184,
            980,
            1583,
            1797,
            1302,
            1746,
            1778,
            1783,
            1103,
            1569,
            906,
            1024,
            1223,
            1056,
            707,
            1159,
            842,
            1501,
            1173,
            1041,
            1668,
            1541,
            1622,
            2319,
            2338,
            2082,
            1754,
            2287,
            2449,
            1740,
            2324,
            1183,
            1418,
            2096,
            773,
            972,
            1316,
            1184,
            980,
            1583,
            1797,
            1302,
            1746,
            1778,
            1783,
            1103,
            1569,
            906,
            1024,
            1223,
            1056,
            707,
            1159,
            842,
            1501,
            1173,
            1041,
            1668,
            1541,
            1622,
            2319,
            2338,
            2082,
            1754,
            2287,
            2449,
            1740,
            2324,
            1183,
            1418,
            2096,
            773,
            972,
            1122
          ],
          "conflicts": []
        },