{
  "contract": "0x11bb52291b8f823345fc83c3e545d68fa04e6a3c",
  "tool": "securify",
  "start": 1563399103.5890527,
  "end": 1563400909.457362,
  "duration": 1805.8683092594147,
  "analysis": {
    "0x11bb52291b8f823345fc83c3e545d68fa04e6a3c": {
      "results": {
        "DAO": {
          "completed": true,
          "hasViolations": false,
          "hasWarnings": false,
          "hasSafe": false,
          "hasConflicts": false,
          "violations": [],
          "warnings": [],
          "safe": [],
          "conflicts": []
        },
        "DAOConstantGas": {
          "completed": true,
          "hasViolations": false,
          "hasWarnings": false,
          "hasSafe": true,
          "hasConflicts": false,
          "violations": [],
          "warnings": [],
          "safe": [
            3147,
            3147,
            3147,
            3147,
            3147,
            3147,
            3147,
            3147,
            3147,
            3147,
            3147,
            3147,
            3147,
            3147,
            3147,
            3147,
            3147
          ],
          "conflicts": []
        },
        "MissingInputValidation": {
          "completed": true,
          "hasViolations": true,
          "hasWarnings": true,
          "hasSafe": true,
          "hasConflicts": false,
          "violations": [
            1948,
            1948,
            1948,
            3055,
            1948,
            3055,
            1948,
            3055,
            1948,
            3055,
            1948,
            3055,
            2847,
            1948,
            3055,
            2847,
            1948,
            3055,
            2847,
            1948,
            3055,
            2847,
            2301,
            1948,
            3055,
            2847,
            2301,
            2824,
            1948,
            3055,
            2847,
            2301,
            2824,
            1729,
            1948,
            3055,
            2847,
            2301,
            2824,
            1729,
            1948,
            3055,
            2847,
            2301,
            2824,
            1729,
            1948,
            3055,
            2847,
            2301,
            2824,
            1729,
            1948,
            3055,
            2847,
            2301,
            2824,
            1729,
            2425,
            1948,
            3055,
            2847,
            2301,
            2824,
            1729,
            2425,
            1893
          ],
          "warnings": [
            3082,
            3082,
            3082,
            3082,
            3082,
            3082,
            3082,
            3082,
            3082,
            3082,
            3082,
            3082,
            2813,
            3082,
            2813,
            3082,
            2813,
            3082,
            2813,
            3082,
            2813
          ],
          "safe": [
            2061,
            2061,
            2628,
            2061,
            2628,
            2770,
            2061,
            2628,
            2770,
            2061,
            2628,
            2770,
            1469,
            2061,
            2628,
            2770,
            1469,
            1770,
            2061,
            2628,
            2770,
            1469,
            1770,
            2061,
            2628,
            2770,
            1469,
            1770,
            2061,
            2628,
            2770,
            1469,
            1770,
            2061,
            2628,
            2770,
            1469,
            1770,
            2061,
            2628,
            2770,
            1469,
            1770,
            2647,
            2061,
            2628,
            2770,
            1469,
            1770,
            2647,
            2633,
            2061,
            2628,
            2770,
            1469,
            1770,
            2647,
            2633,
            2061,
            2628,
            2770,
            1469,
            1770,
            2647,
            2633
          ],
          "conflicts": []
        },
        "TODAmount": {
          "completed": true,
          "hasViolations": false,
          "hasWarnings": true,
          "hasSafe": false,
          "hasConflicts": false,
          "violations": [],
          "warnings": [
            3147,
            3147,
            3147,
            3147,
            3147,
            3147,
            3147,
            3147,
            3147,
            3147,
            3147,
            3147,
            3147,
            3147,
            3147,
            3147
          ],
          "safe": [],
          "conflicts": []
        },
        "TODReceiver": {
          "completed": true,
          "hasViolations": false,
          "hasWarnings": false,
          "hasSafe": true,
          "hasConflicts": false,
          "violations": [],
          "warnings": [],
          "safe": [
            3147,
            3147,
            3147,
            3147,
            3147,
            3147,
            3147,
            3147,
            3147,
            3147,
            3147,
            3147,
            3147,
            3147,
            3147,
            3147
          ],
          "conflicts": []
        },
        "TODTransfer": {
          "completed": true,
          "hasViolations": false,
          "hasWarnings": true,
          "hasSafe": false,
          "hasConflicts": false,
          "violations": [],
          "warnings": [
            3147,
            3147,
            3147,
            3147,
            3147,
            3147,
            3147,
            3147,
            3147,
            3147,
            3147,
            3147,
            3147,
            3147,
            3147,
            3147
          ],
          "safe": [],
          "conflicts": []
        },
        "UnhandledException": {
          "completed": true,
          "hasViolations": false,
          "hasWarnings": false,
          "hasSafe": true,
          "hasConflicts": false,
          "violations": [],
          "warnings": [],
          "safe": [
            3147,
            3147,
            3147,
            3147,
            3147,
            3147,
            3023,
            3147,
            3023,
            3147,
            3023,
            3147,
            3023,
            3147,
            3023,
            3147,
            3023,
            3147,
            3023,
            3147,
            3023,
            3147,
            3023,
            3147,
            3023,
            3147,
            3023
          ],
          "conflicts": []
        },
        "UnrestrictedEtherFlow": {
          "completed": true,
          "hasViolations": false,
          "hasWarnings": true,
          "hasSafe": true,
          "hasConflicts": false,
          "violations": [],
          "warnings": [
            3147,
            3147,
            3147,
            3147,
            3147,
            3147,
            3147,
            3147,
            3147,
            3147,
            3147,
            3147,
            3147,
            3147,
            3147,
            3147
          ],
          "safe": [
            3023,
            3023,
            3023,
            3023,
            3023,
            3023,
            3023,
            3023,
            3023,
            3023,
            3023
          ],
          "conflicts": []
        }
      }
    }
  }
}