{
  "contract": "0xc39a638f2d6d297d184b3a48167f9bd9414052c9",
  "tool": "securify",
  "start": 1563595231.4138126,
  "end": 1563596200.401883,
  "duration": 968.9880702495575,
  "analysis": {
    "/unique_chucks/23/0xc39a638f2d6d297d184b3a48167f9bd9414052c9.sol:EtherBrand": {
      "results": {
        "TODReceiver": {
          "violations": [
            244
          ],
          "warnings": [
            240
          ],
          "safe": [
            181,
            182,
            183,
            184,
            185,
            187,
            188,
            189,
            191,
            192,
            193,
            194,
            195,
            197,
            198,
            201,
            203
          ],
          "conflicts": []
        },
        "UnhandledException": {
          "violations": [],
          "warnings": [
            244,
            181,
            182,
            183,
            184,
            185,
            187,
            188,
            189,
            191,
            192,
            193,
            194,
            195,
            197,
            198,
            201,
            203,
            240
          ],
          "safe": [],
          "conflicts": []
        },
        "TODTransfer": {
          "violations": [
            244
          ],
          "warnings": [
            181,
            182,
            183,
            184,
            185,
            187,
            188,
            189,
            191,
            192,
            193,
            194,
            195,
            197,
            198,
            240
          ],
          "safe": [
            201,
            203
          ],
          "conflicts": []
        },
        "DAO": {
          "violations": [],
          "warnings": [],
          "safe": [],
          "conflicts": []
        },
        "TODAmount": {
          "violations": [
            244
          ],
          "warnings": [],
          "safe": [
            181,
            182,
            183,
            184,
            185,
            187,
            188,
            189,
            191,
            192,
            193,
            194,
            195,
            197,
            198,
            201,
            203,
            240
          ],
          "conflicts": []
        },
        "MissingInputValidation": {
          "violations": [
            137,
            266,
            81,
            114,
            134,
            247,
            55,
            281,
            141,
            119,
            286,
            169,
            271,
            275
          ],
          "warnings": [
            125,
            88,
            42,
            43,
            319,
            73,
            295,
            331,
            243,
            77,
            155,
            54,
            327,
            335,
            45,
            52,
            90,
            53,
            69,
            309,
            89,
            130
          ],
          "safe": [],
          "conflicts": []
        },
        "DAOConstantGas": {
          "violations": [
            198,
            201
          ],
          "warnings": [
            244,
            181,
            182,
            183,
            184,
            185,
            187,
            188,
            189,
            191,
            192,
            193,
            194,
            195,
            197,
            240
          ],
          "safe": [
            203
          ],
          "conflicts": []
        },
        "UnrestrictedEtherFlow": {
          "violations": [],
          "warnings": [
            244
          ],
          "safe": [
            181,
            182,
            183,
            184,
            185,
            187,
            188,
            189,
            191,
            192,
            193,
            194,
            195,
            197,
            198,
            201,
            203,
            240
          ],
          "conflicts": []
        }
      }
    },
    "/unique_chucks/23/0xc39a638f2d6d297d184b3a48167f9bd9414052c9.sol:SafeMath": {
      "results": {
        "TODReceiver": {
          "violations": [
            -1
          ],
          "warnings": [
            -1
          ],
          "safe": [
            -1
          ],
          "conflicts": []
        },
        "UnhandledException": {
          "violations": [],
          "warnings": [
            -1
          ],
          "safe": [],
          "conflicts": []
        },
        "TODTransfer": {
          "violations": [
            -1
          ],
          "warnings": [
            -1
          ],
          "safe": [
            -1
          ],
          "conflicts": []
        },
        "DAO": {
          "violations": [],
          "warnings": [],
          "safe": [],
          "conflicts": []
        },
        "TODAmount": {
          "violations": [
            -1
          ],
          "warnings": [],
          "safe": [
            -1
          ],
          "conflicts": []
        },
        "MissingInputValidation": {
          "violations": [],
          "warnings": [],
          "safe": [],
          "conflicts": []
        },
        "DAOConstantGas": {
          "violations": [
            -1
          ],
          "warnings": [
            -1
          ],
          "safe": [
            -1
          ],
          "conflicts": []
        },
        "UnrestrictedEtherFlow": {
          "violations": [],
          "warnings": [
            -1
          ],
          "safe": [
            -1
          ],
          "conflicts": []
        }
      }
    },
    "/unique_chucks/23/0xc39a638f2d6d297d184b3a48167f9bd9414052c9.sol:ERC721": {
      "results": {
        "TODReceiver": {
          "violations": [],
          "warnings": [],
          "safe": [],
          "conflicts": []
        },
        "UnhandledException": {
          "violations": [],
          "warnings": [],
          "safe": [],
          "conflicts": []
        },
        "TODTransfer": {
          "violations": [],
          "warnings": [],
          "safe": [],
          "conflicts": []
        },
        "DAO": {
          "violations": [],
          "warnings": [],
          "safe": [],
          "conflicts": []
        },
        "TODAmount": {
          "violations": [],
          "warnings": [],
          "safe": [],
          "conflicts": []
        },
        "MissingInputValidation": {
          "violations": [],
          "warnings": [],
          "safe": [],
          "conflicts": []
        },
        "DAOConstantGas": {
          "violations": [],
          "warnings": [],
          "safe": [],
          "conflicts": []
        },
        "UnrestrictedEtherFlow": {
          "violations": [],
          "warnings": [],
          "safe": [],
          "conflicts": []
        }
      }
    }
  }
}