{
  "contract": "0x4b95ecf2a6ebf1371158b3f1a9ca32ce18d7c751",
  "tool": "securify",
  "start": 1563437293.5859504,
  "end": 1563439095.412641,
  "duration": 1801.8266906738281,
  "analysis": {
    "0x4b95ecf2a6ebf1371158b3f1a9ca32ce18d7c751": {
      "results": {
        "DAO": {
          "completed": true,
          "hasViolations": false,
          "hasWarnings": false,
          "hasSafe": true,
          "hasConflicts": false,
          "violations": [],
          "warnings": [],
          "safe": [
            1858,
            1858,
            1678,
            1678,
            1858,
            1858,
            1678,
            1678,
            1858,
            1858,
            1678,
            1678,
            1858,
            1858,
            1678,
            1678,
            1858,
            1858,
            1678,
            1678,
            2375,
            1858,
            1858,
            1678,
            1678,
            2375,
            1597,
            1858,
            1858,
            1678,
            1678,
            2375,
            1597,
            1858,
            1858,
            1678,
            1678,
            2375,
            1597,
            1858,
            1858,
            1678,
            1678,
            2375,
            1597,
            1858,
            1858,
            1678,
            1678,
            2375,
            1597,
            1858,
            1858,
            1678,
            1678,
            2375,
            1597,
            2375,
            1858,
            1858,
            1678,
            1678,
            2375,
            1597,
            2375,
            1858,
            1858,
            1678,
            1678,
            2375,
            1597,
            2375
          ],
          "conflicts": []
        },
        "DAOConstantGas": {
          "completed": true,
          "hasViolations": false,
          "hasWarnings": false,
          "hasSafe": false,
          "hasConflicts": false,
          "violations": [],
          "warnings": [],
          "safe": [],
          "conflicts": []
        },
        "MissingInputValidation": {
          "completed": true,
          "hasViolations": true,
          "hasWarnings": true,
          "hasSafe": true,
          "hasConflicts": false,
          "violations": [
            1231,
            920,
            1886,
            1931,
            1294,
            837,
            1751,
            1706,
            1114,
            1051,
            1231,
            920,
            1886,
            1931,
            1294,
            837,
            1751,
            1706,
            1114,
            1051,
            1231,
            920,
            1886,
            1931,
            1294,
            837,
            1751,
            1706,
            1114,
            1051,
            1231,
            920,
            1886,
            1931,
            1294,
            837,
            1751,
            1706,
            1114,
            1051,
            1231,
            920,
            1886,
            1931,
            1294,
            837,
            1751,
            1706,
            1114,
            1051,
            1231,
            920,
            1886,
            1931,
            1294,
            837,
            1751,
            1706,
            1114,
            1051,
            1231,
            920,
            1886,
            1931,
            1294,
            837,
            1751,
            1706,
            1114,
            1051,
            1231,
            920,
            1886,
            1931,
            1294,
            837,
            1751,
            1706,
            1114,
            1051,
            2751,
            1231,
            920,
            1886,
            1931,
            1294,
            837,
            1751,
            1706,
            1114,
            1051,
            2751,
            1231,
            920,
            1886,
            1931,
            1294,
            837,
            1751,
            1706,
            1114,
            1051,
            2751,
            1682,
            1231,
            920,
            1886,
            1931,
            1294,
            837,
            1751,
            1706,
            1114,
            1051,
            2751,
            1682,
            1231,
            920,
            1886,
            1931,
            1294,
            837,
            1751,
            1706,
            1114,
            1051,
            2751,
            1682,
            1231,
            920,
            1886,
            1931,
            1294,
            837,
            1751,
            1706,
            1114,
            1051,
            2751,
            1682,
            1176
          ],
          "warnings": [
            1134,
            783,
            1258,
            1468,
            1288,
            700,
            1078,
            1134,
            783,
            1258,
            1468,
            1288,
            700,
            1078,
            1134,
            783,
            1258,
            1468,
            1288,
            700,
            1078,
            1134,
            783,
            1258,
            1468,
            1288,
            700,
            1078,
            1134,
            783,
            1258,
            1468,
            1288,
            700,
            1078,
            1775,
            1134,
            783,
            1258,
            1468,
            1288,
            700,
            1078,
            1775,
            1390,
            1134,
            783,
            1258,
            1468,
            1288,
            700,
            1078,
            1775,
            1390,
            1134,
            783,
            1258,
            1468,
            1288,
            700,
            1078,
            1775,
            1390,
            1134,
            783,
            1258,
            1468,
            1288,
            700,
            1078,
            1775,
            1390,
            1134,
            783,
            1258,
            1468,
            1288,
            700,
            1078,
            1775,
            1390,
            1134,
            783,
            1258,
            1468,
            1288,
            700,
            1078,
            1775,
            1390,
            1985,
            1134,
            783,
            1258,
            1468,
            1288,
            700,
            1078,
            1775,
            1390,
            1985,
            1134,
            783,
            1258,
            1468,
            1288,
            700,
            1078,
            1775,
            1390,
            1985
          ],