{
  "contract": "0x480b94c1c794299157765988746cd97bea20a9b9",
  "tool": "securify",
  "start": 1563715015.1283343,
  "end": 1563715299.2135315,
  "duration": 284.0851972103119,
  "analysis": {
    "0x480b94c1c794299157765988746cd97bea20a9b9": {
      "results": {
        "DAO": {
          "completed": true,
          "hasViolations": false,
          "hasWarnings": false,
          "hasSafe": false,
          "hasConflicts": false,
          "violations": [],
          "warnings": [],
          "safe": [],
          "conflicts": []
        },
        "DAOConstantGas": {
          "completed": true,
          "hasViolations": false,
          "hasWarnings": false,
          "hasSafe": false,
          "hasConflicts": false,
          "violations": [],
          "warnings": [],
          "safe": [],
          "conflicts": []
        },
        "MissingInputValidation": {
          "completed": true,
          "hasViolations": true,
          "hasWarnings": true,
          "hasSafe": true,
          "hasConflicts": false,
          "violations": [
            1984,
            1984,
            1415,
            1984,
            1415,
            1100,
            1984,
            1415,
            1100,
            1984,
            1415,
            1100,
            1984,
            1415,
            1100,
            1984,
            1415,
            1100,
            1984,
            1415,
            1100,
            1181
          ],
          "warnings": [
            1759,
            1759,
            1759
          ],
          "safe": [
            1308,
            1308,
            1294,
            1308,
            1294,
            1636,
            1308,
            1294,
            1636,
            1308,
            1294,
            1636,
            1308,
            1294,
            1636,
            1308,
            1294,
            1636,
            2011,
            1308,
            1294,
            1636,
            2011,
            1176,
            1308,
            1294,
            1636,
            2011,
            1176,
            1308,
            1294,
            1636,
            2011,
            1176,
            977,
            1308,
            1294,
            1636,
            2011,
            1176,
            977
          ],
          "conflicts": []
        },
        "TODAmount": {
          "completed": true,
          "hasViolations": false,
          "hasWarnings": false,
          "hasSafe": false,
          "hasConflicts": false,
          "violations": [],
          "warnings": [],
          "safe": [],
          "conflicts": []
        },
        "TODReceiver": {
          "completed": true,
          "hasViolations": false,
          "hasWarnings": false,
          "hasSafe": false,
          "hasConflicts": false,
          "violations": [],
          "warnings": [],
          "safe": [],
          "conflicts": []
        },
        "TODTransfer": {
          "completed": true,
          "hasViolations": false,
          "hasWarnings": false,
          "hasSafe": false,
          "hasConflicts": false,
          "violations": [],
          "warnings": [],
          "safe": [],
          "conflicts": []
        },
        "UnhandledException": {
          "completed": true,
          "hasViolations": false,
          "hasWarnings": false,
          "hasSafe": false,
          "hasConflicts": false,
          "violations": [],
          "warnings": [],
          "safe": [],
          "conflicts": []
        },
        "UnrestrictedEtherFlow": {
          "completed": true,
          "hasViolations": false,
          "hasWarnings": false,
          "hasSafe": false,
          "hasConflicts": false,
          "violations": [],
          "warnings": [],
          "safe": [],
          "conflicts": []
        }
      }
    }
  }
}