{
  "contract": "0x09181c5e6f1bb206d1d1df5a43be922322b378bf",
  "tool": "securify",
  "start": 1563781647.404144,
  "end": 1563781840.8701787,
  "duration": 193.4660346508026,
  "analysis": {
    "0x09181c5e6f1bb206d1d1df5a43be922322b378bf": {
      "results": {
        "DAO": {
          "completed": true,
          "hasViolations": false,
          "hasWarnings": false,
          "hasSafe": false,
          "hasConflicts": false,
          "violations": [],
          "warnings": [],
          "safe": [],
          "conflicts": []
        },
        "DAOConstantGas": {
          "completed": true,
          "hasViolations": false,
          "hasWarnings": false,
          "hasSafe": false,
          "hasConflicts": false,
          "violations": [],
          "warnings": [],
          "safe": [],
          "conflicts": []
        },
        "MissingInputValidation": {
          "completed": true,
          "hasViolations": true,
          "hasWarnings": true,
          "hasSafe": true,
          "hasConflicts": false,
          "violations": [
            3356,
            3356,
            3356,
            3356,
            3356,
            3356,
            3356,
            3356,
            3356,
            3356,
            3356,
            3356,
            3356,
            2606,
            3356,
            2606,
            3356,
            2606,
            3356,
            2606,
            2804
          ],
          "warnings": [
            2413,
            2413,
            2413,
            2413,
            2413,
            2413,
            2413
          ],
          "safe": [
            2943,
            2943,
            3406,
            2943,
            3406,
            2403,
            2943,
            3406,
            2403,
            2943,
            3406,
            2403,
            3351,
            2943,
            3406,
            2403,
            3351,
            2239,
            2943,
            3406,
            2403,
            3351,
            2239,
            2783,
            2943,
            3406,
            2403,
            3351,
            2239,
            2783,
            2001,
            2943,
            3406,
            2403,
            3351,
            2239,
            2783,
            2001,
            2957,
            2943,
            3406,
            2403,
            3351,
            2239,
            2783,
            2001,
            2957,
            2304,
            2943,
            3406,
            2403,
            3351,
            2239,
            2783,
            2001,
            2957,
            2304,
            1797,
            2943,
            3406,
            2403,
            3351,
            2239,
            2783,
            2001,
            2957,
            2304,
            1797,
            2323,
            2943,
            3406,
            2403,
            3351,
            2239,
            2783,
            2001,
            2957,
            2304,
            1797,
            2323,
            2943,
            3406,
            2403,
            3351,
            2239,
            2783,
            2001,
            2957,
            2304,
            1797,
            2323,
            2398,
            2943,
            3406,
            2403,
            3351,
            2239,
            2783,
            2001,
            2957,
            2304,
            1797,
            2323,
            2398,
            3411,
            2943,
            3406,
            2403,
            3351,
            2239,
            2783,
            2001,
            2957,
            2304,
            1797,
            2323,
            2398,
            3411,
            2943,
            3406,
            2403,
            3351,
            2239,
            2783,
            2001,
            2957,
            2304,
            1797,
            2323,
            2398,
            3411,
            3293,
            2943,
            3406,
            2403,
            3351,
            2239,
            2783,
            2001,
            2957,
            2304,
            1797,
            2323,
            2398,
            3411,
            3293,
            3425,
            2943,
            3406,
            2403,
            3351,
            2239,
            2783,
            2001,
            2957,
            2304,
            1797,
            2323,
            2398,
            3411,
            3293,
            3425
          ],
          "conflicts": []
        },
        "TODAmount": {
          "completed": true,
          "hasViolations": false,
          "hasWarnings": false,
          "hasSafe": false,
          "hasConflicts": false,
          "violations": [],
          "warnings": [],
          "safe": [],
          "conflicts": []
        },
        "TODReceiver": {
          "completed": true,
          "hasViolations": false,
          "hasWarnings": false,
          "hasSafe": false,
          "hasConflicts": false,
          "violations": [],
          "warnings": [],
          "safe": [],
          "conflicts": []
        },
        "TODTransfer": {
          "completed": true,
          "hasViolations": false,
          "hasWarnings": false,
          "hasSafe": false,
          "hasConflicts": false,
          "violations": [],
          "warnings": [],
          "safe": [],
          "conflicts": []
        },
        "UnhandledException": {
          "completed": true,
          "hasViolations": false,
          "hasWarnings": false,
          "hasSafe": false,
          "hasConflicts": false,
          "violations": [],
          "warnings": [],
          "safe": [],
          "conflicts": []
        },
        "UnrestrictedEtherFlow": {
          "completed": true,
          "hasViolations": false,
          "hasWarnings": false,
          "hasSafe": false,
          "hasConflicts": false,
          "violations": [],
          "warnings": [],
          "safe": [],
          "conflicts": []
        }
      }
    }
  }
}