{
  "contract": "0x6a7631fbefbee93166b8cfb024711a392357531a",
  "tool": "securify",
  "start": 1563577448.5330803,
  "end": 1563578329.1391118,
  "duration": 880.6060314178467,
  "analysis": {
    "0x6a7631fbefbee93166b8cfb024711a392357531a": {
      "results": {
        "DAO": {
          "completed": true,
          "hasViolations": false,
          "hasWarnings": false,
          "hasSafe": false,
          "hasConflicts": false,
          "violations": [],
          "warnings": [],
          "safe": [],
          "conflicts": []
        },
        "DAOConstantGas": {
          "completed": true,
          "hasViolations": false,
          "hasWarnings": false,
          "hasSafe": false,
          "hasConflicts": false,
          "violations": [],
          "warnings": [],
          "safe": [],
          "conflicts": []
        },
        "MissingInputValidation": {
          "completed": true,
          "hasViolations": true,
          "hasWarnings": true,
          "hasSafe": true,
          "hasConflicts": false,
          "violations": [
            1723,
            1134,
            1386,
            1368,
            1931,
            1079,
            1723,
            1134,
            1386,
            1368,
            1931,
            1079,
            1723,
            1134,
            1386,
            1368,
            1931,
            1079,
            1723,
            1134,
            1386,
            1368,
            1931,
            1079,
            1386,
            1723,
            1134,
            1386,
            1368,
            1931,
            1079,
            1386,
            1723,
            1134,
            1386,
            1368,
            1931,
            1079,
            1386,
            1134,
            1723,
            1134,
            1386,
            1368,
            1931,
            1079,
            1386,
            1134,
            1723,
            1134,
            1386,
            1368,
            1931,
            1079,
            1386,
            1134,
            1368,
            1723,
            1134,
            1386,
            1368,
            1931,
            1079,
            1386,
            1134,
            1368,
            1723,
            1134,
            1386,
            1368,
            1931,
            1079,
            1386,
            1134,
            1368,
            1723,
            1134,
            1386,
            1368,
            1931,
            1079,
            1386,
            1134,
            1368,
            1931,
            1723,
            1134,
            1386,
            1368,
            1931,
            1079,
            1386,
            1134,
            1368,
            1931,
            1079
          ],
          "warnings": [
            1712,
            1712,
            1712,
            1712,
            1712,
            1712,
            1712,
            1712,
            1712,
            1712,
            1712,
            1712,
            1712,
            1712,
            1712,
            1712,
            1712,
            1712
          ],
          "safe": [
            1958,
            956,
            1129,
            1589,
            1261,
            1247,
            956,
            1958,
            956,
            1129,
            1589,
            1261,
            1247,
            956,
            1247,
            1958,
            956,
            1129,
            1589,
            1261,
            1247,
            956,
            1247,
            1589,
            1958,
            956,
            1129,
            1589,
            1261,
            1247,
            956,
            1247,
            1589,
            1958,
            956,
            1129,
            1589,
            1261,
            1247,
            956,
            1247,
            1589,
            1129,
            1958,
            956,
            1129,
            1589,
            1261,
            1247,
            956,
            1247,
            1589,
            1129,
            1958,
            956,
            1129,
            1589,
            1261,
            1247,
            956,
            1247,
            1589,
            1129,
            1958,
            956,
            1129,
            1589,
            1261,
            1247,
            956,
            1247,
            1589,
            1129,
            1958,
            956,
            1129,
            1589,
            1261,
            1247,
            956,
            1247,
            1589,
            1129,
            1261,
            1958,
            956,
            1129,
            1589,
            1261,
            1247,
            956,
            1247,
            1589,
            1129,
            1261,
            1958,
            1958,
            956,
            1129,
            1589,
            1261,
            1247,
            956,
            1247,
            1589,
            1129,
            1261,
            1958,
            1958,
            956,
            1129,
            1589,
            1261,
            1247,
            956,
            1247,
            1589,
            1129,
            1261,
            1958
          ],
          "conflicts": []
        },
        "TODAmount": {
          "completed": true,
          "hasViolations": false,
          "hasWarnings": false,
          "hasSafe": false,
          "hasConflicts": false,
          "violations": [],
          "warnings": [],
          "safe": [],
          "conflicts": []
        },
        "TODReceiver": {
          "completed": true,
          "hasViolations": false,
          "hasWarnings": false,
          "hasSafe": false,
          "hasConflicts": false,
          "violations": [],
          "warnings": [],
          "safe": [],
          "conflicts": []
        },
        "TODTransfer": {
          "completed": true,
          "hasViolations": false,
          "hasWarnings": false,
          "hasSafe": false,
          "hasConflicts": false,
          "violations": [],
          "warnings": [],
          "safe": [],
          "conflicts": []
        },
        "UnhandledException": {
          "completed": true,
          "hasViolations": false,
          "hasWarnings": false,
          "hasSafe": true,
          "hasConflicts": false,
          "violations": [],
          "warnings": [],
          "safe": [
            1899,
            1899,
            1899,
            1899,
            1899,
            1899,
            1899,
            1899,
            1899,
            1899,
            1899,
            1899
          ],
          "conflicts": []
        },
        "UnrestrictedEtherFlow": {
          "completed": true,
          "hasViolations": false,
          "hasWarnings": false,
          "hasSafe": true,
          "hasConflicts": false,
          "violations": [],
          "warnings": [],
          "safe": [
            1899,
            1899,
            1899,
            1899,
            1899,
            1899,
            1899,
            1899,
            1899,
            1899,
            1899,
            1899
          ],
          "conflicts": []
        }
      }
    }
  }
}