{
  "contract": "0xdac324a72f774a614da500240f2786f2ec06c10d",
  "tool": "securify",
  "start": 1563424428.8469174,
  "end": 1563426230.208278,
  "duration": 1801.3613605499268,
  "analysis": {
    "0xdac324a72f774a614da500240f2786f2ec06c10d": {
      "results": {
        "DAO": {
          "completed": true,
          "hasViolations": false,
          "hasWarnings": false,
          "hasSafe": false,
          "hasConflicts": false,
          "violations": [],
          "warnings": [],
          "safe": [],
          "conflicts": []
        },
        "DAOConstantGas": {
          "completed": true,
          "hasViolations": false,
          "hasWarnings": false,
          "hasSafe": false,
          "hasConflicts": false,
          "violations": [],
          "warnings": [],
          "safe": [],
          "conflicts": []
        },
        "MissingInputValidation": {
          "completed": true,
          "hasViolations": true,
          "hasWarnings": true,
          "hasSafe": true,
          "hasConflicts": false,
          "violations": [
            119,
            2006,
            1265,
            2038,
            1490,
            1632,
            1798,
            119,
            2006,
            1265,
            2038,
            1490,
            1632,
            1798,
            119,
            2006,
            1265,
            2038,
            1490,
            1632,
            1798,
            119,
            2006,
            1265,
            2038,
            1490,
            1632,
            1798,
            119,
            2006,
            1265,
            2038,
            1490,
            1632,
            1798,
            119,
            2006,
            1265,
            2038,
            1490,
            1632,
            1798,
            119,
            2006,
            1265,
            2038,
            1490,
            1632,
            1798,
            119,
            2006,
            1265,
            2038,
            1490,
            1632,
            1798,
            1741,
            119,
            2006,
            1265,
            2038,
            1490,
            1632,
            1798,
            1741,
            1335
          ],
          "warnings": [
            1787,
            1787,
            1787,
            1787,
            1787,
            1787,
            1787,
            1490,
            1787,
            1490,
            1787,
            1490
          ],
          "safe": [
            105,
            1603,
            1622,
            1664,
            1485,
            1627,
            2087,
            1315,
            1617,
            2033,
            1142,
            1650,
            1137,
            1736,
            105,
            1603,
            1622,
            1664,
            1485,
            1627,
            2087,
            1315,
            1617,
            2033,
            1142,
            1650,
            1137,
            1736,
            1353,
            105,
            1603,
            1622,
            1664,
            1485,
            1627,
            2087,
            1315,
            1617,
            2033,
            1142,
            1650,
            1137,
            1736,
            1353,
            1311,
            105,
            1603,
            1622,
            1664,
            1485,
            1627,
            2087,
            1315,
            1617,
            2033,
            1142,
            1650,
            1137,
            1736,
            1353,
            1311,
            1330,
            105,
            1603,
            1622,
            1664,
            1485,
            1627,
            2087,
            1315,
            1617,
            2033,
            1142,
            1650,
            1137,
            1736,
            1353,
            1311,
            1330,
            1367,
            105,
            1603,
            1622,
            1664,
            1485,
            1627,
            2087,
            1315,
            1617,
            2033,
            1142,
            1650,
            1137,
            1736,
            1353,
            1311,
            1330,
            1367,
            1325,
            105,
            1603,
            1622,
            1664,
            1485,
            1627,
            2087,
            1315,
            1617,
            2033,
            1142,
            1650,
            1137,
            1736,
            1353,
            1311,
            1330,
            1367,
            1325,
            105,
            1603,
            1622,
            1664,
            1485,
            1627,
            2087,
            1315,
            1617,
            2033,
            1142,
            1650,
            1137,
            1736,
            1353,
            1311,
            1330,
            1367,
            1325,
            105,
            1603,
            1622,
            1664,
            1485,
            1627,
            2087,
            1315,
            1617,
            2033,
            1142,
            1650,
            1137,
            1736,
            1353,
            1311,
            1330,
            1367,
            1325
          ],
          "conflicts": []
        },
        "TODAmount": {
          "completed": true,
          "hasViolations": false,
          "hasWarnings": false,
          "hasSafe": false,
          "hasConflicts": false,
          "violations": [],
          "warnings": [],
          "safe": [],
          "conflicts": []
        },
        "TODReceiver": {
          "completed": true,
          "hasViolations": false,
          "hasWarnings": false,
          "hasSafe": false,
          "hasConflicts": false,
          "violations": [],
          "warnings": [],
          "safe": [],
          "conflicts": []
        },
        "TODTransfer": {
          "completed": true,
          "hasViolations": false,
          "hasWarnings": false,
          "hasSafe": false,
          "hasConflicts": false,
          "violations": [],
          "warnings": [],
          "safe": [],
          "conflicts": []
        },
        "UnhandledException": {
          "completed": true,
          "hasViolations": false,
          "hasWarnings": false,
          "hasSafe": true,
          "hasConflicts": false,
          "violations": [],
          "warnings": [],
          "safe": [
            1974,
            1974,
            1974,
            1974,
            1974,
            1974,
            1974,
            1974,
            1974
          ],
          "conflicts": []
        },
        "UnrestrictedEtherFlow": {
          "completed": true,
          "hasViolations": false,
          "hasWarnings": false,
          "hasSafe": true,
          "hasConflicts": false,
          "violations": [],
          "warnings": [],
          "safe": [
            1974,
            1974,
            1974,
            1974,
            1974,
            1974,
            1974,
            1974,
            1974
          ],
          "conflicts": []
        }
      }
    }
  }
}