{
  "contract": "0xa5e5be69c923c701ae6ac8f1f5936af3ae610c68",
  "tool": "securify",
  "start": 1563501731.722756,
  "end": 1563502108.9642773,
  "duration": 377.24152135849,
  "analysis": {
    "0xa5e5be69c923c701ae6ac8f1f5936af3ae610c68": {
      "results": {
        "DAO": {
          "completed": true,
          "hasViolations": false,
          "hasWarnings": false,
          "hasSafe": false,
          "hasConflicts": false,
          "violations": [],
          "warnings": [],
          "safe": [],
          "conflicts": []
        },
        "DAOConstantGas": {
          "completed": true,
          "hasViolations": false,
          "hasWarnings": false,
          "hasSafe": false,
          "hasConflicts": false,
          "violations": [],
          "warnings": [],
          "safe": [],
          "conflicts": []
        },
        "MissingInputValidation": {
          "completed": true,
          "hasViolations": true,
          "hasWarnings": false,
          "hasSafe": true,
          "hasConflicts": false,
          "violations": [
            1909,
            1909,
            1909,
            3956,
            1909,
            3956,
            4280,
            1909,
            3956,
            4280,
            1909,
            3956,
            4280,
            4044,
            1909,
            3956,
            4280,
            4044,
            1909,
            3956,
            4280,
            4044,
            1909,
            3956,
            4280,
            4044,
            1909,
            3956,
            4280,
            4044,
            2073
          ],
          "warnings": [],
          "safe": [
            2547,
            2547,
            2547,
            4916,
            2547,
            4916,
            2547,
            4916,
            2547,
            4916,
            3371,
            2547,
            4916,
            3371,
            2547,
            4916,
            3371,
            3049,
            2547,
            4916,
            3371,
            3049,
            3187,
            2547,
            4916,
            3371,
            3049,
            3187,
            3340,
            2547,
            4916,
            3371,
            3049,
            3187,
            3340
          ],
          "conflicts": []
        },
        "TODAmount": {
          "completed": true,
          "hasViolations": false,
          "hasWarnings": false,
          "hasSafe": false,
          "hasConflicts": false,
          "violations": [],
          "warnings": [],
          "safe": [],
          "conflicts": []
        },
        "TODReceiver": {
          "completed": true,
          "hasViolations": false,
          "hasWarnings": false,
          "hasSafe": false,
          "hasConflicts": false,
          "violations": [],
          "warnings": [],
          "safe": [],
          "conflicts": []
        },
        "TODTransfer": {
          "completed": true,
          "hasViolations": false,
          "hasWarnings": false,
          "hasSafe": false,
          "hasConflicts": false,
          "violations": [],
          "warnings": [],
          "safe": [],
          "conflicts": []
        },
        "UnhandledException": {
          "completed": true,
          "hasViolations": false,
          "hasWarnings": false,
          "hasSafe": false,
          "hasConflicts": false,
          "violations": [],
          "warnings": [],
          "safe": [],
          "conflicts": []
        },
        "UnrestrictedEtherFlow": {
          "completed": true,
          "hasViolations": false,
          "hasWarnings": false,
          "hasSafe": false,
          "hasConflicts": false,
          "violations": [],
          "warnings": [],
          "safe": [],
          "conflicts": []
        }
      }
    }
  }
}