{
  "contract": "0x451f94927c0c726c2560106da3308d2a204f5d1f",
  "tool": "securify",
  "start": 1563578929.4962013,
  "end": 1563579404.2949467,
  "duration": 474.79874539375305,
  "analysis": {
    "0x451f94927c0c726c2560106da3308d2a204f5d1f": {
      "results": {
        "DAO": {
          "completed": true,
          "hasViolations": false,
          "hasWarnings": false,
          "hasSafe": true,
          "hasConflicts": false,
          "violations": [],
          "warnings": [],
          "safe": [
            1174,
            1174,
            1174,
            1174,
            1174,
            1174,
            1174,
            1174,
            1174
          ],
          "conflicts": []
        },
        "DAOConstantGas": {
          "completed": true,
          "hasViolations": false,
          "hasWarnings": false,
          "hasSafe": false,
          "hasConflicts": false,
          "violations": [],
          "warnings": [],
          "safe": [],
          "conflicts": []
        },
        "MissingInputValidation": {
          "completed": true,
          "hasViolations": true,
          "hasWarnings": true,
          "hasSafe": true,
          "hasConflicts": false,
          "violations": [
            869,
            869,
            500,
            869,
            500,
            869,
            500,
            419,
            869,
            500,
            419,
            714,
            869,
            500,
            419,
            714,
            869,
            500,
            419,
            714,
            869,
            500,
            419,
            714,
            869,
            500,
            419,
            714
          ],
          "warnings": [
            741,
            741
          ],
          "safe": [
            105,
            119,
            105,
            119,
            105,
            119,
            969,
            105,
            119,
            969,
            105,
            119,
            969,
            105,
            119,
            969,
            914,
            105,
            119,
            969,
            914,
            495,
            105,
            119,
            969,
            914,
            495,
            105,
            119,
            969,
            914,
            495,
            949
          ],
          "conflicts": []
        },
        "TODAmount": {
          "completed": true,
          "hasViolations": false,
          "hasWarnings": false,
          "hasSafe": true,
          "hasConflicts": false,
          "violations": [],
          "warnings": [],
          "safe": [
            1174,
            1174,
            1174,
            1174,
            1174,
            1174,
            1174,
            1174,
            1174
          ],
          "conflicts": []
        },
        "TODReceiver": {
          "completed": true,
          "hasViolations": false,
          "hasWarnings": false,
          "hasSafe": true,
          "hasConflicts": false,
          "violations": [],
          "warnings": [],
          "safe": [
            1174,
            1174,
            1174,
            1174,
            1174,
            1174,
            1174,
            1174,
            1174
          ],
          "conflicts": []
        },
        "TODTransfer": {
          "completed": true,
          "hasViolations": false,
          "hasWarnings": false,
          "hasSafe": false,
          "hasConflicts": true,
          "violations": [],
          "warnings": [],
          "safe": [],
          "conflicts": [
            1174,
            1174,
            1174,
            1174,
            1174,
            1174,
            1174,
            1174,
            1174
          ]
        },
        "UnhandledException": {
          "completed": true,
          "hasViolations": false,
          "hasWarnings": false,
          "hasSafe": true,
          "hasConflicts": false,
          "violations": [],
          "warnings": [],
          "safe": [
            1913,
            1174,
            1913,
            1174,
            1913,
            1174,
            1913,
            1174,
            1913,
            1174,
            1913,
            1174,
            1913,
            1174,
            1913,
            1174,
            1913,
            1174
          ],
          "conflicts": []
        },
        "UnrestrictedEtherFlow": {
          "completed": true,
          "hasViolations": false,
          "hasWarnings": false,
          "hasSafe": true,
          "hasConflicts": false,
          "violations": [],
          "warnings": [],
          "safe": [
            1913,
            1174,
            1913,
            1174,
            1913,
            1174,
            1913,
            1174,
            1913,
            1174,
            1913,
            1174,
            1913,
            1174,
            1913,
            1174,
            1913,
            1174
          ],
          "conflicts": []
        }
      }
    }
  }
}