{
  "contract": "0xa70bbfe72a97b2bbf08fead044ae020e5c5ae76f",
  "tool": "securify",
  "start": 1563536912.5479734,
  "end": 1563537434.826905,
  "duration": 522.2789316177368,
  "analysis": {
    "/unique_chucks/16/0xa70bbfe72a97b2bbf08fead044ae020e5c5ae76f.sol:PresaleToken": {
      "results": {
        "TODReceiver": {
          "violations": [
            1170,
            1198,
            1547
          ],
          "warnings": [
            1526
          ],
          "safe": [],
          "conflicts": []
        },
        "UnhandledException": {
          "violations": [],
          "warnings": [
            1170,
            1374,
            1445,
            1198,
            1213,
            1185,
            1191,
            1205,
            1515,
            1491,
            1421,
            1506,
            1539,
            1547,
            1580,
            1456,
            1565,
            1529,
            1567,
            1526
          ],
          "safe": [],
          "conflicts": []
        },
        "TODTransfer": {
          "violations": [],
          "warnings": [],
          "safe": [],
          "conflicts": [
            1170,
            1198,
            1547,
            1526
          ]
        },
        "DAO": {
          "violations": [],
          "warnings": [],
          "safe": [],
          "conflicts": []
        },
        "TODAmount": {
          "violations": [
            1547
          ],
          "warnings": [
            1170,
            1526
          ],
          "safe": [
            1198
          ],
          "conflicts": []
        },
        "MissingInputValidation": {
          "violations": [],
          "warnings": [],
          "safe": [],
          "conflicts": []
        },
        "DAOConstantGas": {
          "violations": [
            1547
          ],
          "warnings": [
            1170,
            1198
          ],
          "safe": [
            1526
          ],
          "conflicts": []
        },
        "UnrestrictedEtherFlow": {
          "violations": [],
          "warnings": [
            1170,
            1374,
            1445,
            1198,
            1213,
            1185,
            1191,
            1205,
            1515,
            1491,
            1421,
            1506,
            1539,
            1547,
            1580,
            1456,
            1565,
            1529,
            1567,
            1526
          ],
          "safe": [],
          "conflicts": []
        }
      }
    },
    "/unique_chucks/16/0xa70bbfe72a97b2bbf08fead044ae020e5c5ae76f.sol:CMCEthereumTicker": {
      "results": {
        "TODReceiver": {
          "violations": [
            1158
          ],
          "warnings": [],
          "safe": [],
          "conflicts": []
        },
        "UnhandledException": {
          "violations": [],
          "warnings": [
            1158,
            76,
            1138
          ],
          "safe": [],
          "conflicts": []
        },
        "TODTransfer": {
          "violations": [],
          "warnings": [],
          "safe": [],
          "conflicts": [
            1158
          ]
        },
        "DAO": {
          "violations": [],
          "warnings": [],
          "safe": [],
          "conflicts": []
        },
        "TODAmount": {
          "violations": [],
          "warnings": [
            1158
          ],
          "safe": [],
          "conflicts": []
        },
        "MissingInputValidation": {
          "violations": [],
          "warnings": [],
          "safe": [],
          "conflicts": []
        },
        "DAOConstantGas": {
          "violations": [],
          "warnings": [
            1158
          ],
          "safe": [],
          "conflicts": []
        },
        "UnrestrictedEtherFlow": {
          "violations": [],
          "warnings": [
            1158,
            76,
            1138
          ],
          "safe": [],
          "conflicts": []
        }
      }
    },
    "/unique_chucks/16/0xa70bbfe72a97b2bbf08fead044ae020e5c5ae76f.sol:TickerController": {
      "results": {
        "TODReceiver": {
          "violations": [
            1191,
            -1,
            1198
          ],
          "warnings": [
            -1
          ],
          "safe": [],
          "conflicts": []
        },
        "UnhandledException": {
          "violations": [],
          "warnings": [
            1191,
            -1,
            1198,
            1213,
            1185,
            1205
          ],
          "safe": [],
          "conflicts": []
        },
        "TODTransfer": {
          "violations": [],
          "warnings": [],
          "safe": [],
          "conflicts": [
            1191,
            -1,
            1198
          ]
        },
        "DAO": {
          "violations": [],
          "warnings": [],
          "safe": [],
          "conflicts": []
        },
        "TODAmount": {
          "violations": [
            -1
          ],
          "warnings": [
            1191,
            -1
          ],
          "safe": [
            -1,
            1198
          ],
          "conflicts": []
        },
        "MissingInputValidation": {
          "violations": [],
          "warnings": [],
          "safe": [],
          "conflicts": []
        },
        "DAOConstantGas": {
          "violations": [
            -1
          ],
          "warnings": [
            1191,
            -1,
            1198
          ],
          "safe": [
            -1
          ],
          "conflicts": []
        },
        "UnrestrictedEtherFlow": {
          "violations": [],
          "warnings": [
            1191,
            -1,
            1198,
            1213,
            1185,
            1205
          ],
          "safe": [],
          "conflicts": []
        }
      }
    },
    "/unique_chucks/16/0xa70bbfe72a97b2bbf08fead044ae020e5c5ae76f.sol:Freezable": {
      "results": {
        "TODReceiver": {
          "violations": [
            -1
          ],
          "warnings": [],
          "safe": [],
          "conflicts": []
        },
        "UnhandledException": {
          "violations": [],
          "warnings": [
            -1
          ],
          "safe": [],
          "conflicts": []
        },
        "TODTransfer": {
          "violations": [],
          "warnings": [],
          "safe": [],
          "conflicts": [
            -1
          ]
        },
        "DAO": {
          "violations": [],
          "warnings": [],
          "safe": [],
          "conflicts": []
        },
        "TODAmount": {
          "violations": [],
          "warnings": [
            -1
          ],
          "safe": [],
          "conflicts": []
        },
        "MissingInputValidation": {
          "violations": [],
          "warnings": [
            1077,
            1059,
            1073,
            1048
          ],
          "safe": [],
          "conflicts": []
        },
        "DAOConstantGas": {
          "violations": [],
          "warnings": [
            -1
          ],
          "safe": [],
          "conflicts": []
        },
        "UnrestrictedEtherFlow": {
          "violations": [],
          "warnings": [
            -1
          ],
          "safe": [],
          "conflicts": []
        }
      }
    },
    "/unique_chucks/16/0xa70bbfe72a97b2bbf08fead044ae020e5c5ae76f.sol:OraclizeAddrResolverI": {
      "results": {
        "TODReceiver": {
          "violations": [
            -1
          ],
          "warnings": [],
          "safe": [],
          "conflicts": []
        },
        "UnhandledException": {
          "violations": [],
          "warnings": [
            -1
          ],
          "safe": [],
          "conflicts": []
        },
        "TODTransfer": {
          "violations": [],
          "warnings": [],
          "safe": [],
          "conflicts": [
            -1
          ]
        },