{
  "contract": "0x5906db495c9f27f73a9c46790cc79d860a6e9b5d",
  "tool": "securify",
  "start": 1563673317.051394,
  "end": 1563673598.913321,
  "duration": 281.8619270324707,
  "analysis": {
    "/unique_chucks/33/0x5906db495c9f27f73a9c46790cc79d860a6e9b5d.sol:MultipleArbitrableTransaction": {
      "results": {
        "TODReceiver": {
          "violations": [],
          "warnings": [
            482,
            563
          ],
          "safe": [
            537,
            544,
            634,
            500,
            472,
            487,
            664,
            666,
            669,
            670
          ],
          "conflicts": []
        },
        "UnhandledException": {
          "violations": [
            482,
            563,
            664,
            666,
            669,
            670
          ],
          "warnings": [
            525,
            0,
            498,
            469,
            537,
            544,
            484,
            563,
            634,
            500,
            472,
            487
          ],
          "safe": [],
          "conflicts": []
        },
        "TODTransfer": {
          "violations": [],
          "warnings": [
            537,
            544
          ],
          "safe": [],
          "conflicts": [
            482,
            563,
            634,
            500,
            472,
            487,
            664,
            666,
            669,
            670
          ]
        },
        "DAO": {
          "violations": [],
          "warnings": [
            537,
            544,
            634
          ],
          "safe": [],
          "conflicts": []
        },
        "TODAmount": {
          "violations": [],
          "warnings": [
            472,
            487
          ],
          "safe": [
            537,
            482,
            544,
            563,
            634,
            500,
            664,
            666,
            669,
            670
          ],
          "conflicts": []
        },
        "MissingInputValidation": {
          "violations": [],
          "warnings": [],
          "safe": [],
          "conflicts": []
        },
        "DAOConstantGas": {
          "violations": [
            500,
            472,
            487,
            664
          ],
          "warnings": [
            482,
            563
          ],
          "safe": [
            666,
            669,
            670
          ],
          "conflicts": []
        },
        "UnrestrictedEtherFlow": {
          "violations": [],
          "warnings": [
            525,
            0,
            498,
            469,
            482,
            484,
            563,
            537,
            472,
            487,
            664,
            666,
            669,
            670
          ],
          "safe": [
            537,
            544,
            634,
            500
          ],
          "conflicts": []
        }
      }
    },
    "/unique_chucks/33/0x5906db495c9f27f73a9c46790cc79d860a6e9b5d.sol:AppealableArbitrator": {
      "results": {
        "TODReceiver": {
          "violations": [],
          "warnings": [
            162
          ],
          "safe": [
            265,
            268
          ],
          "conflicts": []
        },
        "UnhandledException": {
          "violations": [
            162
          ],
          "warnings": [
            317,
            252,
            306,
            307,
            265,
            268,
            163
          ],
          "safe": [],
          "conflicts": []
        },
        "TODTransfer": {
          "violations": [],
          "warnings": [
            265,
            268
          ],
          "safe": [],
          "conflicts": [
            162
          ]
        },
        "DAO": {
          "violations": [],
          "warnings": [
            265,
            268
          ],
          "safe": [],
          "conflicts": []
        },
        "TODAmount": {
          "violations": [],
          "warnings": [],
          "safe": [
            265,
            162,
            268
          ],
          "conflicts": []
        },
        "MissingInputValidation": {
          "violations": [],
          "warnings": [],
          "safe": [],
          "conflicts": []
        },
        "DAOConstantGas": {
          "violations": [],
          "warnings": [
            162
          ],
          "safe": [],
          "conflicts": []
        },
        "UnrestrictedEtherFlow": {
          "violations": [],
          "warnings": [
            317,
            252,
            306,
            307,
            162,
            163
          ],
          "safe": [
            265,
            268
          ],
          "conflicts": []
        }
      }
    },
    "/unique_chucks/33/0x5906db495c9f27f73a9c46790cc79d860a6e9b5d.sol:IArbitrable": {
      "results": {
        "TODReceiver": {
          "violations": [],
          "warnings": [
            -1
          ],
          "safe": [
            -1
          ],
          "conflicts": []
        },
        "UnhandledException": {
          "violations": [
            -1
          ],
          "warnings": [
            -1
          ],
          "safe": [],
          "conflicts": []
        },
        "TODTransfer": {
          "violations": [],
          "warnings": [
            -1
          ],
          "safe": [],
          "conflicts": [
            -1
          ]
        },
        "DAO": {
          "violations": [],
          "warnings": [
            -1
          ],
          "safe": [],
          "conflicts": []
        },
        "TODAmount": {
          "violations": [],
          "warnings": [],
          "safe": [
            -1
          ],
          "conflicts": []
        },
        "MissingInputValidation": {
          "violations": [],
          "warnings": [],
          "safe": [],
          "conflicts": []
        },
        "DAOConstantGas": {
          "violations": [],
          "warnings": [
            -1
          ],
          "safe": [],
          "conflicts": []
        },
        "UnrestrictedEtherFlow": {
          "violations": [],
          "warnings": [
            -1
          ],
          "safe": [
            -1
          ],
          "conflicts": []
        }
      }
    },
    "/unique_chucks/33/0x5906db495c9f27f73a9c46790cc79d860a6e9b5d.sol:Arbitrator": {
      "results": {
        "TODReceiver": {
          "violations": [],
          "warnings": [
            -1
          ],
          "safe": [
            -1
          ],
          "conflicts": []
        },
        "UnhandledException": {
          "violations": [
            -1
          ],
          "warnings": [
            -1
          ],
          "safe": [],
          "conflicts": []
        },
        "TODTransfer": {
          "violations": [],
          "warnings": [
            -1
          ],
          "safe": [],
          "conflicts": [
            -1
          ]
        },
        "DAO": {
          "violations": [],
          "warnings": [
            -1
          ],
          "safe": [],
          "conflicts": []
        },
        "TODAmount": {
          "violations": [],
          "warnings": [],
          "safe": [
            -1
          ],
          "conflicts": []
        },
        "MissingInputValidation": {
          "violations": [],
          "warnings": [],
          "safe": [],
          "conflicts": []
        },
        "DAOConstantGas": {
          "violations": [],
          "warnings": [
            -1
          ],
          "safe": [],
          "conflicts": []
        },
        "UnrestrictedEtherFlow": {
          "violations": [],
          "warnings": [
            -1
          ],
          "safe": [
            -1
          ],
          "conflicts": []
        }
      }
    },