{
  "contract": "0xbd0b627aa83c23b75a9a163cf08a80b6083a6c99",
  "tool": "securify",
  "start": 1563570163.3900948,
  "end": 1563570563.5168695,
  "duration": 400.12677478790283,
  "analysis": {
    "0xbd0b627aa83c23b75a9a163cf08a80b6083a6c99": {
      "results": {
        "DAO": {
          "completed": true,
          "hasViolations": false,
          "hasWarnings": false,
          "hasSafe": false,
          "hasConflicts": false,
          "violations": [],
          "warnings": [],
          "safe": [],
          "conflicts": []
        },
        "DAOConstantGas": {
          "completed": true,
          "hasViolations": false,
          "hasWarnings": false,
          "hasSafe": true,
          "hasConflicts": false,
          "violations": [],
          "warnings": [],
          "safe": [
            1894,
            1894,
            1894,
            1894,
            1894,
            1894,
            1894,
            1894
          ],
          "conflicts": []
        },
        "MissingInputValidation": {
          "completed": true,
          "hasViolations": true,
          "hasWarnings": true,
          "hasSafe": true,
          "hasConflicts": false,
          "violations": [
            1004,
            1004,
            938,
            1004,
            938,
            2129,
            1004,
            938,
            2129,
            1829,
            1004,
            938,
            2129,
            1829,
            915,
            1004,
            938,
            2129,
            1829,
            915,
            1004,
            938,
            2129,
            1829,
            915,
            1392,
            1004,
            938,
            2129,
            1829,
            915,
            1392,
            1004,
            938,
            2129,
            1829,
            915,
            1392,
            1004,
            938,
            2129,
            1829,
            915,
            1392,
            1004,
            938,
            2129,
            1829,
            915,
            1392,
            1458
          ],
          "warnings": [
            1146,
            1146,
            1918,
            1146,
            1918
          ],
          "safe": [
            1916,
            1916,
            1916,
            1132,
            1916,
            1132,
            1916,
            1132,
            1916,
            1132
          ],
          "conflicts": []
        },
        "TODAmount": {
          "completed": true,
          "hasViolations": false,
          "hasWarnings": false,
          "hasSafe": true,
          "hasConflicts": false,
          "violations": [],
          "warnings": [],
          "safe": [
            1894,
            1894,
            1894,
            1894,
            1894,
            1894,
            1894,
            1894
          ],
          "conflicts": []
        },
        "TODReceiver": {
          "completed": true,
          "hasViolations": false,
          "hasWarnings": false,
          "hasSafe": true,
          "hasConflicts": false,
          "violations": [],
          "warnings": [],
          "safe": [
            1894,
            1894,
            1894,
            1894,
            1894,
            1894,
            1894,
            1894
          ],
          "conflicts": []
        },
        "TODTransfer": {
          "completed": true,
          "hasViolations": false,
          "hasWarnings": true,
          "hasSafe": false,
          "hasConflicts": false,
          "violations": [],
          "warnings": [
            1894,
            1894,
            1894,
            1894,
            1894,
            1894,
            1894,
            1894
          ],
          "safe": [],
          "conflicts": []
        },
        "UnhandledException": {
          "completed": true,
          "hasViolations": false,
          "hasWarnings": false,
          "hasSafe": true,
          "hasConflicts": false,
          "violations": [],
          "warnings": [],
          "safe": [
            1109,
            1109,
            1109,
            1109,
            1894,
            1109,
            1894,
            1109,
            1894,
            1109,
            1894,
            1109,
            1894,
            1109,
            1894,
            1360,
            1109,
            1894,
            1360,
            2097,
            1109,
            1894,
            1360,
            2097,
            1801
          ],
          "conflicts": []
        },
        "UnrestrictedEtherFlow": {
          "completed": true,
          "hasViolations": false,
          "hasWarnings": true,
          "hasSafe": true,
          "hasConflicts": false,
          "violations": [],
          "warnings": [
            1894,
            1894,
            1894,
            1894,
            1894,
            1894,
            1894,
            1894
          ],
          "safe": [
            1109,
            1109,
            1109,
            1109,
            1109,
            1109,
            1109,
            1109,
            1109,
            1360,
            1109,
            1360,
            2097,
            1109,
            1360,
            2097,
            1801
          ],
          "conflicts": []
        }
      }
    }
  }
}