{
  "contract": "0x46162369f33ac6cf7a21f093f676619c9264629f",
  "tool": "securify",
  "start": 1563762794.1852138,
  "end": 1563764147.2812202,
  "duration": 1353.0960063934326,
  "analysis": {
    "/unique_chucks/46/0x46162369f33ac6cf7a21f093f676619c9264629f.sol:PlayerBook": {
      "results": {
        "TODReceiver": {
          "violations": [],
          "warnings": [],
          "safe": [
            341,
            346,
            532
          ],
          "conflicts": []
        },
        "UnhandledException": {
          "violations": [],
          "warnings": [
            265,
            270,
            341,
            346,
            532,
            290,
            293
          ],
          "safe": [],
          "conflicts": []
        },
        "TODTransfer": {
          "violations": [],
          "warnings": [
            346
          ],
          "safe": [
            341,
            532
          ],
          "conflicts": []
        },
        "DAO": {
          "violations": [],
          "warnings": [
            346,
            532
          ],
          "safe": [],
          "conflicts": []
        },
        "TODAmount": {
          "violations": [
            341
          ],
          "warnings": [],
          "safe": [
            346,
            532
          ],
          "conflicts": []
        },
        "MissingInputValidation": {
          "violations": [
            21,
            411,
            25,
            520,
            390,
            19,
            375,
            28,
            24,
            479,
            20,
            397,
            535,
            26,
            27,
            383
          ],
          "warnings": [
            18,
            355,
            22,
            277,
            404,
            23,
            94,
            304,
            556,
            323
          ],
          "safe": [
            254,
            166,
            131,
            206,
            443
          ],
          "conflicts": []
        },
        "DAOConstantGas": {
          "violations": [],
          "warnings": [
            341
          ],
          "safe": [],
          "conflicts": []
        },
        "UnrestrictedEtherFlow": {
          "violations": [],
          "warnings": [
            265,
            270,
            290,
            293
          ],
          "safe": [
            341,
            346,
            532
          ],
          "conflicts": []
        }
      }
    },
    "/unique_chucks/46/0x46162369f33ac6cf7a21f093f676619c9264629f.sol:SafeMath": {
      "results": {
        "TODReceiver": {
          "violations": [],
          "warnings": [],
          "safe": [
            -1
          ],
          "conflicts": []
        },
        "UnhandledException": {
          "violations": [],
          "warnings": [
            -1
          ],
          "safe": [],
          "conflicts": []
        },
        "TODTransfer": {
          "violations": [],
          "warnings": [
            -1
          ],
          "safe": [
            -1
          ],
          "conflicts": []
        },
        "DAO": {
          "violations": [],
          "warnings": [
            -1
          ],
          "safe": [],
          "conflicts": []
        },
        "TODAmount": {
          "violations": [
            -1
          ],
          "warnings": [],
          "safe": [
            -1
          ],
          "conflicts": []
        },
        "MissingInputValidation": {
          "violations": [],
          "warnings": [],
          "safe": [],
          "conflicts": []
        },
        "DAOConstantGas": {
          "violations": [],
          "warnings": [
            -1
          ],
          "safe": [],
          "conflicts": []
        },
        "UnrestrictedEtherFlow": {
          "violations": [],
          "warnings": [
            -1
          ],
          "safe": [
            -1
          ],
          "conflicts": []
        }
      }
    },
    "/unique_chucks/46/0x46162369f33ac6cf7a21f093f676619c9264629f.sol:PlayerBookReceiverInterface": {
      "results": {
        "TODReceiver": {
          "violations": [],
          "warnings": [],
          "safe": [
            -1
          ],
          "conflicts": []
        },
        "UnhandledException": {
          "violations": [],
          "warnings": [
            -1
          ],
          "safe": [],
          "conflicts": []
        },
        "TODTransfer": {
          "violations": [],
          "warnings": [
            -1
          ],
          "safe": [
            -1
          ],
          "conflicts": []
        },
        "DAO": {
          "violations": [],
          "warnings": [
            -1
          ],
          "safe": [],
          "conflicts": []
        },
        "TODAmount": {
          "violations": [
            -1
          ],
          "warnings": [],
          "safe": [
            -1
          ],
          "conflicts": []
        },
        "MissingInputValidation": {
          "violations": [],
          "warnings": [],
          "safe": [],
          "conflicts": []
        },
        "DAOConstantGas": {
          "violations": [],
          "warnings": [
            -1
          ],
          "safe": [],
          "conflicts": []
        },
        "UnrestrictedEtherFlow": {
          "violations": [],
          "warnings": [
            -1
          ],
          "safe": [
            -1
          ],
          "conflicts": []
        }
      }
    },
    "/unique_chucks/46/0x46162369f33ac6cf7a21f093f676619c9264629f.sol:NameFilter": {
      "results": {
        "TODReceiver": {
          "violations": [],
          "warnings": [],
          "safe": [],
          "conflicts": []
        },
        "UnhandledException": {
          "violations": [],
          "warnings": [],
          "safe": [],
          "conflicts": []
        },
        "TODTransfer": {
          "violations": [],
          "warnings": [],
          "safe": [],
          "conflicts": []
        },
        "DAO": {
          "violations": [],
          "warnings": [],
          "safe": [],
          "conflicts": []
        },
        "TODAmount": {
          "violations": [],
          "warnings": [],
          "safe": [],
          "conflicts": []
        },
        "MissingInputValidation": {
          "violations": [],
          "warnings": [],
          "safe": [],
          "conflicts": []
        },
        "DAOConstantGas": {
          "violations": [],
          "warnings": [],
          "safe": [],
          "conflicts": []
        },
        "UnrestrictedEtherFlow": {
          "violations": [],
          "warnings": [],
          "safe": [],
          "conflicts": []
        }
      }
    }
  }
}