{
  "contract": "0xcf350f59d3a5fe1a3f7f0f62f9c38650a80a915f",
  "tool": "securify",
  "start": 1563796247.2516413,
  "end": 1563797542.0740006,
  "duration": 1294.8223593235016,
  "analysis": {
    "/unique_chucks/32/0xcf350f59d3a5fe1a3f7f0f62f9c38650a80a915f.sol:MindToken": {
      "results": {
        "TODReceiver": {
          "violations": [],
          "warnings": [],
          "safe": [
            309,
            322,
            210
          ],
          "conflicts": []
        },
        "UnhandledException": {
          "violations": [],
          "warnings": [
            309,
            322,
            210
          ],
          "safe": [],
          "conflicts": []
        },
        "TODTransfer": {
          "violations": [
            322
          ],
          "warnings": [
            309,
            210
          ],
          "safe": [],
          "conflicts": []
        },
        "DAO": {
          "violations": [],
          "warnings": [
            309,
            210
          ],
          "safe": [],
          "conflicts": []
        },
        "TODAmount": {
          "violations": [],
          "warnings": [],
          "safe": [
            309,
            322,
            210
          ],
          "conflicts": []
        },
        "MissingInputValidation": {
          "violations": [
            224,
            231,
            217
          ],
          "warnings": [
            135,
            2,
            139,
            291,
            136,
            3,
            166,
            323,
            0,
            326,
            154,
            295,
            91,
            56,
            320,
            180,
            240,
            239,
            242,
            100,
            230,
            235,
            231,
            289,
            236,
            205,
            243,
            113,
            147,
            195,
            233,
            232,
            118,
            61,
            237,
            80,
            143,
            226,
            53
          ],
          "safe": [
            154,
            166
          ],
          "conflicts": []
        },
        "DAOConstantGas": {
          "violations": [
            322
          ],
          "warnings": [],
          "safe": [],
          "conflicts": []
        },
        "UnrestrictedEtherFlow": {
          "violations": [],
          "warnings": [
            322
          ],
          "safe": [
            309,
            210
          ],
          "conflicts": []
        }
      }
    },
    "/unique_chucks/32/0xcf350f59d3a5fe1a3f7f0f62f9c38650a80a915f.sol:ContractReceiver": {
      "results": {
        "TODReceiver": {
          "violations": [],
          "warnings": [],
          "safe": [],
          "conflicts": []
        },
        "UnhandledException": {
          "violations": [],
          "warnings": [],
          "safe": [],
          "conflicts": []
        },
        "TODTransfer": {
          "violations": [],
          "warnings": [],
          "safe": [],
          "conflicts": []
        },
        "DAO": {
          "violations": [],
          "warnings": [],
          "safe": [],
          "conflicts": []
        },
        "TODAmount": {
          "violations": [],
          "warnings": [],
          "safe": [],
          "conflicts": []
        },
        "MissingInputValidation": {
          "violations": [
            27
          ],
          "warnings": [
            17
          ],
          "safe": [],
          "conflicts": []
        },
        "DAOConstantGas": {
          "violations": [],
          "warnings": [],
          "safe": [],
          "conflicts": []
        },
        "UnrestrictedEtherFlow": {
          "violations": [],
          "warnings": [],
          "safe": [],
          "conflicts": []
        }
      }
    },
    "/unique_chucks/32/0xcf350f59d3a5fe1a3f7f0f62f9c38650a80a915f.sol:ERC223": {
      "results": {
        "TODReceiver": {
          "violations": [],
          "warnings": [],
          "safe": [],
          "conflicts": []
        },
        "UnhandledException": {
          "violations": [],
          "warnings": [],
          "safe": [],
          "conflicts": []
        },
        "TODTransfer": {
          "violations": [],
          "warnings": [],
          "safe": [],
          "conflicts": []
        },
        "DAO": {
          "violations": [],
          "warnings": [],
          "safe": [],
          "conflicts": []
        },
        "TODAmount": {
          "violations": [],
          "warnings": [],
          "safe": [],
          "conflicts": []
        },
        "MissingInputValidation": {
          "violations": [],
          "warnings": [],
          "safe": [],
          "conflicts": []
        },
        "DAOConstantGas": {
          "violations": [],
          "warnings": [],
          "safe": [],
          "conflicts": []
        },
        "UnrestrictedEtherFlow": {
          "violations": [],
          "warnings": [],
          "safe": [],
          "conflicts": []
        }
      }
    },
    "/unique_chucks/32/0xcf350f59d3a5fe1a3f7f0f62f9c38650a80a915f.sol:Ownable": {
      "results": {
        "TODReceiver": {
          "violations": [],
          "warnings": [],
          "safe": [
            -1
          ],
          "conflicts": []
        },
        "UnhandledException": {
          "violations": [],
          "warnings": [
            -1
          ],
          "safe": [],
          "conflicts": []
        },
        "TODTransfer": {
          "violations": [
            -1
          ],
          "warnings": [
            -1
          ],
          "safe": [],
          "conflicts": []
        },
        "DAO": {
          "violations": [],
          "warnings": [
            -1
          ],
          "safe": [],
          "conflicts": []
        },
        "TODAmount": {
          "violations": [],
          "warnings": [],
          "safe": [
            -1
          ],
          "conflicts": []
        },
        "MissingInputValidation": {
          "violations": [
            87,
            -1
          ],
          "warnings": [
            -1,
            80,
            91
          ],
          "safe": [
            -1
          ],
          "conflicts": []
        },
        "DAOConstantGas": {
          "violations": [
            -1
          ],
          "warnings": [],
          "safe": [],
          "conflicts": []
        },
        "UnrestrictedEtherFlow": {
          "violations": [],
          "warnings": [
            -1
          ],
          "safe": [
            -1
          ],
          "conflicts": []
        }
      }
    },
    "/unique_chucks/32/0xcf350f59d3a5fe1a3f7f0f62f9c38650a80a915f.sol:SafeMath": {
      "results": {
        "TODReceiver": {
          "violations": [],
          "warnings": [],
          "safe": [
            -1
          ],
          "conflicts": []
        },
        "UnhandledException": {
          "violations": [],
          "warnings": [
            -1
          ],
          "safe": [],
          "conflicts": []
        },
        "TODTransfer": {
          "violations": [
            -1
          ],
          "warnings": [
            -1
          ],
          "safe": [],
          "conflicts": []
        },
        "DAO": {
          "violations": [],
          "warnings": [
            -1
          ],
          "safe": [],
          "conflicts": []
        },
        "TODAmount": {
          "violations": [],
          "warnings": [],
          "safe": [
            -1
          ],
          "conflicts": []
        },
        "MissingInputValidation": {
          "violations": [
            -1
          ],
          "warnings": [
            -1,
            53
          ],
          "safe": [
            -1
          ],
          "conflicts": []
        },