{
  "contract": "0x12d10926f56f47ef2cbc7d74b7fa0f9965025857",
  "tool": "securify",
  "start": 1563410419.5465481,
  "end": 1563412221.8038247,
  "duration": 1802.2572765350342,
  "analysis": {
    "0x12d10926f56f47ef2cbc7d74b7fa0f9965025857": {
      "results": {
        "DAO": {
          "completed": true,
          "hasViolations": false,
          "hasWarnings": false,
          "hasSafe": false,
          "hasConflicts": false,
          "violations": [],
          "warnings": [],
          "safe": [],
          "conflicts": []
        },
        "DAOConstantGas": {
          "completed": true,
          "hasViolations": false,
          "hasWarnings": false,
          "hasSafe": false,
          "hasConflicts": false,
          "violations": [],
          "warnings": [],
          "safe": [],
          "conflicts": []
        },
        "MissingInputValidation": {
          "completed": true,
          "hasViolations": true,
          "hasWarnings": true,
          "hasSafe": true,
          "hasConflicts": false,
          "violations": [
            1595,
            859,
            1661,
            1837,
            1933,
            1402,
            1739,
            836,
            1201,
            1595,
            859,
            1661,
            1837,
            1933,
            1402,
            1739,
            836,
            1201,
            1595,
            859,
            1661,
            1837,
            1933,
            1402,
            1739,
            836,
            1201,
            1595,
            859,
            1661,
            1837,
            1933,
            1402,
            1739,
            836,
            1201,
            1595,
            859,
            1661,
            1837,
            1933,
            1402,
            1739,
            836,
            1201
          ],
          "warnings": [
            945,
            945,
            945,
            945,
            945
          ],
          "safe": [
            2019,
            1287,
            1480,
            1919,
            1581,
            455,
            2019,
            1287,
            1480,
            1919,
            1581,
            455,
            427,
            2019,
            1287,
            1480,
            1919,
            1581,
            455,
            427,
            326,
            2019,
            1287,
            1480,
            1919,
            1581,
            455,
            427,
            326,
            211,
            2019,
            1287,
            1480,
            1919,
            1581,
            455,
            427,
            326,
            211,
            441
          ],
          "conflicts": []
        },
        "TODAmount": {
          "completed": true,
          "hasViolations": false,
          "hasWarnings": false,
          "hasSafe": false,
          "hasConflicts": false,
          "violations": [],
          "warnings": [],
          "safe": [],
          "conflicts": []
        },
        "TODReceiver": {
          "completed": true,
          "hasViolations": false,
          "hasWarnings": false,
          "hasSafe": false,
          "hasConflicts": false,
          "violations": [],
          "warnings": [],
          "safe": [],
          "conflicts": []
        },
        "TODTransfer": {
          "completed": true,
          "hasViolations": false,
          "hasWarnings": false,
          "hasSafe": false,
          "hasConflicts": false,
          "violations": [],
          "warnings": [],
          "safe": [],
          "conflicts": []
        },
        "UnhandledException": {
          "completed": true,
          "hasViolations": false,
          "hasWarnings": false,
          "hasSafe": true,
          "hasConflicts": false,
          "violations": [],
          "warnings": [],
          "safe": [
            1889,
            6054,
            6819,
            7292,
            7405,
            1301,
            1423,
            2899,
            3053,
            3648,
            3907,
            4035,
            5480,
            5588,
            7043,
            7198,
            7676,
            3753,
            1198,
            1889,
            6054,
            6819,
            7292,
            7405,
            1301,
            1423,
            2899,
            3053,
            3648,
            3907,
            4035,
            5480,
            5588,
            7043,
            7198,
            7676,
            3753,
            1198,
            1889,
            6054,
            6819,
            7292,
            7405,
            1301,
            1423,
            2899,
            3053,
            3648,
            3907,
            4035,
            5480,
            5588,
            7043,
            7198,
            7676,
            3753,
            1198,
            1889,
            6054,
            6819,
            7292,
            7405,
            1301,
            1423,
            2899,
            3053,
            3648,
            3907,
            4035,
            5480,
            5588,
            7043,
            7198,
            7676,
            3753,
            1198,
            1889,
            6054,
            6819,
            7292,
            7405,
            1301,
            1423,
            2899,
            3053,
            3648,
            3907,
            4035,
            5480,
            5588,
            7043,
            7198,
            7676,
            3753,
            1198
          ],
          "conflicts": []
        },
        "UnrestrictedEtherFlow": {
          "completed": true,
          "hasViolations": false,
          "hasWarnings": false,
          "hasSafe": true,
          "hasConflicts": false,
          "violations": [],
          "warnings": [],
          "safe": [
            1889,
            6054,
            6819,
            7292,
            7405,
            1301,
            1423,
            2899,
            3053,
            3648,
            3907,
            4035,
            5480,
            5588,
            7043,
            7198,
            7676,
            3753,
            1198,
            1889,
            6054,
            6819,
            7292,
            7405,
            1301,
            1423,
            2899,
            3053,
            3648,
            3907,
            4035,
            5480,
            5588,
            7043,
            7198,
            7676,
            3753,
            1198,
            1889,
            6054,
            6819,
            7292,
            7405,
            1301,
            1423,
            2899,
            3053,
            3648,
            3907,
            4035,
            5480,
            5588,
            7043,
            7198,
            7676,
            3753,
            1198,
            1889,
            6054,
            6819,
            7292,
            7405,
            1301,
            1423,
            2899,
            3053,
            3648,
            3907,
            4035,
            5480,
            5588,
            7043,
            7198,
            7676,
            3753,
            1198,
            1889,
            6054,
            6819,
            7292,
            7405,
            1301,
            1423,
            2899,
            3053,
            3648,
            3907,
            4035,
            5480,
            5588,
            7043,
            7198,
            7676,
            3753,
            1198
          ],
          "conflicts": []
        }
      }
    }
  }
}