{
  "contract": "0xb8dd3ff9b542114a0822ac68f1829bebc5ebe803",
  "tool": "securify",
  "start": 1563781468.6704168,
  "end": 1563781804.0298245,
  "duration": 335.35940766334534,
  "analysis": {
    "0xb8dd3ff9b542114a0822ac68f1829bebc5ebe803": {
      "results": {
        "DAO": {
          "completed": true,
          "hasViolations": false,
          "hasWarnings": false,
          "hasSafe": false,
          "hasConflicts": false,
          "violations": [],
          "warnings": [],
          "safe": [],
          "conflicts": []
        },
        "DAOConstantGas": {
          "completed": true,
          "hasViolations": false,
          "hasWarnings": false,
          "hasSafe": false,
          "hasConflicts": false,
          "violations": [],
          "warnings": [],
          "safe": [],
          "conflicts": []
        },
        "MissingInputValidation": {
          "completed": true,
          "hasViolations": true,
          "hasWarnings": false,
          "hasSafe": true,
          "hasConflicts": false,
          "violations": [
            760,
            500,
            899,
            419,
            733,
            760,
            500,
            899,
            419,
            733,
            2057,
            760,
            500,
            899,
            419,
            733,
            2057,
            760,
            500,
            899,
            419,
            733,
            2057,
            1277,
            760,
            500,
            899,
            419,
            733,
            2057,
            1277,
            1739,
            760,
            500,
            899,
            419,
            733,
            2057,
            1277,
            1739,
            760,
            500,
            899,
            419,
            733,
            2057,
            1277,
            1739
          ],
          "warnings": [],
          "safe": [
            62,
            495,
            1766,
            62,
            495,
            1766,
            62,
            495,
            1766,
            1256,
            62,
            495,
            1766,
            1256,
            62,
            495,
            1766,
            1256,
            62,
            495,
            1766,
            1256,
            1591,
            62,
            495,
            1766,
            1256,
            1591,
            1731
          ],
          "conflicts": []
        },
        "TODAmount": {
          "completed": true,
          "hasViolations": false,
          "hasWarnings": false,
          "hasSafe": false,
          "hasConflicts": false,
          "violations": [],
          "warnings": [],
          "safe": [],
          "conflicts": []
        },
        "TODReceiver": {
          "completed": true,
          "hasViolations": false,
          "hasWarnings": false,
          "hasSafe": false,
          "hasConflicts": false,
          "violations": [],
          "warnings": [],
          "safe": [],
          "conflicts": []
        },
        "TODTransfer": {
          "completed": true,
          "hasViolations": false,
          "hasWarnings": false,
          "hasSafe": false,
          "hasConflicts": false,
          "violations": [],
          "warnings": [],
          "safe": [],
          "conflicts": []
        },
        "UnhandledException": {
          "completed": true,
          "hasViolations": false,
          "hasWarnings": false,
          "hasSafe": false,
          "hasConflicts": false,
          "violations": [],
          "warnings": [],
          "safe": [],
          "conflicts": []
        },
        "UnrestrictedEtherFlow": {
          "completed": true,
          "hasViolations": false,
          "hasWarnings": false,
          "hasSafe": false,
          "hasConflicts": false,
          "violations": [],
          "warnings": [],
          "safe": [],
          "conflicts": []
        }
      }
    }
  }
}