{
  "contract": "0x577f04d8e049cc9306d4becf25cec6e5c4de214a",
  "tool": "securify",
  "start": 1563483227.5043764,
  "end": 1563483845.3240323,
  "duration": 617.8196558952332,
  "analysis": {
    "0x577f04d8e049cc9306d4becf25cec6e5c4de214a": {
      "results": {
        "DAO": {
          "completed": true,
          "hasViolations": false,
          "hasWarnings": false,
          "hasSafe": false,
          "hasConflicts": false,
          "violations": [],
          "warnings": [],
          "safe": [],
          "conflicts": []
        },
        "DAOConstantGas": {
          "completed": true,
          "hasViolations": false,
          "hasWarnings": false,
          "hasSafe": false,
          "hasConflicts": false,
          "violations": [],
          "warnings": [],
          "safe": [],
          "conflicts": []
        },
        "MissingInputValidation": {
          "completed": true,
          "hasViolations": true,
          "hasWarnings": true,
          "hasSafe": true,
          "hasConflicts": false,
          "violations": [
            1334,
            2116,
            1623,
            2347,
            2374,
            1641,
            1765,
            1389,
            2139,
            2476,
            1386,
            1334,
            2116,
            1623,
            2347,
            2374,
            1641,
            1765,
            1389,
            2139,
            2476,
            1386,
            1334,
            2116,
            1623,
            2347,
            2374,
            1641,
            1765,
            1389,
            2139,
            2476,
            1386,
            1723
          ],
          "warnings": [
            2105,
            2105,
            1712,
            2105,
            1712
          ],
          "safe": [
            1384,
            1968,
            1211,
            1516,
            2525,
            1502,
            1982,
            1384,
            1968,
            1211,
            1516,
            2525,
            1502,
            1982,
            1384,
            1968,
            1211,
            1516,
            2525,
            1502,
            1982
          ],
          "conflicts": []
        },
        "TODAmount": {
          "completed": true,
          "hasViolations": false,
          "hasWarnings": false,
          "hasSafe": false,
          "hasConflicts": false,
          "violations": [],
          "warnings": [],
          "safe": [],
          "conflicts": []
        },
        "TODReceiver": {
          "completed": true,
          "hasViolations": false,
          "hasWarnings": false,
          "hasSafe": false,
          "hasConflicts": false,
          "violations": [],
          "warnings": [],
          "safe": [],
          "conflicts": []
        },
        "TODTransfer": {
          "completed": true,
          "hasViolations": false,
          "hasWarnings": false,
          "hasSafe": false,
          "hasConflicts": false,
          "violations": [],
          "warnings": [],
          "safe": [],
          "conflicts": []
        },
        "UnhandledException": {
          "completed": true,
          "hasViolations": false,
          "hasWarnings": false,
          "hasSafe": true,
          "hasConflicts": false,
          "violations": [],
          "warnings": [],
          "safe": [
            2315,
            2315,
            2315,
            1899
          ],
          "conflicts": []
        },
        "UnrestrictedEtherFlow": {
          "completed": true,
          "hasViolations": false,
          "hasWarnings": false,
          "hasSafe": true,
          "hasConflicts": false,
          "violations": [],
          "warnings": [],
          "safe": [
            2315,
            2315,
            2315,
            1899
          ],
          "conflicts": []
        }
      }
    }
  }
}