{
  "contract": "0x2efaf60bbd75b9430a8446bd58d12fbc3f5dbb71",
  "tool": "securify",
  "start": 1563719540.2784102,
  "end": 1563719778.3228877,
  "duration": 238.04447746276855,
  "analysis": {
    "0x2efaf60bbd75b9430a8446bd58d12fbc3f5dbb71": {
      "results": {
        "DAO": {
          "completed": true,
          "hasViolations": false,
          "hasWarnings": false,
          "hasSafe": false,
          "hasConflicts": false,
          "violations": [],
          "warnings": [],
          "safe": [],
          "conflicts": []
        },
        "DAOConstantGas": {
          "completed": true,
          "hasViolations": false,
          "hasWarnings": false,
          "hasSafe": true,
          "hasConflicts": false,
          "violations": [],
          "warnings": [],
          "safe": [
            3072,
            3072,
            3072,
            3072,
            3072,
            3072,
            3072,
            3072,
            3072,
            3072
          ],
          "conflicts": []
        },
        "MissingInputValidation": {
          "completed": true,
          "hasViolations": true,
          "hasWarnings": true,
          "hasSafe": true,
          "hasConflicts": false,
          "violations": [
            3093,
            3093,
            3093,
            3093,
            3116,
            3093,
            3116,
            4331,
            3093,
            3116,
            4331,
            3601,
            3093,
            3116,
            4331,
            3601,
            3093,
            3116,
            4331,
            3601,
            3214
          ],
          "warnings": [
            2238,
            2238,
            2238,
            2238,
            2238,
            2238,
            2238,
            2238,
            2238,
            2238,
            2238,
            2238,
            2238
          ],
          "safe": [
            3580,
            3580,
            2291,
            3580,
            2291,
            3011,
            3580,
            2291,
            3011,
            4766,
            3580,
            2291,
            3011,
            4766,
            3580,
            2291,
            3011,
            4766,
            2173,
            3580,
            2291,
            3011,
            4766,
            2173,
            4969,
            3580,
            2291,
            3011,
            4766,
            2173,
            4969,
            3580,
            2291,
            3011,
            4766,
            2173,
            4969,
            3580,
            2291,
            3011,
            4766,
            2173,
            4969,
            3580,
            2291,
            3011,
            4766,
            2173,
            4969,
            4454,
            3580,
            2291,
            3011,
            4766,
            2173,
            4969,
            4454
          ],
          "conflicts": []
        },
        "TODAmount": {
          "completed": true,
          "hasViolations": true,
          "hasWarnings": false,
          "hasSafe": false,
          "hasConflicts": false,
          "violations": [
            3072,
            3072,
            3072,
            3072,
            3072,
            3072,
            3072,
            3072,
            3072,
            3072
          ],
          "warnings": [],
          "safe": [],
          "conflicts": []
        },
        "TODReceiver": {
          "completed": true,
          "hasViolations": true,
          "hasWarnings": false,
          "hasSafe": false,
          "hasConflicts": false,
          "violations": [
            3072,
            3072,
            3072,
            3072,
            3072,
            3072,
            3072,
            3072,
            3072,
            3072
          ],
          "warnings": [],
          "safe": [],
          "conflicts": []
        },
        "TODTransfer": {
          "completed": true,
          "hasViolations": true,
          "hasWarnings": false,
          "hasSafe": false,
          "hasConflicts": false,
          "violations": [
            3072,
            3072,
            3072,
            3072,
            3072,
            3072,
            3072,
            3072,
            3072,
            3072
          ],
          "warnings": [],
          "safe": [],
          "conflicts": []
        },
        "UnhandledException": {
          "completed": true,
          "hasViolations": false,
          "hasWarnings": false,
          "hasSafe": true,
          "hasConflicts": false,
          "violations": [],
          "warnings": [],
          "safe": [
            3072,
            3072,
            3072,
            3072,
            3072,
            3072,
            3072,
            3072,
            3072,
            3072
          ],
          "conflicts": []
        },
        "UnrestrictedEtherFlow": {
          "completed": true,
          "hasViolations": false,
          "hasWarnings": false,
          "hasSafe": true,
          "hasConflicts": false,
          "violations": [],
          "warnings": [],
          "safe": [
            3072,
            3072,
            3072,
            3072,
            3072,
            3072,
            3072,
            3072,
            3072,
            3072
          ],
          "conflicts": []
        }
      }
    }
  }
}