{
  "contract": "0x0bc61dded5f6710c637cf8288eb6058766ce1921",
  "tool": "securify",
  "start": 1563471795.3138108,
  "end": 1563472313.8800993,
  "duration": 518.5662884712219,
  "analysis": {
    "0x0bc61dded5f6710c637cf8288eb6058766ce1921": {
      "results": {
        "DAO": {
          "completed": true,
          "hasViolations": false,
          "hasWarnings": false,
          "hasSafe": false,
          "hasConflicts": false,
          "violations": [],
          "warnings": [],
          "safe": [],
          "conflicts": []
        },
        "DAOConstantGas": {
          "completed": true,
          "hasViolations": false,
          "hasWarnings": false,
          "hasSafe": false,
          "hasConflicts": false,
          "violations": [],
          "warnings": [],
          "safe": [],
          "conflicts": []
        },
        "MissingInputValidation": {
          "completed": true,
          "hasViolations": true,
          "hasWarnings": true,
          "hasSafe": true,
          "hasConflicts": false,
          "violations": [
            126,
            273,
            1513,
            126,
            273,
            1513,
            126,
            273,
            1513,
            126,
            273,
            1513,
            126,
            273,
            1513,
            2023,
            126,
            273,
            1513,
            2023,
            126,
            273,
            1513,
            2023,
            126,
            273,
            1513,
            2023,
            126,
            273,
            1513,
            2023,
            126,
            273,
            1513,
            2023,
            2450,
            126,
            273,
            1513,
            2023,
            2450
          ],
          "warnings": [
            1861,
            1861,
            1861,
            1861,
            1861,
            1861,
            1861,
            1861,
            1861
          ],
          "safe": [
            230,
            377,
            256,
            391,
            210,
            230,
            377,
            256,
            391,
            210,
            2560,
            230,
            377,
            256,
            391,
            210,
            2560,
            230,
            377,
            256,
            391,
            210,
            2560,
            1387,
            230,
            377,
            256,
            391,
            210,
            2560,
            1387,
            230,
            377,
            256,
            391,
            210,
            2560,
            1387,
            2404,
            230,
            377,
            256,
            391,
            210,
            2560,
            1387,
            2404,
            1037,
            230,
            377,
            256,
            391,
            210,
            2560,
            1387,
            2404,
            1037,
            2050,
            230,
            377,
            256,
            391,
            210,
            2560,
            1387,
            2404,
            1037,
            2050,
            1160,
            230,
            377,
            256,
            391,
            210,
            2560,
            1387,
            2404,
            1037,
            2050,
            1160,
            230,
            377,
            256,
            391,
            210,
            2560,
            1387,
            2404,
            1037,
            2050,
            1160,
            2064
          ],
          "conflicts": []
        },
        "TODAmount": {
          "completed": true,
          "hasViolations": false,
          "hasWarnings": false,
          "hasSafe": false,
          "hasConflicts": false,
          "violations": [],
          "warnings": [],
          "safe": [],
          "conflicts": []
        },
        "TODReceiver": {
          "completed": true,
          "hasViolations": false,
          "hasWarnings": false,
          "hasSafe": false,
          "hasConflicts": false,
          "violations": [],
          "warnings": [],
          "safe": [],
          "conflicts": []
        },
        "TODTransfer": {
          "completed": true,
          "hasViolations": false,
          "hasWarnings": false,
          "hasSafe": false,
          "hasConflicts": false,
          "violations": [],
          "warnings": [],
          "safe": [],
          "conflicts": []
        },
        "UnhandledException": {
          "completed": true,
          "hasViolations": false,
          "hasWarnings": false,
          "hasSafe": false,
          "hasConflicts": false,
          "violations": [],
          "warnings": [],
          "safe": [],
          "conflicts": []
        },
        "UnrestrictedEtherFlow": {
          "completed": true,
          "hasViolations": false,
          "hasWarnings": false,
          "hasSafe": false,
          "hasConflicts": false,
          "violations": [],
          "warnings": [],
          "safe": [],
          "conflicts": []
        }
      }
    }
  }
}