{
  "contract": "0x8e5ba37874d3cbed0def5eb91f4129eeff75d048",
  "tool": "securify",
  "start": 1563757964.45762,
  "end": 1563758124.7232373,
  "duration": 160.26561737060547,
  "analysis": {
    "0x8e5ba37874d3cbed0def5eb91f4129eeff75d048": {
      "results": {
        "DAO": {
          "completed": true,
          "hasViolations": false,
          "hasWarnings": false,
          "hasSafe": false,
          "hasConflicts": false,
          "violations": [],
          "warnings": [],
          "safe": [],
          "conflicts": []
        },
        "DAOConstantGas": {
          "completed": true,
          "hasViolations": false,
          "hasWarnings": false,
          "hasSafe": false,
          "hasConflicts": false,
          "violations": [],
          "warnings": [],
          "safe": [],
          "conflicts": []
        },
        "MissingInputValidation": {
          "completed": true,
          "hasViolations": true,
          "hasWarnings": true,
          "hasSafe": true,
          "hasConflicts": false,
          "violations": [
            3427,
            3427,
            2038,
            3427,
            2038,
            3427,
            2038
          ],
          "warnings": [
            3284
          ],
          "safe": [
            2985,
            2985,
            2276,
            2985,
            2276,
            2280,
            2985,
            2276,
            2280,
            3422,
            2985,
            2276,
            2280,
            3422,
            2964,
            2985,
            2276,
            2280,
            3422,
            2964,
            2033,
            2985,
            2276,
            2280,
            3422,
            2964,
            2033,
            2299,
            2985,
            2276,
            2280,
            3422,
            2964,
            2033,
            2299,
            2019,
            2985,
            2276,
            2280,
            3422,
            2964,
            2033,
            2299,
            2019,
            2985,
            2276,
            2280,
            3422,
            2964,
            2033,
            2299,
            2019,
            2985,
            2276,
            2280,
            3422,
            2964,
            2033,
            2299,
            2019,
            2562,
            2985,
            2276,
            2280,
            3422,
            2964,
            2033,
            2299,
            2019,
            2562
          ],
          "conflicts": []
        },
        "TODAmount": {
          "completed": true,
          "hasViolations": false,
          "hasWarnings": false,
          "hasSafe": false,
          "hasConflicts": false,
          "violations": [],
          "warnings": [],
          "safe": [],
          "conflicts": []
        },
        "TODReceiver": {
          "completed": true,
          "hasViolations": false,
          "hasWarnings": false,
          "hasSafe": false,
          "hasConflicts": false,
          "violations": [],
          "warnings": [],
          "safe": [],
          "conflicts": []
        },
        "TODTransfer": {
          "completed": true,
          "hasViolations": false,
          "hasWarnings": false,
          "hasSafe": false,
          "hasConflicts": false,
          "violations": [],
          "warnings": [],
          "safe": [],
          "conflicts": []
        },
        "UnhandledException": {
          "completed": true,
          "hasViolations": false,
          "hasWarnings": false,
          "hasSafe": false,
          "hasConflicts": false,
          "violations": [],
          "warnings": [],
          "safe": [],
          "conflicts": []
        },
        "UnrestrictedEtherFlow": {
          "completed": true,
          "hasViolations": false,
          "hasWarnings": false,
          "hasSafe": false,
          "hasConflicts": false,
          "violations": [],
          "warnings": [],
          "safe": [],
          "conflicts": []
        }
      }
    }
  }
}