{
  "contract": "0x67a8c7edadd6827056f489abdff85fb5a4b2182c",
  "tool": "securify",
  "start": 1563427896.46772,
  "end": 1563429698.262926,
  "duration": 1801.7952060699463,
  "analysis": {
    "0x67a8c7edadd6827056f489abdff85fb5a4b2182c": {
      "results": {
        "DAO": {
          "completed": true,
          "hasViolations": false,
          "hasWarnings": false,
          "hasSafe": false,
          "hasConflicts": false,
          "violations": [],
          "warnings": [],
          "safe": [],
          "conflicts": []
        },
        "DAOConstantGas": {
          "completed": true,
          "hasViolations": false,
          "hasWarnings": false,
          "hasSafe": false,
          "hasConflicts": false,
          "violations": [],
          "warnings": [],
          "safe": [],
          "conflicts": []
        },
        "MissingInputValidation": {
          "completed": true,
          "hasViolations": true,
          "hasWarnings": true,
          "hasSafe": true,
          "hasConflicts": false,
          "violations": [
            1798,
            1479,
            1645,
            1963,
            2012,
            1847,
            2190,
            2293,
            236,
            867,
            1798,
            1479,
            1645,
            1963,
            2012,
            1847,
            2190,
            2293,
            236,
            867,
            849,
            1798,
            1479,
            1645,
            1963,
            2012,
            1847,
            2190,
            2293,
            236,
            867,
            849,
            1798,
            1479,
            1645,
            1963,
            2012,
            1847,
            2190,
            2293,
            236,
            867,
            849,
            894,
            1798,
            1479,
            1645,
            1963,
            2012,
            1847,
            2190,
            2293,
            236,
            867,
            849,
            894,
            1033,
            1798,
            1479,
            1645,
            1963,
            2012,
            1847,
            2190,
            2293,
            236,
            867,
            849,
            894,
            1033,
            1798,
            1479,
            1645,
            1963,
            2012,
            1847,
            2190,
            2293,
            236,
            867,
            849,
            894,
            1033,
            616
          ],
          "warnings": [
            1342,
            1342,
            1342,
            1342,
            1342,
            1342,
            479,
            1342,
            479
          ],
          "safe": [
            2549,
            1474,
            1790,
            2260,
            1663,
            2316,
            1942,
            1321,
            2235,
            1928,
            2176,
            2246,
            1874,
            1667,
            222,
            168,
            285,
            2549,
            1474,
            1790,
            2260,
            1663,
            2316,
            1942,
            1321,
            2235,
            1928,
            2176,
            2246,
            1874,
            1667,
            222,
            168,
            285,
            2549,
            1474,
            1790,
            2260,
            1663,
            2316,
            1942,
            1321,
            2235,
            1928,
            2176,
            2246,
            1874,
            1667,
            222,
            168,
            285,
            611,
            2549,
            1474,
            1790,
            2260,
            1663,
            2316,
            1942,
            1321,
            2235,
            1928,
            2176,
            2246,
            1874,
            1667,
            222,
            168,
            285,
            611,
            2549,
            1474,
            1790,
            2260,
            1663,
            2316,
            1942,
            1321,
            2235,
            1928,
            2176,
            2246,
            1874,
            1667,
            222,
            168,
            285,
            611,
            2549,
            1474,
            1790,
            2260,
            1663,
            2316,
            1942,
            1321,
            2235,
            1928,
            2176,
            2246,
            1874,
            1667,
            222,
            168,
            285,
            611,
            2549,
            1474,
            1790,
            2260,
            1663,
            2316,
            1942,
            1321,
            2235,
            1928,
            2176,
            2246,
            1874,
            1667,
            222,
            168,
            285,
            611
          ],
          "conflicts": []
        },
        "TODAmount": {
          "completed": true,
          "hasViolations": false,
          "hasWarnings": false,
          "hasSafe": false,
          "hasConflicts": false,
          "violations": [],
          "warnings": [],
          "safe": [],
          "conflicts": []
        },
        "TODReceiver": {
          "completed": true,
          "hasViolations": false,
          "hasWarnings": false,
          "hasSafe": false,
          "hasConflicts": false,
          "violations": [],
          "warnings": [],
          "safe": [],
          "conflicts": []
        },
        "TODTransfer": {
          "completed": true,
          "hasViolations": false,
          "hasWarnings": false,
          "hasSafe": false,
          "hasConflicts": false,
          "violations": [],
          "warnings": [],
          "safe": [],
          "conflicts": []
        },
        "UnhandledException": {
          "completed": true,
          "hasViolations": false,
          "hasWarnings": false,
          "hasSafe": false,
          "hasConflicts": false,
          "violations": [],
          "warnings": [],
          "safe": [],
          "conflicts": []
        },
        "UnrestrictedEtherFlow": {
          "completed": true,
          "hasViolations": false,
          "hasWarnings": false,
          "hasSafe": false,
          "hasConflicts": false,
          "violations": [],
          "warnings": [],
          "safe": [],
          "conflicts": []
        }
      }
    }
  }
}