{
  "contract": "0x41ff0796a6c7a201476bff53c4cb2c48b084e5e0",
  "tool": "securify",
  "start": 1563484205.651003,
  "end": 1563484675.6194057,
  "duration": 469.9684028625488,
  "analysis": {
    "0x41ff0796a6c7a201476bff53c4cb2c48b084e5e0": {
      "results": {
        "DAO": {
          "completed": true,
          "hasViolations": false,
          "hasWarnings": false,
          "hasSafe": false,
          "hasConflicts": false,
          "violations": [],
          "warnings": [],
          "safe": [],
          "conflicts": []
        },
        "DAOConstantGas": {
          "completed": true,
          "hasViolations": false,
          "hasWarnings": false,
          "hasSafe": true,
          "hasConflicts": false,
          "violations": [],
          "warnings": [],
          "safe": [
            4278,
            4368,
            4278,
            4368,
            4278,
            4368,
            4278,
            4368,
            4278,
            4368,
            4278,
            4368,
            4278,
            4368,
            4278,
            4368,
            4278,
            4368,
            4278,
            4368,
            4278,
            4368,
            4278,
            4368,
            4278,
            4368,
            4278,
            4368,
            4278,
            4368,
            4278,
            4368,
            4278,
            4368,
            4278,
            4368,
            4278,
            4368,
            4278,
            4368,
            4278,
            4368,
            4278,
            4368,
            4278,
            4368,
            4278,
            4368,
            4278,
            4368,
            4278,
            4368,
            4278,
            4368,
            4278,
            4368,
            4278,
            4368,
            4278,
            4368,
            4278,
            4368,
            4278,
            4368,
            4278,
            4368,
            4278,
            4368,
            4278,
            4368,
            4278,
            4368,
            4278,
            4368,
            4278,
            4368,
            4278,
            4368
          ],
          "conflicts": []
        },
        "MissingInputValidation": {
          "completed": true,
          "hasViolations": true,
          "hasWarnings": true,
          "hasSafe": true,
          "hasConflicts": false,
          "violations": [
            1543,
            1543,
            1543,
            1543,
            1688,
            1543,
            1688,
            1543,
            1688,
            1543,
            1688,
            1390,
            1543,
            1688,
            1390,
            1543,
            1688,
            1390
          ],
          "warnings": [
            2006,
            2006,
            2006,
            2006,
            2006,
            2006,
            2006,
            2006,
            2006,
            1843,
            2006,
            1843
          ],
          "safe": [
            2311,
            2311,
            2325,
            2311,
            2325,
            2131,
            2311,
            2325,
            2131,
            2311,
            2325,
            2131,
            2311,
            2325,
            2131,
            1674,
            2311,
            2325,
            2131,
            1674,
            2189,
            2311,
            2325,
            2131,
            1674,
            2189,
            2311,
            2325,
            2131,
            1674,
            2189,
            1183,
            2311,
            2325,
            2131,
            1674,
            2189,
            1183,
            4218,
            2311,
            2325,
            2131,
            1674,
            2189,
            1183,
            4218,
            2311,
            2325,
            2131,
            1674,
            2189,
            1183,
            4218,
            2311,
            2325,
            2131,
            1674,
            2189,
            1183,
            4218,
            2103
          ],
          "conflicts": []
        },
        "TODAmount": {
          "completed": true,
          "hasViolations": false,
          "hasWarnings": true,
          "hasSafe": false,
          "hasConflicts": false,
          "violations": [],
          "warnings": [
            4278,
            4368,
            4278,
            4368,
            4278,
            4368,
            4278,
            4368,
            4278,
            4368,
            4278,
            4368,
            4278,
            4368,
            4278,
            4368,
            4278,
            4368,
            4278,
            4368,
            4278,
            4368,
            4278,
            4368,
            4278,
            4368,
            4278,
            4368,
            4278,
            4368,
            4278,
            4368,
            4278,
            4368,
            4278,
            4368,
            4278,
            4368,
            4278,
            4368,
            4278,
            4368,
            4278,
            4368,
            4278,
            4368,
            4278,
            4368,
            4278,
            4368,
            4278,
            4368,
            4278,
            4368,
            4278,
            4368,
            4278,
            4368,
            4278,
            4368,
            4278,
            4368,
            4278,
            4368,
            4278,
            4368,
            4278,
            4368
          ],
          "safe": [],
          "conflicts": []
        },
        "TODReceiver": {
          "completed": true,
          "hasViolations": false,
          "hasWarnings": true,
          "hasSafe": false,
          "hasConflicts": false,
          "violations": [],
          "warnings": [
            4278,
            4368,
            4278,
            4368,
            4278,
            4368,
            4278,
            4368,
            4278,
            4368,
            4278,
            4368,
            4278,
            4368,
            4278,
            4368,
            4278,
            4368,
            4278,
            4368,
            4278,
            4368,
            4278,
            4368,
            4278,
            4368,
            4278,
            4368,
            4278,
            4368,
            4278,
            4368,
            4278,
            4368,
            4278,
            4368,
            4278,
            4368,
            4278,
            4368,
            4278,
            4368,
            4278,
            4368,
            4278,
            4368,
            4278,
            4368,
            4278,
            4368,
            4278,
            4368,
            4278,
            4368,
            4278,
            4368,
            4278,
            4368,
            4278,
            4368,
            4278,
            4368,
            4278,
            4368,
            4278,
            4368,
            4278,
            4368
          ],
          "safe": [],
          "conflicts": []
        },
        "TODTransfer": {
          "completed": true,
          "hasViolations": false,
          "hasWarnings": true,
          "hasSafe": true,
          "hasConflicts": false,
          "violations": [],