{
  "contract": "0x8336358634b9bb707dea9245b7d08010306398e9",
  "tool": "securify",
  "start": 1563565737.7997742,
  "end": 1563567540.4183345,
  "duration": 1802.6185603141785,
  "analysis": {
    "0x8336358634b9bb707dea9245b7d08010306398e9": {
      "results": {
        "DAO": {
          "completed": true,
          "hasViolations": false,
          "hasWarnings": false,
          "hasSafe": false,
          "hasConflicts": false,
          "violations": [],
          "warnings": [],
          "safe": [],
          "conflicts": []
        },
        "DAOConstantGas": {
          "completed": true,
          "hasViolations": false,
          "hasWarnings": false,
          "hasSafe": false,
          "hasConflicts": false,
          "violations": [],
          "warnings": [],
          "safe": [],
          "conflicts": []
        },
        "MissingInputValidation": {
          "completed": true,
          "hasViolations": true,
          "hasWarnings": false,
          "hasSafe": true,
          "hasConflicts": false,
          "violations": [
            429,
            572,
            1113,
            1076,
            938,
            646,
            2820,
            2362,
            2137,
            2316,
            1549,
            2548,
            1675,
            2164,
            1841,
            1859,
            2727,
            1643,
            2657,
            2625,
            922,
            429,
            572,
            1113,
            1076,
            938,
            646,
            2820,
            2362,
            2137,
            2316,
            1549,
            2548,
            1675,
            2164,
            1841,
            1859,
            2727,
            1643,
            2657,
            2625,
            922,
            429,
            572,
            1113,
            1076,
            938,
            646,
            2820,
            2362,
            2137,
            2316,
            1549,
            2548,
            1675,
            2164,
            1841,
            1859,
            2727,
            1643,
            2657,
            2625,
            922,
            429,
            572,
            1113,
            1076,
            938,
            646,
            2820,
            2362,
            2137,
            2316,
            1549,
            2548,
            1675,
            2164,
            1841,
            1859,
            2727,
            1643,
            2657,
            2625,
            922,
            429,
            572,
            1113,
            1076,
            938,
            646,
            2820,
            2362,
            2137,
            2316,
            1549,
            2548,
            1675,
            2164,
            1841,
            1859,
            2727,
            1643,
            2657,
            2625,
            922
          ],
          "warnings": [],
          "safe": [
            669,
            415,
            604,
            275,
            567,
            784,
            1145,
            632,
            1281,
            798,
            492,
            1210,
            1108,
            2941,
            2801,
            2302,
            2534,
            2806,
            1827,
            1544,
            2394,
            1404,
            3085,
            1813,
            2876,
            1997,
            2348,
            1661,
            3012,
            2620,
            58,
            669,
            415,
            604,
            275,
            567,
            784,
            1145,
            632,
            1281,
            798,
            492,
            1210,
            1108,
            2941,
            2801,
            2302,
            2534,
            2806,
            1827,
            1544,
            2394,
            1404,
            3085,
            1813,
            2876,
            1997,
            2348,
            1661,
            3012,
            2620,
            58,
            954,
            669,
            415,
            604,
            275,
            567,
            784,
            1145,
            632,
            1281,
            798,
            492,
            1210,
            1108,
            2941,
            2801,
            2302,
            2534,
            2806,
            1827,
            1544,
            2394,
            1404,
            3085,
            1813,
            2876,
            1997,
            2348,
            1661,
            3012,
            2620,
            58,
            954,
            1108,
            669,
            415,
            604,
            275,
            567,
            784,
            1145,
            632,
            1281,
            798,
            492,
            1210,
            1108,
            2941,
            2801,
            2302,
            2534,
            2806,
            1827,
            1544,
            2394,
            1404,
            3085,
            1813,
            2876,
            1997,
            2348,
            1661,
            3012,
            2620,
            58,
            954,
            1108,
            492,
            669,
            415,
            604,
            275,
            567,
            784,
            1145,
            632,
            1281,
            798,
            492,
            1210,
            1108,
            2941,
            2801,
            2302,
            2534,
            2806,
            1827,
            1544,
            2394,
            1404,
            3085,
            1813,
            2876,
            1997,
            2348,
            1661,
            3012,
            2620,
            58,
            954,
            1108,
            492,
            1210
          ],
          "conflicts": []
        },
        "TODAmount": {
          "completed": true,
          "hasViolations": false,
          "hasWarnings": false,
          "hasSafe": false,
          "hasConflicts": false,
          "violations": [],
          "warnings": [],
          "safe": [],
          "conflicts": []
        },
        "TODReceiver": {
          "completed": true,
          "hasViolations": false,
          "hasWarnings": false,
          "hasSafe": false,
          "hasConflicts": false,
          "violations": [],
          "warnings": [],
          "safe": [],
          "conflicts": []
        },
        "TODTransfer": {
          "completed": true,
          "hasViolations": false,
          "hasWarnings": false,
          "hasSafe": false,
          "hasConflicts": false,
          "violations": [],
          "warnings": [],
          "safe": [],
          "conflicts": []
        },
        "UnhandledException": {
          "completed": true,
          "hasViolations": false,
          "hasWarnings": false,
          "hasSafe": true,
          "hasConflicts": false,
          "violations": [],
          "warnings": [],