{
  "contract": "0x0c7b2c4aeced9abde374181e7c5926ac0b4548ed",
  "tool": "securify",
  "start": 1563642557.072682,
  "end": 1563642631.4034412,
  "duration": 74.3307592868805,
  "analysis": {
    "0x0c7b2c4aeced9abde374181e7c5926ac0b4548ed": {
      "results": {
        "DAO": {
          "completed": true,
          "hasViolations": false,
          "hasWarnings": false,
          "hasSafe": false,
          "hasConflicts": false,
          "violations": [],
          "warnings": [],
          "safe": [],
          "conflicts": []
        },
        "DAOConstantGas": {
          "completed": true,
          "hasViolations": false,
          "hasWarnings": false,
          "hasSafe": false,
          "hasConflicts": false,
          "violations": [],
          "warnings": [],
          "safe": [],
          "conflicts": []
        },
        "LockedEther": {
          "completed": true,
          "hasViolations": false,
          "hasWarnings": false,
          "hasSafe": true,
          "hasConflicts": false,
          "violations": [],
          "warnings": [],
          "safe": [
            1
          ],
          "conflicts": []
        },
        "MissingInputValidation": {
          "completed": true,
          "hasViolations": true,
          "hasWarnings": true,
          "hasSafe": true,
          "hasConflicts": false,
          "violations": [
            915,
            915,
            915,
            915,
            915,
            952,
            915,
            952,
            915,
            952,
            1280,
            915,
            952,
            1280,
            1231,
            915,
            952,
            1280,
            1231,
            915,
            952,
            1280,
            1231,
            879,
            915,
            952,
            1280,
            1231,
            879
          ],
          "warnings": [
            1316,
            1316,
            1316,
            1316,
            1316,
            1316,
            1316,
            1316,
            975,
            1316,
            975,
            1316,
            975
          ],
          "safe": [
            865,
            865,
            1572,
            865,
            1572,
            865,
            1572,
            938,
            865,
            1572,
            938,
            865,
            1572,
            938,
            865,
            1572,
            938,
            865,
            1572,
            938,
            865,
            1572,
            938,
            1687
          ],
          "conflicts": []
        },
        "RepeatedCall": {
          "completed": true,
          "hasViolations": false,
          "hasWarnings": false,
          "hasSafe": false,
          "hasConflicts": false,
          "violations": [],
          "warnings": [],
          "safe": [],
          "conflicts": []
        },
        "TODAmount": {
          "completed": true,
          "hasViolations": false,
          "hasWarnings": false,
          "hasSafe": false,
          "hasConflicts": false,
          "violations": [],
          "warnings": [],
          "safe": [],
          "conflicts": []
        },
        "TODReceiver": {
          "completed": true,
          "hasViolations": false,
          "hasWarnings": false,
          "hasSafe": false,
          "hasConflicts": false,
          "violations": [],
          "warnings": [],
          "safe": [],
          "conflicts": []
        },
        "UnhandledException": {
          "completed": true,
          "hasViolations": false,
          "hasWarnings": false,
          "hasSafe": false,
          "hasConflicts": false,
          "violations": [],
          "warnings": [],
          "safe": [],
          "conflicts": []
        },
        "UnrestrictedEtherFlow": {
          "completed": true,
          "hasViolations": false,
          "hasWarnings": false,
          "hasSafe": false,
          "hasConflicts": false,
          "violations": [],
          "warnings": [],
          "safe": [],
          "conflicts": []
        },
        "UnrestrictedWrite": {
          "completed": true,
          "hasViolations": true,
          "hasWarnings": false,
          "hasSafe": false,
          "hasConflicts": true,
          "violations": [
            1465,
            1526,
            1465,
            1526,
            1465,
            1526,
            1465,
            1526,
            1465,
            1526,
            1465,
            1526,
            1465,
            1526,
            1465,
            1526,
            1124,
            1185,
            1465,
            1526,
            1124,
            1185,
            1465,
            1526,
            1124,
            1185
          ],
          "warnings": [],
          "safe": [],
          "conflicts": [
            1663,
            1684,
            1663,
            1684,
            1663,
            1684,
            1663,
            1684,
            1663,
            1684,
            1276,
            1663,
            1684,
            1276,
            1663,
            1684,
            1276,
            1663,
            1684,
            1276,
            1748
          ]
        }
      }
    }
  }
}