{
  "contract": "0x47333a2dfc39ca1802c4220d8fc8db830abea5b6",
  "tool": "securify",
  "start": 1563501789.5946865,
  "end": 1563502011.5267184,
  "duration": 221.9320318698883,
  "analysis": {
    "0x47333a2dfc39ca1802c4220d8fc8db830abea5b6": {
      "results": {
        "DAO": {
          "completed": true,
          "hasViolations": false,
          "hasWarnings": false,
          "hasSafe": true,
          "hasConflicts": false,
          "violations": [],
          "warnings": [],
          "safe": [
            1560,
            1560,
            1560,
            1560,
            1560,
            1560,
            1560,
            1560,
            1560,
            1560,
            1560,
            1560,
            1560
          ],
          "conflicts": []
        },
        "DAOConstantGas": {
          "completed": true,
          "hasViolations": false,
          "hasWarnings": false,
          "hasSafe": false,
          "hasConflicts": false,
          "violations": [],
          "warnings": [],
          "safe": [],
          "conflicts": []
        },
        "MissingInputValidation": {
          "completed": true,
          "hasViolations": true,
          "hasWarnings": true,
          "hasSafe": true,
          "hasConflicts": false,
          "violations": [
            1907,
            1907,
            1743,
            1907,
            1743,
            1907,
            1743,
            1907,
            1743,
            2688
          ],
          "warnings": [
            2562,
            2562,
            2628,
            2562,
            2628,
            2562,
            2628,
            2562,
            2628,
            2562,
            2628,
            2562,
            2628
          ],
          "safe": [
            2420,
            2420,
            2439,
            2420,
            2439,
            2397,
            2420,
            2439,
            2397,
            2420,
            2439,
            2397,
            2420,
            2439,
            2397,
            2420,
            2439,
            2397,
            2420,
            2439,
            2397,
            2425,
            2420,
            2439,
            2397,
            2425,
            1957,
            2420,
            2439,
            2397,
            2425,
            1957
          ],
          "conflicts": []
        },
        "TODAmount": {
          "completed": true,
          "hasViolations": false,
          "hasWarnings": true,
          "hasSafe": false,
          "hasConflicts": false,
          "violations": [],
          "warnings": [
            1560,
            1560,
            1560,
            1560,
            1560,
            1560,
            1560,
            1560,
            1560,
            1560,
            1560,
            1560,
            1560
          ],
          "safe": [],
          "conflicts": []
        },
        "TODReceiver": {
          "completed": true,
          "hasViolations": false,
          "hasWarnings": true,
          "hasSafe": false,
          "hasConflicts": false,
          "violations": [],
          "warnings": [
            1560,
            1560,
            1560,
            1560,
            1560,
            1560,
            1560,
            1560,
            1560,
            1560,
            1560,
            1560,
            1560
          ],
          "safe": [],
          "conflicts": []
        },
        "TODTransfer": {
          "completed": true,
          "hasViolations": false,
          "hasWarnings": false,
          "hasSafe": true,
          "hasConflicts": false,
          "violations": [],
          "warnings": [],
          "safe": [
            1560,
            1560,
            1560,
            1560,
            1560,
            1560,
            1560,
            1560,
            1560,
            1560,
            1560,
            1560,
            1560
          ],
          "conflicts": []
        },
        "UnhandledException": {
          "completed": true,
          "hasViolations": false,
          "hasWarnings": false,
          "hasSafe": true,
          "hasConflicts": false,
          "violations": [],
          "warnings": [],
          "safe": [
            1560,
            1560,
            1560,
            1560,
            1560,
            1560,
            1560,
            1560,
            1560,
            1560,
            1560,
            1560,
            1560
          ],
          "conflicts": []
        },
        "UnrestrictedEtherFlow": {
          "completed": true,
          "hasViolations": false,
          "hasWarnings": true,
          "hasSafe": false,
          "hasConflicts": false,
          "violations": [],
          "warnings": [
            1560,
            1560,
            1560,
            1560,
            1560,
            1560,
            1560,
            1560,
            1560,
            1560,
            1560,
            1560,
            1560
          ],
          "safe": [],
          "conflicts": []
        }
      }
    }
  }
}