{
  "contract": "0x4809636de40c44f212359388f0063b5e9a320458",
  "tool": "securify",
  "start": 1563560747.3239274,
  "end": 1563562550.293966,
  "duration": 1802.97003865242,
  "analysis": {
    "0x4809636de40c44f212359388f0063b5e9a320458": {
      "results": {
        "DAO": {
          "completed": true,
          "hasViolations": false,
          "hasWarnings": false,
          "hasSafe": true,
          "hasConflicts": false,
          "violations": [],
          "warnings": [],
          "safe": [
            2835,
            2372,
            2835,
            2835,
            2372,
            2835,
            2835,
            2372,
            2835,
            2835,
            2372,
            2835,
            2835,
            2372,
            2835,
            2835,
            2372,
            2835,
            2835,
            2372,
            2835,
            2835,
            2372,
            2835,
            2835,
            2372,
            2835,
            2835,
            2372,
            2835
          ],
          "conflicts": []
        },
        "DAOConstantGas": {
          "completed": true,
          "hasViolations": false,
          "hasWarnings": false,
          "hasSafe": false,
          "hasConflicts": false,
          "violations": [],
          "warnings": [],
          "safe": [],
          "conflicts": []
        },
        "MissingInputValidation": {
          "completed": true,
          "hasViolations": true,
          "hasWarnings": true,
          "hasSafe": true,
          "hasConflicts": false,
          "violations": [
            1684,
            1711,
            1456,
            2398,
            1375,
            2097,
            129,
            168,
            1072,
            1684,
            1711,
            1456,
            2398,
            1375,
            2097,
            129,
            168,
            1072,
            1684,
            1711,
            1456,
            2398,
            1375,
            2097,
            129,
            168,
            1072,
            1684,
            1711,
            1456,
            2398,
            1375,
            2097,
            129,
            168,
            1072,
            1210,
            1684,
            1711,
            1456,
            2398,
            1375,
            2097,
            129,
            168,
            1072,
            1210,
            1684,
            1711,
            1456,
            2398,
            1375,
            2097,
            129,
            168,
            1072,
            1210,
            798,
            1684,
            1711,
            1456,
            2398,
            1375,
            2097,
            129,
            168,
            1072,
            1210,
            798,
            1684,
            1711,
            1456,
            2398,
            1375,
            2097,
            129,
            168,
            1072,
            1210,
            798,
            1322,
            1684,
            1711,
            1456,
            2398,
            1375,
            2097,
            129,
            168,
            1072,
            1210,
            798,
            1322,
            1187
          ],
          "warnings": [
            2142,
            2057,
            2037,
            2142,
            2057,
            2037,
            2142,
            2057,
            2037,
            2142,
            2057,
            2037,
            2142,
            2057,
            2037,
            2142,
            2057,
            2037,
            2142,
            2057,
            2037,
            2142,
            2057,
            2037,
            2142,
            2057,
            2037
          ],
          "safe": [
            2671,
            1451,
            1572,
            2462,
            1914,
            2654,
            1577,
            1252,
            167,
            2671,
            1451,
            1572,
            2462,
            1914,
            2654,
            1577,
            1252,
            167,
            608,
            2671,
            1451,
            1572,
            2462,
            1914,
            2654,
            1577,
            1252,
            167,
            608,
            1173,
            2671,
            1451,
            1572,
            2462,
            1914,
            2654,
            1577,
            1252,
            167,
            608,
            1173,
            2671,
            1451,
            1572,
            2462,
            1914,
            2654,
            1577,
            1252,
            167,
            608,
            1173,
            1345,
            2671,
            1451,
            1572,
            2462,
            1914,
            2654,
            1577,
            1252,
            167,
            608,
            1173,
            1345,
            2671,
            1451,
            1572,
            2462,
            1914,
            2654,
            1577,
            1252,
            167,
            608,
            1173,
            1345,
            910,
            2671,
            1451,
            1572,
            2462,
            1914,
            2654,
            1577,
            1252,
            167,
            608,
            1173,
            1345,
            910,
            2671,
            1451,
            1572,
            2462,
            1914,
            2654,
            1577,
            1252,
            167,
            608,
            1173,
            1345,
            910
          ],
          "conflicts": []
        },
        "TODAmount": {
          "completed": true,
          "hasViolations": false,
          "hasWarnings": true,
          "hasSafe": false,
          "hasConflicts": false,
          "violations": [],
          "warnings": [
            2835,
            2372,
            2835,
            2835,
            2372,
            2835,
            2835,
            2372,
            2835,
            2835,
            2372,
            2835,
            2835,
            2372,
            2835,
            2835,
            2372,
            2835,
            2835,
            2372,
            2835,
            2835,
            2372,
            2835,
            2835,
            2372,
            2835
          ],
          "safe": [],
          "conflicts": []
        },
        "TODReceiver": {
          "completed": true,
          "hasViolations": false,
          "hasWarnings": true,
          "hasSafe": false,
          "hasConflicts": false,
          "violations": [],
          "warnings": [
            2835,
            2372,
            2835,
            2835,
            2372,
            2835,
            2835,
            2372,
            2835,
            2835,
            2372,
            2835,
            2835,
            2372,
            2835,
            2835,
            2372,
            2835,
            2835,
            2372,
            2835,
            2835,
            2372,
            2835,
            2835,
            2372,
            2835
          ],
          "safe": [],
          "conflicts": []
        },
        "TODTransfer": {
          "completed": true,
          "hasViolations": false,
          "hasWarnings": false,
          "hasSafe": true,
          "hasConflicts": false,
          "violations": [],
          "warnings": [],