{
  "contract": "0xeda8b016efa8b1161208cf041cd86972eee0f31e",
  "tool": "securify",
  "start": 1563474497.8613534,
  "end": 1563476300.7745626,
  "duration": 1802.9132091999054,
  "analysis": {
    "0xeda8b016efa8b1161208cf041cd86972eee0f31e": {
      "results": {
        "DAO": {
          "completed": true,
          "hasViolations": false,
          "hasWarnings": false,
          "hasSafe": false,
          "hasConflicts": false,
          "violations": [],
          "warnings": [],
          "safe": [],
          "conflicts": []
        },
        "DAOConstantGas": {
          "completed": true,
          "hasViolations": false,
          "hasWarnings": false,
          "hasSafe": true,
          "hasConflicts": false,
          "violations": [],
          "warnings": [],
          "safe": [
            4139,
            4139,
            4139,
            4139,
            4139,
            4139,
            4139,
            4139,
            4139,
            4139
          ],
          "conflicts": []
        },
        "MissingInputValidation": {
          "completed": true,
          "hasViolations": true,
          "hasWarnings": true,
          "hasSafe": true,
          "hasConflicts": false,
          "violations": [
            533,
            286,
            388,
            1333,
            606,
            1685,
            687,
            1127,
            1534,
            503,
            960,
            1533,
            1041,
            1678,
            1556,
            1884,
            2403,
            2207,
            2358,
            290,
            1173,
            533,
            286,
            388,
            1333,
            606,
            1685,
            687,
            1127,
            1534,
            503,
            960,
            1533,
            1041,
            1678,
            1556,
            1884,
            2403,
            2207,
            2358,
            290,
            1173,
            1374,
            533,
            286,
            388,
            1333,
            606,
            1685,
            687,
            1127,
            1534,
            503,
            960,
            1533,
            1041,
            1678,
            1556,
            1884,
            2403,
            2207,
            2358,
            290,
            1173,
            1374,
            646,
            533,
            286,
            388,
            1333,
            606,
            1685,
            687,
            1127,
            1534,
            503,
            960,
            1533,
            1041,
            1678,
            1556,
            1884,
            2403,
            2207,
            2358,
            290,
            1173,
            1374,
            646,
            533,
            286,
            388,
            1333,
            606,
            1685,
            687,
            1127,
            1534,
            503,
            960,
            1533,
            1041,
            1678,
            1556,
            1884,
            2403,
            2207,
            2358,
            290,
            1173,
            1374,
            646,
            967,
            533,
            286,
            388,
            1333,
            606,
            1685,
            687,
            1127,
            1534,
            503,
            960,
            1533,
            1041,
            1678,
            1556,
            1884,
            2403,
            2207,
            2358,
            290,
            1173,
            1374,
            646,
            967,
            533,
            286,
            388,
            1333,
            606,
            1685,
            687,
            1127,
            1534,
            503,
            960,
            1533,
            1041,
            1678,
            1556,
            1884,
            2403,
            2207,
            2358,
            290,
            1173,
            1374,
            646,
            967,
            1525,
            533,
            286,
            388,
            1333,
            606,
            1685,
            687,
            1127,
            1534,
            503,
            960,
            1533,
            1041,
            1678,
            1556,
            1884,
            2403,
            2207,
            2358,
            290,
            1173,
            1374,
            646,
            967,
            1525,
            533,
            286,
            388,
            1333,
            606,
            1685,
            687,
            1127,
            1534,
            503,
            960,
            1533,
            1041,
            1678,
            1556,
            1884,
            2403,
            2207,
            2358,
            290,
            1173,
            1374,
            646,
            967,
            1525,
            565,
            533,
            286,
            388,
            1333,
            606,
            1685,
            687,
            1127,
            1534,
            503,
            960,
            1533,
            1041,
            1678,
            1556,
            1884,
            2403,
            2207,
            2358,
            290,
            1173,
            1374,
            646,
            967,
            1525,
            565
          ],
          "warnings": [
            1008,
            1360,
            2019,
            1362,
            1008,
            1360,
            2019,
            1362,
            1008,
            1360,
            2019,
            1362,
            1008,
            1360,
            2019,
            1362,
            1200,
            1008,
            1360,
            2019,
            1362,
            1200,
            1008,
            1360,
            2019,
            1362,
            1200,
            1008,
            1360,
            2019,
            1362,
            1200,
            1008,
            1360,
            2019,
            1362,
            1200,
            1008,
            1360,
            2019,
            1362,
            1200,
            1008,
            1360,
            2019,
            1362,
            1200
          ],