{
  "contract": "0x318bf186c7681ed7efd57839e6415cd8a162713c",
  "tool": "securify",
  "start": 1563401637.4063618,
  "end": 1563403440.0237148,
  "duration": 1802.617352962494,
  "analysis": {
    "0x318bf186c7681ed7efd57839e6415cd8a162713c": {
      "results": {
        "DAO": {
          "completed": true,
          "hasViolations": false,
          "hasWarnings": false,
          "hasSafe": false,
          "hasConflicts": false,
          "violations": [],
          "warnings": [],
          "safe": [],
          "conflicts": []
        },
        "DAOConstantGas": {
          "completed": true,
          "hasViolations": false,
          "hasWarnings": false,
          "hasSafe": true,
          "hasConflicts": false,
          "violations": [],
          "warnings": [],
          "safe": [
            1432,
            1776,
            1432,
            1776,
            1432,
            1776,
            1432,
            1776,
            1432,
            1776
          ],
          "conflicts": []
        },
        "MissingInputValidation": {
          "completed": true,
          "hasViolations": true,
          "hasWarnings": false,
          "hasSafe": true,
          "hasConflicts": false,
          "violations": [
            106,
            194,
            1002,
            1032,
            791,
            1311,
            1360,
            755,
            650,
            1328,
            106,
            194,
            1002,
            1032,
            791,
            1311,
            1360,
            755,
            650,
            1328,
            553,
            106,
            194,
            1002,
            1032,
            791,
            1311,
            1360,
            755,
            650,
            1328,
            553,
            604,
            106,
            194,
            1002,
            1032,
            791,
            1311,
            1360,
            755,
            650,
            1328,
            553,
            604,
            839,
            106,
            194,
            1002,
            1032,
            791,
            1311,
            1360,
            755,
            650,
            1328,
            553,
            604,
            839
          ],
          "warnings": [],
          "safe": [
            450,
            450,
            450,
            450,
            450,
            1007
          ],
          "conflicts": []
        },
        "TODAmount": {
          "completed": true,
          "hasViolations": true,
          "hasWarnings": true,
          "hasSafe": false,
          "hasConflicts": false,
          "violations": [
            1432,
            1432,
            1432,
            1432,
            1432
          ],
          "warnings": [
            1776,
            1776,
            1776,
            1776,
            1776
          ],
          "safe": [],
          "conflicts": []
        },
        "TODReceiver": {
          "completed": true,
          "hasViolations": false,
          "hasWarnings": true,
          "hasSafe": true,
          "hasConflicts": false,
          "violations": [],
          "warnings": [
            1432,
            1432,
            1432,
            1432,
            1432
          ],
          "safe": [
            1776,
            1776,
            1776,
            1776,
            1776
          ],
          "conflicts": []
        },
        "TODTransfer": {
          "completed": true,
          "hasViolations": false,
          "hasWarnings": false,
          "hasSafe": false,
          "hasConflicts": true,
          "violations": [],
          "warnings": [],
          "safe": [],
          "conflicts": [
            1432,
            1776,
            1432,
            1776,
            1432,
            1776,
            1432,
            1776,
            1432,
            1776
          ]
        },
        "UnhandledException": {
          "completed": true,
          "hasViolations": false,
          "hasWarnings": false,
          "hasSafe": true,
          "hasConflicts": false,
          "violations": [],
          "warnings": [],
          "safe": [
            1432,
            1776,
            1432,
            1776,
            1432,
            1776,
            1432,
            1776,
            1432,
            1776
          ],
          "conflicts": []
        },
        "UnrestrictedEtherFlow": {
          "completed": true,
          "hasViolations": false,
          "hasWarnings": true,
          "hasSafe": false,
          "hasConflicts": false,
          "violations": [],
          "warnings": [
            1432,
            1776,
            1432,
            1776,
            1432,
            1776,
            1432,
            1776,
            1432,
            1776
          ],
          "safe": [],
          "conflicts": []
        }
      }
    }
  }
}