{
  "contract": "0x003ffefefbc4a6f34a62a3ca7b7937a880065bcb",
  "tool": "securify",
  "start": 1563399698.3550603,
  "end": 1563401558.0057473,
  "duration": 1859.6506869792938,
  "analysis": {
    "0x003ffefefbc4a6f34a62a3ca7b7937a880065bcb": {
      "results": {
        "DAO": {
          "completed": true,
          "hasViolations": false,
          "hasWarnings": false,
          "hasSafe": false,
          "hasConflicts": false,
          "violations": [],
          "warnings": [],
          "safe": [],
          "conflicts": []
        },
        "DAOConstantGas": {
          "completed": true,
          "hasViolations": false,
          "hasWarnings": false,
          "hasSafe": true,
          "hasConflicts": false,
          "violations": [],
          "warnings": [],
          "safe": [
            3812,
            2918,
            3812,
            2918,
            3812,
            2918,
            3812,
            2918,
            3812,
            2918,
            3812,
            2918,
            3812,
            2918,
            3812,
            2918,
            3812,
            2918,
            3812,
            2918,
            3812,
            2918,
            3812,
            2918,
            3812,
            2918,
            3812,
            2918,
            3812,
            2918,
            3812,
            2918,
            3812,
            2918,
            3812,
            2918
          ],
          "conflicts": []
        },
        "MissingInputValidation": {
          "completed": true,
          "hasViolations": true,
          "hasWarnings": true,
          "hasSafe": true,
          "hasConflicts": false,
          "violations": [
            2346,
            2346,
            2346,
            1530,
            2346,
            1530,
            2346,
            1530,
            2346,
            1530,
            2346,
            1530,
            2346,
            1530,
            2346,
            1530,
            2664,
            2346,
            1530,
            2664,
            2346,
            1530,
            2664,
            2456,
            2346,
            1530,
            2664,
            2456,
            1989,
            2346,
            1530,
            2664,
            2456,
            1989,
            2346,
            1530,
            2664,
            2456,
            1989,
            1971,
            2346,
            1530,
            2664,
            2456,
            1989,
            1971,
            2346,
            1530,
            2664,
            2456,
            1989,
            1971,
            2346,
            1530,
            2664,
            2456,
            1989,
            1971,
            1614
          ],
          "warnings": [
            2329,
            2329,
            2329,
            2329,
            2329,
            2329,
            2329,
            2329
          ],
          "safe": [
            2691,
            2691,
            2691,
            1848,
            2691,
            1848,
            2691,
            1848,
            2192,
            2691,
            1848,
            2192,
            1606,
            2691,
            1848,
            2192,
            1606,
            1727,
            2691,
            1848,
            2192,
            1606,
            1727,
            1407,
            2691,
            1848,
            2192,
            1606,
            1727,
            1407,
            1741,
            2691,
            1848,
            2192,
            1606,
            1727,
            1407,
            1741,
            2691,
            1848,
            2192,
            1606,
            1727,
            1407,
            1741,
            2691,
            1848,
            2192,
            1606,
            1727,
            1407,
            1741,
            2691,
            1848,
            2192,
            1606,
            1727,
            1407,
            1741,
            2691,
            1848,
            2192,
            1606,
            1727,
            1407,
            1741,
            2702,
            2691,
            1848,
            2192,
            1606,
            1727,
            1407,
            1741,
            2702,
            2691,
            1848,
            2192,
            1606,
            1727,
            1407,
            1741,
            2702,
            2369,
            2691,
            1848,
            2192,
            1606,
            1727,
            1407,
            1741,
            2702,
            2369,
            1374,
            2691,
            1848,
            2192,
            1606,
            1727,
            1407,
            1741,
            2702,
            2369,
            1374
          ],
          "conflicts": []
        },
        "TODAmount": {
          "completed": true,
          "hasViolations": true,
          "hasWarnings": true,
          "hasSafe": false,
          "hasConflicts": false,
          "violations": [
            3812,
            3812,
            3812,
            3812,
            3812,
            3812,
            3812,
            3812,
            3812,
            3812,
            3812,
            3812,
            3812,
            3812,
            3812,
            3812,
            3812,
            3812
          ],
          "warnings": [
            2918,
            2918,
            2918,
            2918,
            2918,
            2918,
            2918,
            2918,
            2918,
            2918,
            2918,
            2918,
            2918,
            2918,
            2918,
            2918,
            2918,
            2918
          ],
          "safe": [],
          "conflicts": []
        },
        "TODReceiver": {
          "completed": true,
          "hasViolations": true,
          "hasWarnings": true,
          "hasSafe": false,
          "hasConflicts": false,
          "violations": [
            3812,
            3812,
            3812,
            3812,
            3812,
            3812,
            3812,
            3812,
            3812,
            3812,
            3812,
            3812,
            3812,
            3812,
            3812,
            3812,
            3812,
            3812
          ],
          "warnings": [
            2918,
            2918,
            2918,
            2918,
            2918,
            2918,
            2918,
            2918,
            2918,
            2918,
            2918,
            2918,
            2918,
            2918,
            2918,
            2918,
            2918,
            2918
          ],
          "safe": [],
          "conflicts": []
        },
        "TODTransfer": {
          "completed": true,
          "hasViolations": false,
          "hasWarnings": false,
          "hasSafe": false,
          "hasConflicts": true,
          "violations": [],
          "warnings": [],
          "safe": [],
          "conflicts": [
            3812,
            2918,
            3812,
            2918,
            3812,
            2918,
            3812,
            2918,
            3812,
            2918,
            3812,
            2918,
            3812,
            2918,
            3812,
            2918,
            3812,
            2918,
            3812,
            2918,
            3812,
            2918,
            3812,
            2918,
            3812,
            2918,
            3812,
            2918,
            3812,
            2918,
            3812,
            2918,
            3812,
            2918,
            3812,
            2918
          ]
        },
        "UnhandledException": {
          "completed": true,
          "hasViolations": false,
          "hasWarnings": false,
          "hasSafe": true,
          "hasConflicts": false,
          "violations": [],