{
  "contract": "0x935636cd4e6a52227c97e68fe2c299305bd6f705",
  "tool": "securify",
  "start": 1563462523.0002265,
  "end": 1563463390.1215813,
  "duration": 867.1213548183441,
  "analysis": {
    "0x935636cd4e6a52227c97e68fe2c299305bd6f705": {
      "results": {
        "DAO": {
          "completed": true,
          "hasViolations": false,
          "hasWarnings": false,
          "hasSafe": false,
          "hasConflicts": false,
          "violations": [],
          "warnings": [],
          "safe": [],
          "conflicts": []
        },
        "DAOConstantGas": {
          "completed": true,
          "hasViolations": false,
          "hasWarnings": false,
          "hasSafe": true,
          "hasConflicts": false,
          "violations": [],
          "warnings": [],
          "safe": [
            2678,
            2678,
            2678,
            2678,
            2678,
            2678,
            2678,
            2678,
            2678,
            2678,
            2678,
            2678
          ],
          "conflicts": []
        },
        "MissingInputValidation": {
          "completed": true,
          "hasViolations": true,
          "hasWarnings": true,
          "hasSafe": true,
          "hasConflicts": false,
          "violations": [
            2392,
            1847,
            1865,
            1553,
            2802,
            2700,
            1389,
            2369,
            1989,
            2600,
            1608,
            1931,
            2392,
            1847,
            1865,
            1553,
            2802,
            2700,
            1389,
            2369,
            1989,
            2600,
            1608,
            1931,
            2392,
            1847,
            1865,
            1553,
            2802,
            2700,
            1389,
            2369,
            1989,
            2600,
            1608,
            1931,
            2392,
            1847,
            1865,
            1553,
            2802,
            2700,
            1389,
            2369,
            1989,
            2600,
            1608,
            1931,
            2392,
            1847,
            1865,
            1553,
            2802,
            2700,
            1389,
            2369,
            1989,
            2600,
            1608,
            1931,
            1386,
            2392,
            1847,
            1865,
            1553,
            2802,
            2700,
            1389,
            2369,
            1989,
            2600,
            1608,
            1931,
            1386,
            1079,
            2392,
            1847,
            1865,
            1553,
            2802,
            2700,
            1389,
            2369,
            1989,
            2600,
            1608,
            1931,
            1386,
            1079,
            2392,
            1847,
            1865,
            1553,
            2802,
            2700,
            1389,
            2369,
            1989,
            2600,
            1608,
            1931,
            1386,
            1079,
            2392,
            1847,
            1865,
            1553,
            2802,
            2700,
            1389,
            2369,
            1989,
            2600,
            1608,
            1931,
            1386,
            1079,
            1134,
            2392,
            1847,
            1865,
            1553,
            2802,
            2700,
            1389,
            2369,
            1989,
            2600,
            1608,
            1931,
            1386,
            1079,
            1134,
            2392,
            1847,
            1865,
            1553,
            2802,
            2700,
            1389,
            2369,
            1989,
            2600,
            1608,
            1931,
            1386,
            1079,
            1134,
            2392,
            1847,
            1865,
            1553,
            2802,
            2700,
            1389,
            2369,
            1989,
            2600,
            1608,
            1931,
            1386,
            1079,
            1134,
            1368
          ],
          "warnings": [
            2358,
            2627,
            2358,
            2627,
            2358,
            2627,
            2358,
            2627,
            1712,
            2358,
            2627,
            1712,
            2358,
            2627,
            1712,
            2358,
            2627,
            1712,
            2358,
            2627,
            1712,
            2358,
            2627,
            1712,
            2358,
            2627,
            1712,
            2358,
            2627,
            1712,
            2358,
            2627,
            1712
          ],
          "safe": [
            2851,
            1603,
            1721,
            1735,
            2192,
            2197,
            2211,
            2334,
            1842,
            1430,
            2851,
            1603,
            1721,
            1735,
            2192,
            2197,
            2211,
            2334,
            1842,
            1430,
            1129,
            2851,
            1603,
            1721,
            1735,
            2192,
            2197,
            2211,
            2334,
            1842,
            1430,
            1129,
            1247,
            2851,
            1603,
            1721,
            1735,
            2192,
            2197,
            2211,
            2334,
            1842,
            1430,
            1129,
            1247,
            2851,
            1603,
            1721,
            1735,
            2192,
            2197,
            2211,
            2334,
            1842,
            1430,
            1129,
            1247,
            2851,
            1603,
            1721,
            1735,
            2192,
            2197,
            2211,
            2334,
            1842,
            1430,
            1129,
            1247,
            2851,
            1603,
            1721,
            1735,
            2192,
            2197,
            2211,
            2334,
            1842,
            1430,
            1129,
            1247,
            1589,
            2851,
            1603,
            1721,
            1735,
            2192,
            2197,
            2211,
            2334,
            1842,
            1430,
            1129,
            1247,
            1589,
            956,
            2851,
            1603,
            1721,
            1735,
            2192,
            2197,
            2211,
            2334,
            1842,
            1430,
            1129,
            1247,
            1589,
            956,
            2851,
            1603,
            1721,
            1735,
            2192,
            2197,
            2211,
            2334,
            1842,
            1430,
            1129,
            1247,
            1589,
            956,
            1261,
            2851,
            1603,
            1721,
            1735,
            2192,
            2197,
            2211,
            2334,
            1842,
            1430,
            1129,
            1247,
            1589,
            956,
            1261,
            1958,
            2851,
            1603,
            1721,
            1735,
            2192,
            2197,
            2211,
            2334,
            1842,
            1430,
            1129,
            1247,
            1589,
            956,
            1261,
            1958
          ],
          "conflicts": []
        },
        "TODAmount": {
          "completed": true,
          "hasViolations": false,
          "hasWarnings": true,
          "hasSafe": false,
          "hasConflicts": false,
          "violations": [],